

TREE # 1

  0  0.0000  17068.789988  x:  0.01434   0.07328   0.02941   0.04334   0.05780   0.07861   0.04926   0.02155   0.04402   0.07120   0.04703   0.02018   0.01125   0.02397   0.08955   0.07648   0.07439   0.07233   0.04058   0.07099   0.10879   0.03312   0.07302   0.01962   0.05460   0.02272   0.07601   0.07981   0.05891   0.09760   0.06144   0.03151   0.04792   0.01597   0.04973   0.06898   0.09619   0.09383   0.08949   0.01447   0.03537   0.10388   0.04072   0.03950   0.01936   0.04077   0.02631   0.05489   0.03825   0.05103   0.03146   0.10528   0.04819   0.10128   0.10576   0.07930   0.05933   0.03296   0.09756   0.02106   0.09905   0.02720   0.02541   0.10416   0.04277   0.07817   0.06615   0.10403   0.07924   0.04828   0.01438   0.07943   0.05290   0.05390   0.04305   0.04933   0.10008   0.10474   0.06979   0.02584   0.07162   0.09559   0.10866   0.03922   0.10875   0.02366   0.06209   0.06600   0.01466   0.08011   0.08260   0.04597   0.03887   0.03909   0.10906   0.04915   0.06651   0.04279   0.05713   0.02855   0.07986   0.05594   0.01859   0.06974   0.03414   0.03814   0.09927   0.02311   0.06497   0.05757   0.10019   0.07976   0.01945   0.04435   0.02171   0.02709   0.07819   0.05718   0.04528   0.09474   0.01050   0.01152   0.02248   0.07719   0.07977   0.09290   0.07619   0.09359   0.09146   0.05366   0.09332   0.02106   0.05061   0.06668   0.06399   0.01216   0.07133   0.08443   0.09682   0.08268   0.05528   0.02689   0.01492   0.03050   0.03138   0.09664   0.01236   0.02159   0.02394   0.09471   0.02576   0.05399   2.00000   0.90000   1.01391   1.75492   2.00000  
  1 99.0000  15380.341883  x:  0.06282   0.12703   0.06632   0.11447   0.08007   0.09932   0.13125   0.13704   0.07604   0.08051   0.05748   0.03315   0.01576   0.02949   0.09486   0.08074   0.08247   0.08203   0.05055   0.07374   0.11098   0.07039   0.07650   0.02951   0.07905   0.02860   0.10037   0.08136   0.07468   0.10009   0.06826   0.05359   0.06466   0.06572   0.07566   0.08348   0.10302   0.10039   0.08590   0.01709   0.04908   0.11634   0.04628   0.07162   0.05233   0.07017   0.03008   0.05601   0.05777   0.08096   0.03565   0.10969   0.04499   0.09812   0.10631   0.09629   0.06088   0.05809   0.09574   0.04243   0.10066   0.04696   0.02681   0.10106   0.04314   0.07954   0.06273   0.10473   0.07530   0.05743   0.01703   0.07488   0.05320   0.05001   0.03754   0.04882   0.10672   0.10438   0.06876   0.02174   0.06624   0.09143   0.10664   0.03680   0.10309   0.01792   0.06143   0.06735   0.00961   0.07707   0.07706   0.04174   0.03796   0.03458   0.10448   0.04408   0.06196   0.03957   0.05504   0.02697   0.07623   0.05357   0.03010   0.07061   0.04465   0.04045   0.10345   0.03134   0.06668   0.06056   0.09605   0.07482   0.02131   0.04169   0.06741   0.03053   0.08167   0.05547   0.05278   0.09316   0.01469   0.02739   0.03767   0.08033   0.08119   0.08812   0.07189   0.08847   0.08671   0.04999   0.08979   0.02127   0.05449   0.06454   0.07319   0.03368   0.06639   0.07940   0.10199   0.08250   0.05416   0.07536   0.13913   0.07513   0.05998   0.11185   0.09689   0.08400   0.08945   0.10403   0.08811   0.09365   2.00043   0.99999   0.99836   1.76326   1.99523  
  2 10401.3394  14204.935965  x:  0.15492   0.22924   0.13647   0.24967   0.12242   0.13872   0.28707   0.35642   0.13695   0.09823   0.07737   0.05784   0.02436   0.04000   0.10498   0.08886   0.09785   0.10049   0.06952   0.07898   0.11516   0.14123   0.08312   0.04832   0.12556   0.03977   0.14674   0.08430   0.10466   0.10483   0.08124   0.09557   0.09651   0.16024   0.12500   0.11108   0.11604   0.11289   0.07906   0.02208   0.07517   0.14007   0.05686   0.13269   0.11499   0.12608   0.03726   0.05815   0.09490   0.13787   0.04362   0.11809   0.03888   0.09210   0.10735   0.12863   0.06384   0.10590   0.09228   0.08306   0.10372   0.08452   0.02946   0.09515   0.04384   0.08216   0.05623   0.10607   0.06779   0.07484   0.02207   0.06623   0.05377   0.04260   0.02706   0.04785   0.11936   0.10370   0.06681   0.01393   0.05600   0.08353   0.10281   0.03218   0.09233   0.00700   0.06018   0.06992   0.00000   0.07128   0.06651   0.03369   0.03623   0.02601   0.09576   0.03443   0.05330   0.03345   0.05106   0.02398   0.06934   0.04907   0.05200   0.07226   0.06466   0.04483   0.11140   0.04701   0.06993   0.06626   0.08817   0.06542   0.02487   0.03663   0.15424   0.03707   0.08830   0.05222   0.06707   0.09015   0.02268   0.05756   0.06656   0.08631   0.08389   0.07901   0.06371   0.07872   0.07766   0.04301   0.08307   0.02168   0.06189   0.06048   0.09071   0.07460   0.05698   0.06981   0.11184   0.08217   0.05203   0.16746   0.37504   0.15992   0.11435   0.14078   0.25743   0.20253   0.21393   0.12177   0.20659   0.16906   2.00125   0.99631   0.96875   1.77916   1.98617  
  3 99410.9896  14096.641182  x:  0.15407   0.24125   0.14001   0.25547   0.12900   0.14704   0.28900   0.34706   0.14800   0.10449   0.08379   0.06167   0.02431   0.04159   0.11200   0.09376   0.10581   0.10918   0.07557   0.08053   0.11686   0.14660   0.08597   0.05176   0.13488   0.04121   0.16219   0.08640   0.11391   0.10542   0.08366   0.09993   0.10396   0.15753   0.13701   0.12094   0.12428   0.11968   0.07494   0.02459   0.08173   0.15115   0.05951   0.13827   0.11651   0.13302   0.03969   0.06000   0.09982   0.14827   0.04626   0.12398   0.03598   0.08939   0.10860   0.14169   0.06383   0.11211   0.08917   0.08701   0.10464   0.08920   0.02994   0.09245   0.04369   0.08456   0.05357   0.10853   0.06367   0.08123   0.02341   0.06112   0.05537   0.03904   0.02038   0.04702   0.12820   0.10372   0.06692   0.01112   0.04962   0.07902   0.10147   0.03103   0.08535   0.00000   0.06102   0.07300   0.00000   0.06898   0.05980   0.02953   0.03690   0.02179   0.09075   0.02876   0.04846   0.03142   0.05033   0.02433   0.06601   0.04779   0.05499   0.07247   0.07208   0.04552   0.11451   0.04664   0.07544   0.06765   0.08338   0.05973   0.02719   0.03465   0.15389   0.03969   0.09356   0.05056   0.07390   0.08898   0.02193   0.05713   0.06840   0.09039   0.08535   0.07348   0.05916   0.07273   0.07231   0.03988   0.07953   0.02022   0.06700   0.05726   0.09666   0.07456   0.05016   0.06298   0.11773   0.08306   0.05255   0.16662   0.36049   0.15893   0.11588   0.14766   0.24519   0.19614   0.21298   0.12579   0.20640   0.17653   2.00003   0.99635   0.94213   1.79139   1.98569  
  4 1610.6952  13972.348412  x:  0.15702   0.25952   0.14451   0.26713   0.13533   0.15838   0.30084   0.33949   0.15502   0.10505   0.08002   0.05854   0.01877   0.03636   0.11355   0.09414   0.10489   0.10573   0.06891   0.08105   0.11843   0.15332   0.08382   0.04604   0.13213   0.03462   0.15905   0.08194   0.11373   0.10523   0.08704   0.09939   0.10302   0.15855   0.13530   0.12081   0.12659   0.12110   0.06420   0.01483   0.07744   0.15450   0.05761   0.14306   0.11853   0.13711   0.03481   0.05879   0.09938   0.15083   0.04352   0.12941   0.03189   0.08481   0.10677   0.13929   0.05685   0.11413   0.07947   0.09042   0.10467   0.08889   0.02875   0.08713   0.04128   0.08700   0.04830   0.11264   0.05326   0.07518   0.01573   0.04839   0.05474   0.03541   0.00000   0.04345   0.13248   0.10118   0.06736   0.02455   0.03263   0.06702   0.09790   0.03217   0.06385   0.00000   0.06214   0.07474   0.00000   0.06597   0.03952   0.02485   0.03749   0.01815   0.07889   0.01699   0.03830   0.03488   0.05124   0.02503   0.05991   0.04804   0.05237   0.06766   0.06483   0.03917   0.11808   0.04441   0.07378   0.06801   0.07068   0.04312   0.02196   0.03012   0.16046   0.03501   0.09416   0.04288   0.07003   0.08461   0.02272   0.06065   0.06958   0.09134   0.08674   0.05807   0.04948   0.05593   0.05836   0.03857   0.07175   0.01487   0.06545   0.04832   0.09814   0.07601   0.02895   0.04175   0.12214   0.08408   0.05199   0.16956   0.34015   0.16399   0.12122   0.16121   0.22697   0.19155   0.21767   0.13355   0.21130   0.18776   1.99432   0.99638   0.85460   1.82046   1.98135  
  5 1535.4171  13815.528632  x:  0.16079   0.27895   0.14881   0.28011   0.14144   0.17048   0.31532   0.33208   0.16105   0.10473   0.07611   0.05568   0.01293   0.03145   0.11413   0.09380   0.10362   0.10200   0.06250   0.08135   0.11924   0.15993   0.08066   0.03928   0.12922   0.02708   0.15561   0.07628   0.11274   0.10454   0.09011   0.09836   0.10136   0.16004   0.13341   0.11983   0.12816   0.12174   0.05145   0.01669   0.07236   0.15726   0.05454   0.14766   0.12029   0.14094   0.03055   0.05742   0.09775   0.15295   0.03981   0.13474   0.02699   0.07894   0.10378   0.13609   0.04811   0.11605   0.06642   0.09352   0.10417   0.08779   0.02750   0.08020   0.03794   0.08907   0.04128   0.11660   0.03988   0.07024   0.01442   0.03229   0.05370   0.03118   0.00000   0.03880   0.13597   0.09711   0.06707   0.03408   0.00990   0.05135   0.09286   0.03234   0.03476   0.00000   0.06232   0.07575   0.00000   0.06202   0.01208   0.01960   0.03722   0.01381   0.06374   0.00347   0.02576   0.03759   0.05144   0.02473   0.05227   0.04756   0.04907   0.06178   0.05923   0.03238   0.12188   0.04116   0.07165   0.06796   0.05422   0.02125   0.02115   0.02596   0.16785   0.03054   0.09443   0.03314   0.06670   0.07917   0.02275   0.06379   0.07007   0.09128   0.08736   0.03774   0.03747   0.03366   0.04015   0.03730   0.06187   0.00910   0.06426   0.03681   0.09869   0.07746   0.00000   0.01275   0.12632   0.08439   0.05065   0.17334   0.31713   0.17082   0.12698   0.17602   0.20618   0.18723   0.22328   0.14184   0.21716   0.19899   1.98637   0.99641   0.73379   1.85647   1.97507  
  6 38931.9250  13755.847262  x:  0.16226   0.28648   0.15045   0.28514   0.14378   0.17517   0.32096   0.32923   0.16336   0.10460   0.07470   0.05465   0.01077   0.02969   0.11434   0.09366   0.10317   0.10065   0.06018   0.08145   0.11947   0.16245   0.07942   0.03674   0.12820   0.02425   0.15445   0.07410   0.11239   0.10423   0.09124   0.09796   0.10075   0.16060   0.13281   0.11952   0.12874   0.12194   0.04640   0.01616   0.07047   0.15835   0.05333   0.14944   0.12095   0.14242   0.02900   0.05690   0.09710   0.15382   0.03839   0.13677   0.02508   0.07662   0.10256   0.13497   0.04472   0.11681   0.06120   0.09469   0.10393   0.08736   0.02700   0.07744   0.03662   0.08984   0.03852   0.11807   0.03462   0.06841   0.01371   0.02610   0.05323   0.02953   0.00000   0.03695   0.13730   0.09545   0.06693   0.03801   0.00090   0.04517   0.09083   0.03233   0.02309   0.00000   0.06231   0.07608   0.00000   0.06047   0.00111   0.01764   0.03712   0.01224   0.05783   0.00000   0.02108   0.03857   0.05140   0.02459   0.04927   0.04733   0.04782   0.05947   0.05731   0.02983   0.12332   0.03981   0.07089   0.06792   0.04778   0.01265   0.02069   0.02429   0.17067   0.02892   0.09454   0.02933   0.06555   0.07702   0.02271   0.06496   0.07021   0.09121   0.08752   0.02971   0.03285   0.02487   0.03300   0.03677   0.05802   0.00696   0.06388   0.03227   0.09889   0.07797   0.00000   0.00109   0.12791   0.08445   0.05007   0.17481   0.30818   0.17350   0.12919   0.18174   0.19810   0.18559   0.22544   0.14503   0.21942   0.20328   1.98315   0.99643   0.68516   1.87050   1.97249  
  7 551498.4329  13750.093662  x:  0.16241   0.28729   0.15064   0.28567   0.14405   0.17567   0.32154   0.32892   0.16363   0.10459   0.07452   0.05452   0.01052   0.02946   0.11437   0.09366   0.10311   0.10048   0.05989   0.08147   0.11952   0.16274   0.07930   0.03646   0.12807   0.02393   0.15428   0.07387   0.11236   0.10421   0.09138   0.09792   0.10068   0.16066   0.13271   0.11948   0.12882   0.12198   0.04591   0.01647   0.07026   0.15847   0.05321   0.14963   0.12103   0.14258   0.02881   0.05684   0.09705   0.15390   0.03824   0.13700   0.02488   0.07639   0.10246   0.13483   0.04437   0.11689   0.06071   0.09483   0.10392   0.08732   0.02695   0.07718   0.03649   0.08993   0.03825   0.11825   0.03410   0.06819   0.01367   0.02546   0.05320   0.02936   0.00000   0.03677   0.13746   0.09531   0.06693   0.03839   0.00003   0.04456   0.09064   0.03236   0.02199   0.00000   0.06234   0.07612   0.00000   0.06033   0.00009   0.01742   0.03713   0.01209   0.05726   0.00020   0.02059   0.03871   0.05142   0.02459   0.04897   0.04734   0.04769   0.05924   0.05703   0.02954   0.12349   0.03969   0.07080   0.06793   0.04714   0.01181   0.02066   0.02413   0.17099   0.02871   0.09456   0.02895   0.06539   0.07681   0.02273   0.06510   0.07025   0.09123   0.08757   0.02893   0.03237   0.02402   0.03230   0.03672   0.05763   0.00672   0.06381   0.03182   0.09892   0.07804   0.00000   0.00000   0.12809   0.08448   0.05003   0.17496   0.30724   0.17377   0.12943   0.18236   0.19725   0.18540   0.22567   0.14538   0.21966   0.20377   1.98285   0.99643   0.68066   1.87193   1.97226  
  8 62700.9249  13749.867550  x:  0.16242   0.28735   0.15066   0.28571   0.14406   0.17571   0.32158   0.32889   0.16364   0.10459   0.07452   0.05451   0.01052   0.02946   0.11437   0.09365   0.10311   0.10047   0.05988   0.08147   0.11952   0.16276   0.07930   0.03644   0.12806   0.02392   0.15427   0.07386   0.11235   0.10421   0.09139   0.09792   0.10067   0.16066   0.13270   0.11947   0.12882   0.12198   0.04589   0.01649   0.07024   0.15847   0.05321   0.14965   0.12103   0.14259   0.02880   0.05684   0.09704   0.15391   0.03823   0.13701   0.02488   0.07638   0.10245   0.13481   0.04435   0.11689   0.06068   0.09484   0.10392   0.08731   0.02695   0.07716   0.03649   0.08994   0.03824   0.11826   0.03408   0.06818   0.01370   0.02549   0.05320   0.02936   0.00000   0.03676   0.13746   0.09530   0.06694   0.03843   0.00000   0.04454   0.09063   0.03236   0.02193   0.00000   0.06234   0.07613   0.00000   0.06032   0.00003   0.01744   0.03710   0.01209   0.05722   0.00020   0.02064   0.03871   0.05143   0.02459   0.04896   0.04733   0.04768   0.05923   0.05702   0.02953   0.12349   0.03968   0.07080   0.06793   0.04714   0.01181   0.02068   0.02413   0.17100   0.02871   0.09456   0.02894   0.06538   0.07680   0.02273   0.06511   0.07025   0.09122   0.08757   0.02891   0.03237   0.02403   0.03230   0.03672   0.05762   0.00673   0.06381   0.03181   0.09892   0.07803   0.00000   0.00000   0.12810   0.08448   0.05002   0.17497   0.30718   0.17378   0.12945   0.18240   0.19720   0.18539   0.22568   0.14540   0.21968   0.20380   1.98283   0.99643   0.68047   1.87200   1.97225  
  9 2776.9417  13749.800466  x:  0.16243   0.28737   0.15066   0.28572   0.14407   0.17572   0.32159   0.32889   0.16365   0.10459   0.07452   0.05451   0.01051   0.02946   0.11437   0.09365   0.10310   0.10047   0.05988   0.08147   0.11952   0.16276   0.07929   0.03644   0.12805   0.02392   0.15427   0.07385   0.11235   0.10421   0.09139   0.09792   0.10067   0.16066   0.13270   0.11947   0.12882   0.12198   0.04589   0.01650   0.07024   0.15847   0.05320   0.14965   0.12104   0.14259   0.02880   0.05684   0.09704   0.15390   0.03823   0.13702   0.02488   0.07638   0.10245   0.13481   0.04435   0.11689   0.06067   0.09484   0.10392   0.08731   0.02695   0.07716   0.03649   0.08994   0.03824   0.11827   0.03408   0.06818   0.01367   0.02550   0.05320   0.02936   0.00000   0.03676   0.13746   0.09530   0.06694   0.03843   0.00000   0.04454   0.09063   0.03236   0.02191   0.00000   0.06234   0.07613   0.00000   0.06031   0.00000   0.01743   0.03710   0.01209   0.05721   0.00020   0.02063   0.03871   0.05144   0.02458   0.04896   0.04733   0.04768   0.05922   0.05702   0.02953   0.12350   0.03967   0.07080   0.06792   0.04715   0.01182   0.02067   0.02413   0.17101   0.02871   0.09456   0.02894   0.06538   0.07680   0.02272   0.06511   0.07024   0.09122   0.08757   0.02891   0.03238   0.02404   0.03231   0.03672   0.05762   0.00673   0.06381   0.03180   0.09892   0.07803   0.00000   0.00000   0.12810   0.08448   0.05002   0.17497   0.30716   0.17379   0.12946   0.18242   0.19719   0.18539   0.22569   0.14541   0.21968   0.20381   1.98283   0.99643   0.68041   1.87201   1.97224  
 10 2344.4475  13707.472889  x:  0.16578   0.29953   0.15139   0.29370   0.14576   0.18389   0.33391   0.32312   0.16196   0.10266   0.07415   0.05405   0.00711   0.02712   0.11233   0.09224   0.10128   0.09967   0.06058   0.08169   0.12055   0.16433   0.07719   0.03488   0.12705   0.02461   0.15197   0.07196   0.11052   0.10460   0.09358   0.09735   0.09909   0.16275   0.13151   0.11792   0.12734   0.12091   0.04123   0.01488   0.06827   0.15724   0.05036   0.15149   0.12133   0.14310   0.02847   0.05688   0.09358   0.15286   0.03616   0.13959   0.02490   0.07547   0.10069   0.13241   0.04273   0.11699   0.05266   0.09560   0.10458   0.08586   0.02844   0.07504   0.03634   0.09123   0.03696   0.12125   0.03204   0.07090   0.01788   0.02544   0.05458   0.02956   0.00000   0.03549   0.13660   0.09231   0.06808   0.02902   0.00000   0.04280   0.08869   0.03186   0.00000   0.00000   0.06149   0.07927   0.00000   0.05560   0.00000   0.00937   0.03461   0.01124   0.04082   0.00209   0.00611   0.03768   0.06133   0.02395   0.04904   0.04256   0.04670   0.05677   0.05756   0.02812   0.12538   0.03770   0.06788   0.06553   0.05327   0.02303   0.01668   0.02484   0.17770   0.02548   0.09505   0.02718   0.06491   0.07324   0.02048   0.06584   0.06888   0.09026   0.08691   0.03108   0.03290   0.03817   0.04037   0.03594   0.05903   0.00509   0.05997   0.02931   0.09764   0.07883   0.00000   0.00000   0.12928   0.08482   0.04923   0.17832   0.28987   0.18113   0.13501   0.19522   0.18527   0.18606   0.22968   0.15268   0.22388   0.20929   1.97448   0.99645   0.64055   1.88561   1.96294  
 11 2156.0703  13669.943209  x:  0.16951   0.30944   0.14991   0.30119   0.14603   0.19155   0.34792   0.31747   0.15672   0.10077   0.07383   0.05364   0.00266   0.02312   0.11068   0.09121   0.10029   0.09951   0.05920   0.08200   0.12192   0.16450   0.07532   0.03399   0.12671   0.02452   0.15141   0.07080   0.10972   0.10551   0.09551   0.09791   0.09894   0.16563   0.13222   0.11749   0.12576   0.12000   0.03611   0.01087   0.06817   0.15590   0.04746   0.15308   0.12162   0.14359   0.02548   0.05609   0.08993   0.15292   0.03499   0.14206   0.02466   0.07483   0.09875   0.13158   0.04224   0.11786   0.04337   0.09630   0.10551   0.08590   0.02932   0.07332   0.03683   0.09183   0.03544   0.12373   0.02957   0.07062   0.01695   0.01083   0.05649   0.02853   0.00000   0.03496   0.13531   0.08908   0.06816   0.00927   0.00000   0.04151   0.08697   0.03212   0.00000   0.00000   0.06098   0.08277   0.00000   0.05122   0.00000   0.00827   0.04139   0.00661   0.02395   0.00337   0.01919   0.03874   0.06998   0.02464   0.04918   0.03863   0.04624   0.05403   0.05388   0.02410   0.12782   0.03930   0.06257   0.06210   0.05541   0.03217   0.01796   0.02545   0.18495   0.02130   0.09644   0.02459   0.06341   0.06943   0.01998   0.06626   0.06830   0.08996   0.08632   0.03352   0.02658   0.05108   0.04497   0.03526   0.05936   0.00000   0.05693   0.02786   0.09661   0.08103   0.00000   0.00000   0.12974   0.08537   0.04916   0.18206   0.27068   0.19091   0.14058   0.20819   0.17357   0.18888   0.23337   0.16000   0.22817   0.21233   1.96302   0.99646   0.60010   1.89962   1.94956  
 12 1664.7400  13669.943209  x:  0.16951   0.30944   0.14991   0.30119   0.14603   0.19155   0.34792   0.31747   0.15672   0.10077   0.07383   0.05364   0.00266   0.02312   0.11068   0.09121   0.10029   0.09951   0.05920   0.08200   0.12192   0.16450   0.07532   0.03399   0.12671   0.02452   0.15141   0.07080   0.10972   0.10551   0.09551   0.09791   0.09894   0.16563   0.13222   0.11749   0.12576   0.12000   0.03611   0.01087   0.06817   0.15590   0.04746   0.15308   0.12162   0.14359   0.02548   0.05609   0.08993   0.15292   0.03499   0.14206   0.02466   0.07483   0.09875   0.13158   0.04224   0.11786   0.04337   0.09630   0.10551   0.08590   0.02932   0.07332   0.03683   0.09183   0.03544   0.12373   0.02957   0.07062   0.01695   0.01083   0.05649   0.02853   0.00000   0.03496   0.13531   0.08908   0.06816   0.00927   0.00000   0.04151   0.08697   0.03212   0.00000   0.00000   0.06098   0.08277   0.00000   0.05122   0.00000   0.00827   0.04139   0.00661   0.02395   0.00337   0.01919   0.03874   0.06998   0.02464   0.04918   0.03863   0.04624   0.05403   0.05388   0.02410   0.12782   0.03930   0.06257   0.06210   0.05541   0.03217   0.01796   0.02545   0.18495   0.02130   0.09644   0.02459   0.06341   0.06943   0.01998   0.06626   0.06830   0.08996   0.08632   0.03352   0.02658   0.05108   0.04497   0.03526   0.05936   0.00000   0.05693   0.02786   0.09661   0.08103   0.00000   0.00000   0.12974   0.08537   0.04916   0.18206   0.27068   0.19091   0.14058   0.20819   0.17357   0.18888   0.23337   0.16000   0.22817   0.21233   1.96302   0.99646   0.60010   1.89962   1.94956  
 13 1050.3722  13657.994130  x:  0.17022   0.31117   0.15075   0.30277   0.14691   0.19251   0.34936   0.31869   0.15820   0.10153   0.07479   0.05442   0.00318   0.02382   0.11142   0.09176   0.10131   0.10066   0.06020   0.08217   0.12197   0.16553   0.07565   0.03460   0.12817   0.02487   0.15355   0.07107   0.11091   0.10555   0.09571   0.09870   0.09997   0.16616   0.13399   0.11873   0.12664   0.12071   0.03581   0.01233   0.06917   0.15717   0.04780   0.15406   0.12226   0.14470   0.02607   0.05633   0.09073   0.15447   0.03538   0.14258   0.02432   0.07448   0.09883   0.13327   0.04231   0.11889   0.04296   0.09694   0.10555   0.08666   0.02933   0.07296   0.03676   0.09198   0.03511   0.12382   0.02908   0.07154   0.01732   0.01090   0.05652   0.02813   0.00000   0.03484   0.13620   0.08900   0.06806   0.00946   0.00000   0.04094   0.08673   0.03184   0.00000   0.00000   0.06094   0.08292   0.00000   0.05101   0.00000   0.00845   0.04122   0.00659   0.02387   0.00374   0.01883   0.03830   0.06957   0.02453   0.04877   0.03849   0.04677   0.05411   0.05532   0.02447   0.12813   0.03932   0.06333   0.06231   0.05477   0.03138   0.01868   0.02527   0.18550   0.02207   0.09698   0.02442   0.06448   0.06936   0.01998   0.06635   0.06869   0.09031   0.08637   0.03280   0.02621   0.05021   0.04423   0.03486   0.05891   0.00030   0.05784   0.02749   0.09730   0.08128   0.00000   0.00000   0.13030   0.08534   0.04911   0.18277   0.27166   0.19157   0.14107   0.20884   0.17406   0.18943   0.23428   0.16037   0.22913   0.21344   1.96279   0.99889   0.59589   1.90074   1.94928  
 14 1735.4243  13147.618283  x:  0.19858   0.38007   0.18433   0.36592   0.18212   0.23083   0.40662   0.36766   0.21685   0.13197   0.11276   0.08555   0.02395   0.05178   0.14084   0.11365   0.14172   0.14642   0.09998   0.08924   0.12408   0.20625   0.08884   0.05927   0.18606   0.03872   0.23908   0.08203   0.15856   0.10718   0.10388   0.13035   0.14131   0.18731   0.20431   0.16830   0.16156   0.14926   0.02410   0.06986   0.10901   0.20798   0.06158   0.19307   0.14779   0.18898   0.04956   0.06596   0.12269   0.21589   0.05065   0.16310   0.01078   0.06055   0.10188   0.20055   0.04508   0.15988   0.02645   0.12240   0.10734   0.11700   0.02961   0.05879   0.03418   0.09794   0.02193   0.12732   0.00949   0.10851   0.03237   0.01407   0.05791   0.01208   0.00000   0.03001   0.17169   0.08585   0.06435   0.01690   0.00000   0.01835   0.07731   0.02039   0.00000   0.00000   0.05920   0.08901   0.00000   0.04271   0.00000   0.01564   0.03466   0.00589   0.02110   0.01809   0.00432   0.02096   0.05326   0.02017   0.03228   0.03296   0.06816   0.05760   0.11278   0.03899   0.14059   0.04036   0.09365   0.07049   0.02914   0.00000   0.04722   0.01821   0.20731   0.05240   0.11852   0.01777   0.10727   0.06651   0.02024   0.07008   0.08418   0.10453   0.08857   0.00392   0.01162   0.01563   0.01498   0.01917   0.04089   0.01225   0.09412   0.01285   0.12481   0.09136   0.00000   0.00000   0.15277   0.08420   0.04739   0.21113   0.31082   0.21780   0.16074   0.23472   0.19390   0.21156   0.27067   0.17485   0.26747   0.25738   1.95356   0.99838   0.42804   1.94518   1.93852  
 15 29057.5890  13047.108061  x:  0.20850   0.40308   0.19473   0.38645   0.19248   0.24374   0.42660   0.38550   0.23334   0.13817   0.11624   0.08616   0.01643   0.04607   0.14734   0.11740   0.14755   0.15239   0.10193   0.08977   0.12594   0.21736   0.09071   0.06025   0.19509   0.03678   0.25398   0.08242   0.16784   0.10750   0.10677   0.13559   0.14870   0.19516   0.21708   0.17959   0.16967   0.15557   0.01493   0.05135   0.11451   0.21926   0.06333   0.20349   0.15505   0.19980   0.04661   0.06541   0.12856   0.22932   0.05177   0.16985   0.01426   0.06146   0.10223   0.21311   0.04191   0.16885   0.01893   0.12996   0.10887   0.12202   0.03061   0.05788   0.03439   0.10240   0.02369   0.13102   0.00868   0.11089   0.02668   0.01067   0.05942   0.02736   0.00000   0.02941   0.18151   0.08560   0.06595   0.00771   0.00000   0.01662   0.07664   0.02492   0.00000   0.00000   0.06174   0.09283   0.00000   0.04422   0.00000   0.00753   0.03760   0.00795   0.02476   0.00000   0.05030   0.02788   0.05189   0.02576   0.03419   0.03656   0.06987   0.05426   0.11274   0.03314   0.14256   0.03846   0.09817   0.07164   0.02824   0.00000   0.03845   0.01686   0.21614   0.04721   0.12342   0.01495   0.11005   0.06282   0.01960   0.07309   0.08650   0.10885   0.08978   0.00159   0.02814   0.00693   0.01556   0.02798   0.04352   0.00699   0.09392   0.00922   0.13100   0.09421   0.00000   0.00000   0.15928   0.08595   0.04796   0.22104   0.32560   0.22754   0.16820   0.24449   0.20134   0.21994   0.28335   0.18014   0.28071   0.27160   1.94483   0.99870   0.37039   1.95189   1.93355  
 16 1895.5376  12976.344553  x:  0.22164   0.43299   0.20767   0.41269   0.20490   0.26059   0.45312   0.40961   0.25280   0.14384   0.11608   0.08220   0.00000   0.03207   0.15356   0.12023   0.15120   0.15510   0.09848   0.08983   0.12862   0.23019   0.09157   0.05725   0.20110   0.03031   0.26568   0.08107   0.17586   0.10764   0.11041   0.13908   0.15446   0.20568   0.22752   0.19124   0.17798   0.16163   0.00487   0.01321   0.11713   0.23052   0.06373   0.21520   0.16346   0.21149   0.03831   0.06332   0.13308   0.24259   0.05085   0.17839   0.01981   0.06452   0.10208   0.22354   0.03544   0.17774   0.00755   0.13869   0.11124   0.12543   0.03220   0.05864   0.03484   0.10881   0.02844   0.13705   0.01008   0.10891   0.01699   0.01062   0.06147   0.03726   0.00000   0.02866   0.19264   0.08525   0.06945   0.01131   0.00000   0.01786   0.07700   0.03126   0.00000   0.00000   0.06556   0.09809   0.00000   0.04865   0.00000   0.00740   0.04303   0.01358   0.02803   0.05582   0.07853   0.03788   0.05255   0.03086   0.03916   0.04166   0.06890   0.04775   0.10378   0.02089   0.14451   0.03474   0.10087   0.07175   0.03121   0.00000   0.02173   0.01798   0.22851   0.03417   0.12843   0.01157   0.10805   0.05718   0.01954   0.07744   0.08767   0.11372   0.09171   0.00626   0.03819   0.00810   0.02085   0.03736   0.05075   0.00015   0.08842   0.00637   0.13704   0.09742   0.00000   0.00000   0.16727   0.08922   0.04895   0.23418   0.34590   0.24077   0.17838   0.25795   0.21126   0.23127   0.29993   0.18725   0.29819   0.28943   1.92833   0.99905   0.31043   1.95139   1.92561  
 17 2229.7470  12976.344553  x:  0.22164   0.43299   0.20767   0.41269   0.20490   0.26059   0.45312   0.40961   0.25280   0.14384   0.11608   0.08220   0.00000   0.03207   0.15356   0.12023   0.15120   0.15510   0.09848   0.08983   0.12862   0.23019   0.09157   0.05725   0.20110   0.03031   0.26568   0.08107   0.17586   0.10764   0.11041   0.13908   0.15446   0.20568   0.22752   0.19124   0.17798   0.16163   0.00487   0.01321   0.11713   0.23052   0.06373   0.21520   0.16346   0.21149   0.03831   0.06332   0.13308   0.24259   0.05085   0.17839   0.01981   0.06452   0.10208   0.22354   0.03544   0.17774   0.00755   0.13869   0.11124   0.12543   0.03220   0.05864   0.03484   0.10881   0.02844   0.13705   0.01008   0.10891   0.01699   0.01062   0.06147   0.03726   0.00000   0.02866   0.19264   0.08525   0.06945   0.01131   0.00000   0.01786   0.07700   0.03126   0.00000   0.00000   0.06556   0.09809   0.00000   0.04865   0.00000   0.00740   0.04303   0.01358   0.02803   0.05582   0.07853   0.03788   0.05255   0.03086   0.03916   0.04166   0.06890   0.04775   0.10378   0.02089   0.14451   0.03474   0.10087   0.07175   0.03121   0.00000   0.02173   0.01798   0.22851   0.03417   0.12843   0.01157   0.10805   0.05718   0.01954   0.07744   0.08767   0.11372   0.09171   0.00626   0.03819   0.00810   0.02085   0.03736   0.05075   0.00015   0.08842   0.00637   0.13704   0.09742   0.00000   0.00000   0.16727   0.08922   0.04895   0.23418   0.34590   0.24077   0.17838   0.25795   0.21126   0.23127   0.29993   0.18725   0.29819   0.28943   1.92833   0.99905   0.31043   1.95139   1.92561  
 18 909.2372  12975.794197  x:  0.22166   0.43305   0.20769   0.41275   0.20492   0.26062   0.45317   0.40965   0.25285   0.14386   0.11610   0.08222   0.00001   0.03208   0.15358   0.12025   0.15123   0.15513   0.09850   0.08984   0.12862   0.23023   0.09157   0.05725   0.20113   0.03031   0.26573   0.08108   0.17589   0.10764   0.11042   0.13910   0.15449   0.20569   0.22756   0.19127   0.17801   0.16165   0.00494   0.01332   0.11716   0.23055   0.06373   0.21522   0.16348   0.21152   0.03832   0.06333   0.13310   0.24263   0.05086   0.17841   0.01980   0.06452   0.10208   0.22358   0.03543   0.17777   0.00753   0.13870   0.11124   0.12545   0.03220   0.05863   0.03484   0.10881   0.02843   0.13705   0.01007   0.10892   0.01701   0.01063   0.06147   0.03724   0.00000   0.02865   0.19266   0.08525   0.06945   0.01132   0.00000   0.01785   0.07699   0.03125   0.00000   0.00000   0.06556   0.09809   0.00000   0.04865   0.00000   0.00741   0.04303   0.01357   0.02801   0.05578   0.07849   0.03785   0.05254   0.03085   0.03915   0.04165   0.06891   0.04775   0.10381   0.02089   0.14452   0.03473   0.10089   0.07175   0.03120   0.00000   0.02177   0.01798   0.22853   0.03418   0.12844   0.01157   0.10807   0.05718   0.01954   0.07745   0.08768   0.11373   0.09171   0.00624   0.03816   0.00809   0.02083   0.03734   0.05074   0.00016   0.08844   0.00636   0.13706   0.09742   0.00000   0.00000   0.16729   0.08922   0.04895   0.23421   0.34594   0.24080   0.17840   0.25797   0.21127   0.23129   0.29996   0.18726   0.29822   0.28947   1.92830   0.99850   0.31038   1.95139   1.92560  
 19 2091.8034  12894.612658  x:  0.23151   0.45622   0.21824   0.43346   0.21553   0.27360   0.47308   0.42725   0.27026   0.15138   0.12390   0.08813   0.00192   0.03694   0.16083   0.12546   0.16071   0.16490   0.10524   0.09202   0.12932   0.24213   0.09420   0.06051   0.21407   0.03027   0.28562   0.08270   0.18714   0.10778   0.11286   0.14581   0.16385   0.21301   0.24404   0.20422   0.18706   0.16856   0.03149   0.05593   0.12541   0.24363   0.06600   0.22606   0.17074   0.22362   0.04268   0.06577   0.14005   0.25842   0.05326   0.18484   0.01547   0.06123   0.10236   0.23934   0.03387   0.18834   0.00000   0.14570   0.11206   0.13202   0.03237   0.05558   0.03390   0.11085   0.02583   0.13931   0.00527   0.11601   0.02462   0.01381   0.06169   0.02759   0.00000   0.02677   0.20249   0.08383   0.06935   0.01182   0.00000   0.01301   0.07493   0.02710   0.00000   0.00000   0.06499   0.10051   0.00000   0.04646   0.00000   0.01303   0.04117   0.00816   0.02313   0.03984   0.06406   0.02853   0.04941   0.02706   0.03531   0.03933   0.07264   0.04714   0.11439   0.02269   0.14849   0.03367   0.10758   0.07264   0.02590   0.00000   0.03479   0.01853   0.23676   0.04029   0.13399   0.01040   0.11668   0.05641   0.02074   0.07877   0.09110   0.11710   0.09262   0.00045   0.02837   0.00265   0.01304   0.03062   0.04618   0.00604   0.09583   0.00369   0.14386   0.09997   0.00000   0.00000   0.17432   0.08963   0.04830   0.24406   0.36039   0.25029   0.18555   0.26763   0.21813   0.23912   0.31220   0.19242   0.31141   0.30335   1.91832   0.99872   0.29032   1.95304   1.91947  
 20 1229.6791  12880.713121  x:  0.23352   0.46094   0.22037   0.43766   0.21765   0.27623   0.47714   0.43086   0.27375   0.15281   0.12532   0.08911   0.00193   0.03751   0.16220   0.12640   0.16248   0.16673   0.10644   0.09238   0.12945   0.24447   0.09467   0.06104   0.21655   0.03012   0.28948   0.08295   0.18931   0.10777   0.11332   0.14705   0.16563   0.21448   0.24723   0.20674   0.18883   0.16986   0.02977   0.05539   0.12698   0.24621   0.06638   0.22818   0.17218   0.22601   0.04328   0.06610   0.14137   0.26151   0.05366   0.18612   0.01497   0.06080   0.10238   0.24241   0.03347   0.19039   0.00000   0.14710   0.11223   0.13323   0.03238   0.05512   0.03372   0.11133   0.02551   0.13980   0.00449   0.11723   0.02496   0.01347   0.06174   0.02618   0.00000   0.02642   0.20443   0.08356   0.06939   0.01177   0.00000   0.01247   0.07459   0.02657   0.00000   0.00000   0.06495   0.10099   0.00000   0.04612   0.00000   0.01243   0.04090   0.00846   0.02273   0.03658   0.06107   0.02729   0.04892   0.02671   0.03481   0.03910   0.07326   0.04688   0.11626   0.02273   0.14921   0.03342   0.10878   0.07278   0.02525   0.00000   0.03534   0.01829   0.23843   0.04104   0.13509   0.01016   0.11816   0.05602   0.02081   0.07903   0.09163   0.11780   0.09280   0.00000   0.02690   0.00686   0.01281   0.02977   0.04583   0.00683   0.09698   0.00325   0.14515   0.10047   0.00000   0.00000   0.17569   0.08975   0.04818   0.24607   0.36335   0.25224   0.18701   0.26962   0.21951   0.24071   0.31468   0.19347   0.31410   0.30613   1.91611   0.99872   0.28950   1.95297   1.91812  
 21 2042.5776  12821.430369  x:  0.24325   0.48376   0.23063   0.45794   0.22784   0.28896   0.49684   0.44835   0.29053   0.15957   0.13187   0.09351   0.00143   0.03965   0.16867   0.13074   0.17073   0.17526   0.11191   0.09402   0.13009   0.25566   0.09683   0.06338   0.22827   0.02918   0.30781   0.08402   0.19959   0.10763   0.11546   0.15286   0.17405   0.22154   0.26238   0.21875   0.19725   0.17597   0.01593   0.04565   0.13430   0.25851   0.06805   0.23827   0.17905   0.23736   0.04573   0.06750   0.14751   0.27620   0.05539   0.19228   0.01325   0.05916   0.10239   0.25695   0.03139   0.20007   0.00000   0.15383   0.11307   0.13890   0.03240   0.05323   0.03294   0.11375   0.02438   0.14225   0.00133   0.12281   0.02548   0.01160   0.06201   0.02067   0.00000   0.02486   0.21369   0.08224   0.06974   0.01155   0.00000   0.01068   0.07312   0.02465   0.00000   0.00000   0.06488   0.10331   0.00000   0.04479   0.00000   0.00906   0.03983   0.01045   0.02166   0.02089   0.04670   0.02261   0.04695   0.02564   0.03295   0.03832   0.07596   0.04545   0.12484   0.02247   0.15256   0.03216   0.11438   0.07337   0.02293   0.00000   0.03602   0.01707   0.24653   0.04393   0.14037   0.00908   0.12491   0.05385   0.02092   0.08030   0.09393   0.12121   0.09360   0.00000   0.02105   0.00000   0.01270   0.02646   0.04491   0.00983   0.10198   0.00137   0.15120   0.10286   0.00000   0.00000   0.18220   0.09039   0.04764   0.25579   0.37771   0.26165   0.19406   0.27927   0.22617   0.24838   0.32666   0.19857   0.32708   0.31954   1.90515   0.99873   0.28940   1.95218   1.91145  
 22 7215.3256  12821.430369  x:  0.24325   0.48376   0.23063   0.45794   0.22784   0.28896   0.49684   0.44835   0.29053   0.15957   0.13187   0.09351   0.00143   0.03965   0.16867   0.13074   0.17073   0.17526   0.11191   0.09402   0.13009   0.25566   0.09683   0.06338   0.22827   0.02918   0.30781   0.08402   0.19959   0.10763   0.11546   0.15286   0.17405   0.22154   0.26238   0.21875   0.19725   0.17597   0.01593   0.04565   0.13430   0.25851   0.06805   0.23827   0.17905   0.23736   0.04573   0.06750   0.14751   0.27620   0.05539   0.19228   0.01325   0.05916   0.10239   0.25695   0.03139   0.20007   0.00000   0.15383   0.11307   0.13890   0.03240   0.05323   0.03294   0.11375   0.02438   0.14225   0.00133   0.12281   0.02548   0.01160   0.06201   0.02067   0.00000   0.02486   0.21369   0.08224   0.06974   0.01155   0.00000   0.01068   0.07312   0.02465   0.00000   0.00000   0.06488   0.10331   0.00000   0.04479   0.00000   0.00906   0.03983   0.01045   0.02166   0.02089   0.04670   0.02261   0.04695   0.02564   0.03295   0.03832   0.07596   0.04545   0.12484   0.02247   0.15256   0.03216   0.11438   0.07337   0.02293   0.00000   0.03602   0.01707   0.24653   0.04393   0.14037   0.00908   0.12491   0.05385   0.02092   0.08030   0.09393   0.12121   0.09360   0.00000   0.02105   0.00000   0.01270   0.02646   0.04491   0.00983   0.10198   0.00137   0.15120   0.10286   0.00000   0.00000   0.18220   0.09039   0.04764   0.25579   0.37771   0.26165   0.19406   0.27927   0.22617   0.24838   0.32666   0.19857   0.32708   0.31954   1.90515   0.99873   0.28940   1.95218   1.91145  
 23 1303.3851  12818.634842  x:  0.24338   0.48406   0.23077   0.45821   0.22798   0.28914   0.49710   0.44858   0.29075   0.15965   0.13196   0.09356   0.00142   0.03967   0.16875   0.13080   0.17083   0.17537   0.11198   0.09404   0.13009   0.25581   0.09686   0.06341   0.22843   0.02916   0.30805   0.08403   0.19972   0.10762   0.11549   0.15293   0.17416   0.22164   0.26258   0.21890   0.19736   0.17605   0.01585   0.04565   0.13439   0.25867   0.06807   0.23841   0.17914   0.23751   0.04576   0.06752   0.14759   0.27639   0.05541   0.19236   0.01324   0.05915   0.10239   0.25715   0.03136   0.20019   0.00000   0.15392   0.11308   0.13897   0.03241   0.05321   0.03293   0.11379   0.02437   0.14229   0.00130   0.12288   0.02550   0.01162   0.06202   0.02064   0.00000   0.02484   0.21381   0.08222   0.06975   0.01155   0.00000   0.01067   0.07310   0.02464   0.00000   0.00000   0.06489   0.10334   0.00000   0.04478   0.00000   0.00910   0.03983   0.01042   0.02166   0.02070   0.04652   0.02258   0.04694   0.02563   0.03294   0.03831   0.07599   0.04542   0.12494   0.02246   0.15260   0.03214   0.11445   0.07338   0.02292   0.00000   0.03605   0.01707   0.24664   0.04397   0.14044   0.00907   0.12499   0.05382   0.02093   0.08031   0.09395   0.12125   0.09362   0.00000   0.02104   0.00683   0.01279   0.02649   0.04491   0.00985   0.10204   0.00135   0.15128   0.10289   0.00000   0.00000   0.18228   0.09040   0.04763   0.25592   0.37791   0.26177   0.19416   0.27940   0.22625   0.24848   0.32682   0.19864   0.32726   0.31972   1.90500   0.99913   0.28937   1.95217   1.91136  
 24 3953.4105  12818.278427  x:  0.24340   0.48412   0.23079   0.45826   0.22800   0.28917   0.49715   0.44863   0.29079   0.15967   0.13197   0.09357   0.00142   0.03967   0.16876   0.13081   0.17085   0.17539   0.11199   0.09404   0.13010   0.25583   0.09686   0.06341   0.22846   0.02916   0.30810   0.08403   0.19975   0.10762   0.11550   0.15294   0.17418   0.22166   0.26261   0.21893   0.19738   0.17606   0.01584   0.04566   0.13441   0.25870   0.06807   0.23843   0.17915   0.23753   0.04576   0.06752   0.14760   0.27643   0.05541   0.19237   0.01324   0.05915   0.10239   0.25718   0.03136   0.20022   0.00000   0.15394   0.11309   0.13898   0.03241   0.05321   0.03293   0.11379   0.02437   0.14230   0.00130   0.12290   0.02551   0.01163   0.06202   0.02064   0.00000   0.02484   0.21383   0.08222   0.06975   0.01156   0.00000   0.01067   0.07310   0.02464   0.00000   0.00000   0.06489   0.10335   0.00000   0.04478   0.00000   0.00911   0.03982   0.01042   0.02166   0.02067   0.04649   0.02258   0.04694   0.02563   0.03294   0.03831   0.07600   0.04542   0.12496   0.02246   0.15261   0.03214   0.11446   0.07338   0.02292   0.00000   0.03606   0.01707   0.24666   0.04397   0.14045   0.00907   0.12501   0.05382   0.02093   0.08032   0.09396   0.12126   0.09362   0.00000   0.02103   0.00703   0.01279   0.02649   0.04491   0.00986   0.10205   0.00135   0.15129   0.10290   0.00000   0.00000   0.18230   0.09040   0.04763   0.25595   0.37794   0.26180   0.19418   0.27943   0.22627   0.24850   0.32685   0.19865   0.32729   0.31975   1.90497   0.99870   0.28937   1.95217   1.91134  
 25 1900.2205  12777.875365  x:  0.25060   0.50102   0.23834   0.47325   0.23546   0.29857   0.51179   0.46163   0.30310   0.16448   0.13655   0.09655   0.00077   0.04088   0.17337   0.13383   0.17671   0.18142   0.11571   0.09520   0.13056   0.26399   0.09831   0.06489   0.23684   0.02818   0.32130   0.08465   0.20712   0.10744   0.11700   0.15701   0.18017   0.22685   0.27359   0.22765   0.20345   0.18049   0.01177   0.04575   0.13955   0.26760   0.06911   0.24575   0.18412   0.24573   0.04728   0.06841   0.15194   0.28707   0.05646   0.19687   0.01272   0.05842   0.10229   0.26768   0.02972   0.20707   0.00000   0.15886   0.11377   0.14293   0.03257   0.05222   0.03248   0.11573   0.02405   0.14428   0.00000   0.12675   0.02657   0.01280   0.06232   0.01898   0.00000   0.02388   0.22055   0.08132   0.07018   0.01189   0.00000   0.01016   0.07224   0.02392   0.00000   0.00000   0.06500   0.10508   0.00000   0.04444   0.00000   0.01151   0.03937   0.00913   0.02146   0.01027   0.03657   0.02110   0.04617   0.02526   0.03224   0.03779   0.07772   0.04419   0.13090   0.02209   0.15503   0.03119   0.11838   0.07371   0.02217   0.00000   0.03755   0.01728   0.25268   0.04583   0.14425   0.00855   0.12968   0.05230   0.02110   0.08127   0.09561   0.12367   0.09420   0.00000   0.01918   0.00704   0.01230   0.02533   0.04433   0.01088   0.10538   0.00030   0.15561   0.10463   0.00000   0.00000   0.18706   0.09099   0.04734   0.26314   0.38861   0.26877   0.19940   0.28661   0.23117   0.25415   0.33573   0.20240   0.33688   0.32961   1.89668   0.99876   0.28825   1.95177   1.90636  
 26 793.7222  12766.531270  x:  0.25309   0.50692   0.24090   0.47839   0.23792   0.30180   0.51697   0.46622   0.30723   0.16584   0.13768   0.09710   0.00000   0.04065   0.17467   0.13457   0.17833   0.18301   0.11644   0.09552   0.13073   0.26660   0.09859   0.06498   0.23927   0.02736   0.32529   0.08461   0.20928   0.10729   0.11741   0.15804   0.18184   0.22861   0.27699   0.23036   0.20528   0.18181   0.01294   0.04727   0.14089   0.27035   0.06915   0.24803   0.18566   0.24827   0.04731   0.06848   0.15309   0.29038   0.05646   0.19833   0.01348   0.05885   0.10212   0.27085   0.02904   0.20898   0.00000   0.16042   0.11410   0.14394   0.03274   0.05256   0.03252   0.11649   0.02454   0.14511   0.00000   0.12757   0.02627   0.01052   0.06254   0.02107   0.00000   0.02385   0.22265   0.08112   0.07056   0.01132   0.00000   0.01082   0.07230   0.02459   0.00000   0.00000   0.06528   0.10553   0.00000   0.04482   0.00000   0.00626   0.03947   0.01101   0.02290   0.01443   0.03489   0.02435   0.04656   0.02588   0.03278   0.03829   0.07789   0.04352   0.13226   0.02165   0.15578   0.03084   0.11935   0.07365   0.02299   0.00000   0.03716   0.01715   0.25479   0.04591   0.14535   0.00862   0.13077   0.05190   0.02126   0.08162   0.09603   0.12436   0.09447   0.00000   0.02142   0.00701   0.01360   0.02648   0.04476   0.01041   0.10595   0.00050   0.15683   0.10518   0.00000   0.00000   0.18861   0.09139   0.04742   0.26563   0.39239   0.27118   0.20125   0.28917   0.23281   0.25608   0.33881   0.20364   0.34016   0.33294   1.89330   0.99878   0.29071   1.95137   1.90460  
 27 1552.7047  12692.773786  x:  0.28017   0.57202   0.26794   0.53387   0.26309   0.33661   0.57559   0.51769   0.35035   0.17670   0.14433   0.09747   0.00000   0.03157   0.18514   0.13901   0.19109   0.19399   0.11698   0.09894   0.13313   0.29252   0.09873   0.06019   0.25942   0.01203   0.36079   0.08105   0.22761   0.10475   0.12057   0.16446   0.19478   0.24763   0.30855   0.25510   0.22161   0.19298   0.04512   0.07252   0.14956   0.29608   0.06491   0.26951   0.19998   0.27200   0.04260   0.06745   0.16071   0.32165   0.05172   0.21328   0.02740   0.06939   0.09830   0.29896   0.02062   0.22373   0.00000   0.17556   0.11885   0.15040   0.03585   0.06427   0.03553   0.12518   0.03545   0.15609   0.00000   0.12984   0.01957   0.01611   0.06706   0.04835   0.00000   0.02711   0.24240   0.08029   0.07760   0.01471   0.00000   0.02106   0.07717   0.03818   0.00000   0.00000   0.07094   0.11054   0.00000   0.05827   0.00000   0.07533   0.04740   0.01231   0.04249   0.10955   0.04439   0.06416   0.06216   0.03550   0.04564   0.04470   0.07470   0.03441   0.13833   0.01531   0.16329   0.02737   0.12539   0.07083   0.03754   0.00000   0.02658   0.01609   0.27863   0.04091   0.15433   0.01172   0.13623   0.05058   0.02493   0.08606   0.09923   0.13005   0.09924   0.00000   0.05210   0.00671   0.01808   0.04680   0.05584   0.00000   0.10565   0.00721   0.16634   0.11029   0.00000   0.00000   0.20474   0.09857   0.05110   0.29272   0.43492   0.29749   0.22232   0.31835   0.25019   0.27684   0.37301   0.21635   0.37542   0.36838   1.84913   0.99905   0.32140   1.94748   1.88610  
 28 1281.4998  12660.910826  x:  0.29181   0.60203   0.27954   0.55842   0.27321   0.35181   0.60407   0.54136   0.36885   0.18015   0.14655   0.09696   0.00000   0.03149   0.18956   0.14116   0.19557   0.19687   0.11556   0.10222   0.13613   0.30334   0.09851   0.05599   0.26608   0.00361   0.37290   0.07964   0.23381   0.10526   0.12276   0.16619   0.19875   0.25743   0.32008   0.26285   0.22765   0.19646   0.05848   0.07655   0.15024   0.30589   0.05980   0.27844   0.20477   0.28161   0.04410   0.07071   0.16149   0.33387   0.04806   0.22074   0.02749   0.07231   0.09662   0.30849   0.01964   0.22839   0.00000   0.18213   0.12236   0.15248   0.03732   0.07063   0.03770   0.12928   0.03876   0.16279   0.03254   0.12983   0.03004   0.01323   0.07109   0.04878   0.00000   0.03052   0.24994   0.08154   0.08162   0.01164   0.00000   0.02095   0.08114   0.03902   0.00000   0.00000   0.07436   0.11293   0.00000   0.06174   0.00000   0.09203   0.04933   0.00000   0.03946   0.17951   0.05950   0.07168   0.06724   0.03362   0.04728   0.04746   0.07447   0.03543   0.13924   0.02111   0.16856   0.02829   0.12799   0.07034   0.03694   0.00000   0.03972   0.02253   0.29074   0.04375   0.15703   0.01292   0.13838   0.05742   0.02860   0.09035   0.10261   0.13280   0.10462   0.00000   0.05482   0.00677   0.01175   0.04786   0.05980   0.02029   0.10694   0.00852   0.16948   0.11267   0.00000   0.00000   0.21317   0.10349   0.05598   0.30436   0.45513   0.30926   0.23283   0.33207   0.25812   0.28699   0.38954   0.22134   0.39090   0.38428   1.82256   0.99914   0.29081   1.95167   1.88563  
 29 859.3655  12649.811621  x:  0.29671   0.61520   0.28442   0.56896   0.27734   0.35835   0.61683   0.55160   0.37675   0.18153   0.14768   0.09687   0.00000   0.03275   0.19156   0.14233   0.19745   0.19797   0.11502   0.10405   0.13788   0.30789   0.09863   0.05400   0.26871   0.00000   0.37756   0.07939   0.23623   0.10602   0.12397   0.16691   0.20029   0.26199   0.32466   0.26559   0.23016   0.19771   0.06258   0.07568   0.15005   0.30996   0.05701   0.28236   0.20655   0.28575   0.04564   0.07286   0.16137   0.33895   0.04645   0.22424   0.02570   0.07280   0.09593   0.31220   0.01993   0.23016   0.00000   0.18490   0.12399   0.15370   0.03756   0.07300   0.03859   0.13031   0.03858   0.16526   0.04378   0.12986   0.03411   0.01417   0.07295   0.04492   0.00000   0.03207   0.25298   0.08239   0.08330   0.01217   0.00000   0.01968   0.08302   0.03775   0.00000   0.00000   0.07580   0.11419   0.01216   0.06208   0.00000   0.10093   0.05029   0.01295   0.03620   0.21314   0.06726   0.07045   0.06847   0.03182   0.04641   0.04825   0.07485   0.03694   0.13965   0.02461   0.17113   0.02913   0.12931   0.07057   0.03469   0.00000   0.04559   0.02420   0.29627   0.04546   0.15830   0.01306   0.13923   0.06079   0.02922   0.09254   0.10435   0.13429   0.10720   0.00000   0.05188   0.00681   0.00986   0.04574   0.06077   0.02810   0.10749   0.00769   0.17067   0.11373   0.00000   0.00000   0.21703   0.10572   0.05846   0.30926   0.46417   0.31433   0.23760   0.33812   0.26158   0.29160   0.39690   0.22344   0.39752   0.39113   1.80894   0.99918   0.28013   1.95320   1.88786  
 30 1766.6427  12649.811621  x:  0.29671   0.61520   0.28442   0.56896   0.27734   0.35835   0.61683   0.55160   0.37675   0.18153   0.14768   0.09687   0.00000   0.03275   0.19156   0.14233   0.19745   0.19797   0.11502   0.10405   0.13788   0.30789   0.09863   0.05400   0.26871   0.00000   0.37756   0.07939   0.23623   0.10602   0.12397   0.16691   0.20029   0.26199   0.32466   0.26559   0.23016   0.19771   0.06258   0.07568   0.15005   0.30996   0.05701   0.28236   0.20655   0.28575   0.04564   0.07286   0.16137   0.33895   0.04645   0.22424   0.02570   0.07280   0.09593   0.31220   0.01993   0.23016   0.00000   0.18490   0.12399   0.15370   0.03756   0.07300   0.03859   0.13031   0.03858   0.16526   0.04378   0.12986   0.03411   0.01417   0.07295   0.04492   0.00000   0.03207   0.25298   0.08239   0.08330   0.01217   0.00000   0.01968   0.08302   0.03775   0.00000   0.00000   0.07580   0.11419   0.01216   0.06208   0.00000   0.10093   0.05029   0.01295   0.03620   0.21314   0.06726   0.07045   0.06847   0.03182   0.04641   0.04825   0.07485   0.03694   0.13965   0.02461   0.17113   0.02913   0.12931   0.07057   0.03469   0.00000   0.04559   0.02420   0.29627   0.04546   0.15830   0.01306   0.13923   0.06079   0.02922   0.09254   0.10435   0.13429   0.10720   0.00000   0.05188   0.00681   0.00986   0.04574   0.06077   0.02810   0.10749   0.00769   0.17067   0.11373   0.00000   0.00000   0.21703   0.10572   0.05846   0.30926   0.46417   0.31433   0.23760   0.33812   0.26158   0.29160   0.39690   0.22344   0.39752   0.39113   1.80894   0.99918   0.28013   1.95320   1.88786  
 31 921.0038  12648.515049  x:  0.29673   0.61522   0.28444   0.56898   0.27735   0.35837   0.61685   0.55162   0.37677   0.18154   0.14769   0.09688   0.00000   0.03276   0.19157   0.14233   0.19746   0.19798   0.11503   0.10406   0.13788   0.30791   0.09864   0.05400   0.26872   0.00000   0.37758   0.07940   0.23624   0.10602   0.12397   0.16691   0.20030   0.26200   0.32468   0.26561   0.23017   0.19772   0.06256   0.07567   0.15006   0.30997   0.05701   0.28237   0.20655   0.28577   0.04564   0.07286   0.16138   0.33896   0.04645   0.22425   0.02569   0.07280   0.09593   0.31221   0.01993   0.23017   0.00000   0.18491   0.12399   0.15371   0.03756   0.07300   0.03859   0.13031   0.03857   0.16526   0.04377   0.12987   0.03410   0.01417   0.07295   0.04491   0.00000   0.03207   0.25300   0.08239   0.08330   0.01217   0.00000   0.01967   0.08301   0.03774   0.00000   0.00000   0.07580   0.11419   0.01215   0.06207   0.00000   0.10091   0.05029   0.01294   0.03618   0.21312   0.06724   0.07043   0.06846   0.03182   0.04640   0.04825   0.07486   0.03694   0.13967   0.02461   0.17113   0.02913   0.12932   0.07057   0.03468   0.00000   0.04559   0.02419   0.29628   0.04546   0.15830   0.01305   0.13924   0.06079   0.02922   0.09254   0.10435   0.13430   0.10720   0.00000   0.05186   0.00681   0.00987   0.04573   0.06077   0.02810   0.10750   0.00768   0.17068   0.11374   0.00000   0.00000   0.21704   0.10572   0.05845   0.30927   0.46419   0.31434   0.23761   0.33813   0.26159   0.29161   0.39692   0.22344   0.39753   0.39115   1.80892   0.99977   0.28016   1.95320   1.88786  
 32 3064.6341  12580.692053  x:  0.30766   0.64195   0.29608   0.59245   0.28888   0.37316   0.64023   0.57147   0.39634   0.19010   0.15721   0.10365   0.00000   0.03956   0.20002   0.14879   0.20802   0.20918   0.12368   0.10673   0.13941   0.32101   0.10260   0.05783   0.28335   0.00082   0.39950   0.08253   0.24873   0.10743   0.12727   0.17476   0.21098   0.27094   0.34263   0.27922   0.24056   0.20491   0.04434   0.06550   0.15886   0.32487   0.05860   0.29516   0.21429   0.29988   0.05099   0.07590   0.16845   0.35667   0.04965   0.23232   0.01842   0.06762   0.09626   0.32964   0.01914   0.24215   0.00000   0.19281   0.12458   0.16231   0.03567   0.06709   0.03642   0.13050   0.03094   0.16573   0.02818   0.13813   0.03123   0.01371   0.07226   0.02975   0.00000   0.02849   0.26381   0.08105   0.08249   0.01515   0.00000   0.01553   0.08001   0.03042   0.00000   0.00000   0.07453   0.11713   0.00000   0.05330   0.00000   0.07725   0.04823   0.00014   0.02475   0.18838   0.04585   0.05208   0.05916   0.02948   0.03856   0.04387   0.08010   0.03757   0.15180   0.02489   0.17534   0.02810   0.13729   0.07295   0.02703   0.00000   0.04466   0.01833   0.30591   0.04986   0.16559   0.00998   0.14804   0.05666   0.02460   0.09404   0.10755   0.13929   0.10733   0.00000   0.03504   0.00652   0.02114   0.03469   0.05522   0.02240   0.11400   0.00021   0.17811   0.11661   0.00000   0.00000   0.22488   0.10532   0.05707   0.32020   0.48127   0.32522   0.24597   0.34921   0.26935   0.30103   0.41102   0.22945   0.41254   0.40663   1.79185   0.99974   0.30896   1.94912   1.88626  
 33 663.9551  12578.453426  x:  0.30801   0.64282   0.29645   0.59321   0.28925   0.37364   0.64099   0.57211   0.39697   0.19037   0.15751   0.10386   0.00000   0.03974   0.20028   0.14899   0.20836   0.20953   0.12394   0.10681   0.13946   0.32143   0.10272   0.05794   0.28382   0.00083   0.40020   0.08262   0.24913   0.10747   0.12737   0.17501   0.21131   0.27122   0.34321   0.27966   0.24089   0.20514   0.04376   0.06520   0.15914   0.32535   0.05865   0.29557   0.21454   0.30033   0.05114   0.07598   0.16867   0.35723   0.04974   0.23258   0.01823   0.06748   0.09626   0.33020   0.01911   0.24253   0.00000   0.19306   0.12460   0.16258   0.03562   0.06691   0.03636   0.13051   0.03072   0.16575   0.02770   0.13839   0.03116   0.01371   0.07224   0.02932   0.00000   0.02838   0.26415   0.08100   0.08246   0.01518   0.00000   0.01544   0.07992   0.03022   0.00000   0.00000   0.07450   0.11722   0.00047   0.05306   0.00000   0.07648   0.04818   0.00071   0.02454   0.18755   0.04517   0.05152   0.05890   0.02943   0.03834   0.04378   0.08026   0.03758   0.15218   0.02489   0.17547   0.02806   0.13754   0.07301   0.02684   0.00000   0.04464   0.01820   0.30622   0.04999   0.16582   0.00990   0.14832   0.05653   0.02448   0.09409   0.10765   0.13944   0.10733   0.00000   0.03454   0.00652   0.02130   0.03438   0.05506   0.02224   0.11421   0.00000   0.17835   0.11670   0.00000   0.00000   0.22513   0.10531   0.05703   0.32056   0.48183   0.32557   0.24624   0.34957   0.26959   0.30133   0.41148   0.22965   0.41303   0.40713   1.79131   0.99974   0.30934   1.94905   1.88621  
 34 4616.9162  12571.805183  x:  0.30918   0.64571   0.29770   0.59575   0.29047   0.37523   0.64353   0.57427   0.39904   0.19120   0.15838   0.10443   0.00000   0.04007   0.20110   0.14957   0.20938   0.21062   0.12471   0.10704   0.13960   0.32279   0.10305   0.05824   0.28530   0.00077   0.40247   0.08284   0.25039   0.10756   0.12767   0.17576   0.21237   0.27214   0.34508   0.28106   0.24195   0.20586   0.04192   0.06439   0.15999   0.32688   0.05873   0.29689   0.21531   0.30177   0.05148   0.07616   0.16934   0.35906   0.04996   0.23341   0.01791   0.06721   0.09625   0.33199   0.01896   0.24372   0.00000   0.19387   0.12470   0.16337   0.03556   0.06647   0.03619   0.13062   0.03018   0.16585   0.02632   0.13913   0.03106   0.01378   0.07221   0.02841   0.00000   0.02812   0.26528   0.08087   0.08241   0.01483   0.00000   0.01542   0.07970   0.02986   0.00000   0.00000   0.07447   0.11753   0.00134   0.05253   0.00000   0.07385   0.04806   0.00000   0.02458   0.18465   0.04298   0.04991   0.05829   0.02950   0.03789   0.04366   0.08065   0.03750   0.15330   0.02480   0.17588   0.02791   0.13827   0.07317   0.02660   0.00000   0.04466   0.01829   0.30724   0.05033   0.16652   0.00975   0.14916   0.05618   0.02432   0.09426   0.10794   0.13990   0.10737   0.00000   0.03329   0.00655   0.02031   0.03377   0.05469   0.02187   0.11483   0.00000   0.17911   0.11704   0.00000   0.00000   0.22592   0.10530   0.05690   0.32173   0.48366   0.32674   0.24711   0.35073   0.27040   0.30231   0.41299   0.23027   0.41462   0.40878   1.78965   0.99974   0.30664   1.94933   1.88605  
 35 3206.9658  12563.383223  x:  0.31101   0.65026   0.29961   0.59969   0.29230   0.37770   0.64753   0.57766   0.40221   0.19222   0.15924   0.10476   0.00000   0.03955   0.20203   0.15010   0.21058   0.21186   0.12531   0.10717   0.13971   0.32469   0.10331   0.05829   0.28723   0.00010   0.40563   0.08284   0.25202   0.10751   0.12794   0.17655   0.21367   0.27344   0.34772   0.28304   0.24337   0.20674   0.03970   0.06432   0.16101   0.32901   0.05858   0.29871   0.21633   0.30378   0.05132   0.07601   0.17008   0.36162   0.04990   0.23455   0.01863   0.06752   0.09606   0.33444   0.01847   0.24519   0.00000   0.19494   0.12491   0.16413   0.03569   0.06639   0.03602   0.13105   0.03032   0.16613   0.02558   0.13976   0.03139   0.01364   0.07224   0.02959   0.00000   0.02789   0.26684   0.08064   0.08247   0.01512   0.00000   0.01599   0.07954   0.03047   0.00000   0.00000   0.07461   0.11785   0.00000   0.04923   0.00000   0.06976   0.05187   0.00093   0.02499   0.17956   0.04029   0.04925   0.05751   0.03437   0.03488   0.04388   0.08070   0.03691   0.15441   0.02437   0.17634   0.02748   0.13898   0.07306   0.02743   0.00000   0.04476   0.01907   0.30873   0.05042   0.16728   0.00989   0.15009   0.05585   0.02476   0.09444   0.10818   0.14033   0.10748   0.00000   0.03365   0.00659   0.01838   0.03461   0.05482   0.02189   0.11541   0.00000   0.18000   0.11739   0.00000   0.00000   0.22699   0.10538   0.05675   0.32356   0.48652   0.32855   0.24841   0.35252   0.27152   0.30373   0.41530   0.23119   0.41709   0.41126   1.78695   0.99974   0.30447   1.94950   1.88576  
 36 1677.5001  12562.500519  x:  0.31121   0.65075   0.29981   0.60010   0.29249   0.37797   0.64795   0.57802   0.40254   0.19232   0.15932   0.10478   0.00000   0.03946   0.20212   0.15014   0.21069   0.21197   0.12535   0.10718   0.13971   0.32489   0.10333   0.05828   0.28742   0.00000   0.40595   0.08283   0.25218   0.10749   0.12796   0.17662   0.21379   0.27357   0.34799   0.28325   0.24351   0.20682   0.03949   0.06435   0.16110   0.32923   0.05855   0.29890   0.21643   0.30398   0.05128   0.07598   0.17015   0.36188   0.04988   0.23467   0.01873   0.06757   0.09603   0.33469   0.01841   0.24534   0.00000   0.19505   0.12493   0.16419   0.03571   0.06640   0.03601   0.13110   0.03037   0.16616   0.02555   0.13981   0.03143   0.01363   0.07224   0.02978   0.00000   0.02787   0.26700   0.08062   0.08248   0.01517   0.00000   0.01605   0.07953   0.03055   0.00000   0.00000   0.07463   0.11788   0.00033   0.04888   0.00000   0.06933   0.05230   0.00070   0.02502   0.17899   0.04004   0.04924   0.05745   0.03489   0.03457   0.04393   0.08069   0.03683   0.15450   0.02432   0.17639   0.02742   0.13904   0.07303   0.02754   0.00000   0.04477   0.01914   0.30888   0.05041   0.16735   0.00992   0.15017   0.05583   0.02483   0.09445   0.10819   0.14036   0.10749   0.00000   0.03376   0.00659   0.01824   0.03474   0.05486   0.02190   0.11546   0.00000   0.18009   0.11742   0.00000   0.00000   0.22710   0.10539   0.05673   0.32375   0.48683   0.32875   0.24855   0.35271   0.27164   0.30388   0.41554   0.23128   0.41735   0.41152   1.78666   0.99974   0.30442   1.94950   1.88573  
 37 4493.4791  12559.375371  x:  0.31193   0.65254   0.30056   0.60165   0.29321   0.37894   0.64953   0.57936   0.40377   0.19268   0.15957   0.10481   0.00000   0.03908   0.20242   0.15029   0.21110   0.21239   0.12549   0.10720   0.13974   0.32561   0.10340   0.05824   0.28812   0.00000   0.40713   0.08278   0.25276   0.10744   0.12804   0.17687   0.21425   0.27406   0.34899   0.28400   0.24404   0.20713   0.03872   0.06453   0.16146   0.33003   0.05846   0.29958   0.21681   0.30474   0.05110   0.07584   0.17039   0.36284   0.04979   0.23509   0.01925   0.06783   0.09593   0.33560   0.01817   0.24586   0.00000   0.19544   0.12503   0.16442   0.03581   0.06648   0.03596   0.13132   0.03060   0.16630   0.02552   0.13997   0.03166   0.01350   0.07226   0.03079   0.00000   0.02782   0.26758   0.08053   0.08252   0.01555   0.00000   0.01639   0.07951   0.03102   0.00000   0.00000   0.07473   0.11799   0.00130   0.04821   0.00000   0.06768   0.05346   0.00000   0.02552   0.17684   0.03918   0.04923   0.05744   0.03653   0.03402   0.04415   0.08061   0.03651   0.15483   0.02409   0.17654   0.02722   0.13925   0.07293   0.02811   0.00000   0.04481   0.01956   0.30945   0.05037   0.16759   0.01005   0.15047   0.05574   0.02514   0.09451   0.10825   0.14049   0.10754   0.00000   0.03436   0.00660   0.01754   0.03544   0.05503   0.02201   0.11562   0.00000   0.18039   0.11753   0.00000   0.00000   0.22750   0.10544   0.05667   0.32447   0.48796   0.32946   0.24906   0.35341   0.27206   0.30442   0.41643   0.23164   0.41831   0.41248   1.78556   0.99974   0.30460   1.94944   1.88561  
 38 13058.1490  12559.375371  x:  0.31193   0.65254   0.30056   0.60165   0.29321   0.37894   0.64953   0.57936   0.40377   0.19268   0.15957   0.10481   0.00000   0.03908   0.20242   0.15029   0.21110   0.21239   0.12549   0.10720   0.13974   0.32561   0.10340   0.05824   0.28812   0.00000   0.40713   0.08278   0.25276   0.10744   0.12804   0.17687   0.21425   0.27406   0.34899   0.28400   0.24404   0.20713   0.03872   0.06453   0.16146   0.33003   0.05846   0.29958   0.21681   0.30474   0.05110   0.07584   0.17039   0.36284   0.04979   0.23509   0.01925   0.06783   0.09593   0.33560   0.01817   0.24586   0.00000   0.19544   0.12503   0.16442   0.03581   0.06648   0.03596   0.13132   0.03060   0.16630   0.02552   0.13997   0.03166   0.01350   0.07226   0.03079   0.00000   0.02782   0.26758   0.08053   0.08252   0.01555   0.00000   0.01639   0.07951   0.03102   0.00000   0.00000   0.07473   0.11799   0.00130   0.04821   0.00000   0.06768   0.05346   0.00000   0.02552   0.17684   0.03918   0.04923   0.05744   0.03653   0.03402   0.04415   0.08061   0.03651   0.15483   0.02409   0.17654   0.02722   0.13925   0.07293   0.02811   0.00000   0.04481   0.01956   0.30945   0.05037   0.16759   0.01005   0.15047   0.05574   0.02514   0.09451   0.10825   0.14049   0.10754   0.00000   0.03436   0.00660   0.01754   0.03544   0.05503   0.02201   0.11562   0.00000   0.18039   0.11753   0.00000   0.00000   0.22750   0.10544   0.05667   0.32447   0.48796   0.32946   0.24906   0.35341   0.27206   0.30442   0.41643   0.23164   0.41831   0.41248   1.78556   0.99974   0.30460   1.94944   1.88561  
 39 916.7651  12559.228848  x:  0.31196   0.65262   0.30059   0.60172   0.29324   0.37898   0.64959   0.57942   0.40383   0.19270   0.15959   0.10483   0.00000   0.03908   0.20244   0.15030   0.21113   0.21242   0.12551   0.10720   0.13974   0.32564   0.10340   0.05825   0.28815   0.00000   0.40719   0.08279   0.25280   0.10744   0.12805   0.17689   0.21427   0.27408   0.34904   0.28403   0.24406   0.20714   0.03867   0.06451   0.16148   0.33006   0.05846   0.29961   0.21683   0.30477   0.05111   0.07584   0.17041   0.36289   0.04980   0.23511   0.01924   0.06782   0.09593   0.33565   0.01816   0.24589   0.00000   0.19546   0.12503   0.16443   0.03580   0.06647   0.03595   0.13132   0.03059   0.16630   0.02549   0.13999   0.03165   0.01350   0.07226   0.03076   0.00000   0.02782   0.26761   0.08052   0.08252   0.01554   0.00000   0.01639   0.07950   0.03101   0.00000   0.00000   0.07473   0.11800   0.00149   0.04820   0.00000   0.06762   0.05345   0.00011   0.02552   0.17677   0.03912   0.04919   0.05743   0.03652   0.03401   0.04415   0.08062   0.03651   0.15486   0.02409   0.17655   0.02722   0.13926   0.07293   0.02810   0.00000   0.04481   0.01955   0.30947   0.05038   0.16761   0.01004   0.15049   0.05573   0.02513   0.09451   0.10826   0.14050   0.10754   0.00000   0.03433   0.00660   0.01752   0.03542   0.05502   0.02200   0.11564   0.00000   0.18041   0.11754   0.00000   0.00000   0.22752   0.10544   0.05667   0.32450   0.48800   0.32949   0.24908   0.35344   0.27208   0.30445   0.41647   0.23166   0.41835   0.41252   1.78552   0.99984   0.30454   1.94944   1.88561  
 40 650.6954  12497.561676  x:  0.33342   0.70556   0.32331   0.64802   0.31537   0.40804   0.69609   0.61886   0.44167   0.20765   0.17521   0.11492   0.00000   0.04525   0.21711   0.16069   0.22950   0.23183   0.13895   0.11124   0.14214   0.35024   0.10919   0.06322   0.31478   0.00000   0.44825   0.08653   0.27544   0.10895   0.13328   0.19020   0.23319   0.29080   0.38292   0.30940   0.26310   0.21999   0.00569   0.05055   0.17669   0.35780   0.05962   0.32339   0.23073   0.33094   0.05732   0.07922   0.18234   0.39609   0.05339   0.25009   0.01183   0.06205   0.09541   0.36798   0.01525   0.26719   0.00000   0.20998   0.12664   0.17856   0.03431   0.05847   0.03278   0.13318   0.02085   0.16805   0.00091   0.15316   0.02921   0.01571   0.07171   0.01123   0.00000   0.02325   0.28782   0.07802   0.08141   0.00714   0.00000   0.01397   0.07553   0.02307   0.00000   0.00000   0.07385   0.12410   0.13345   0.04062   0.00000   0.02023   0.04901   0.07245   0.02828   0.12269   0.00000   0.02121   0.04732   0.03039   0.02730   0.04393   0.08761   0.03506   0.17486   0.02276   0.18390   0.02431   0.15243   0.07557   0.02104   0.00000   0.04483   0.01725   0.32796   0.05638   0.18018   0.00669   0.16547   0.04914   0.02140   0.09734   0.11339   0.14868   0.10816   0.00000   0.01070   0.00706   0.00569   0.02241   0.04821   0.01507   0.12662   0.00000   0.19388   0.12330   0.00000   0.00000   0.24189   0.10530   0.05444   0.34596   0.52150   0.35086   0.26489   0.37472   0.28658   0.32227   0.44412   0.24293   0.44755   0.44257   1.75481   0.99782   0.26265   1.95359   1.88255  
 41 8930.6698  12489.940631  x:  0.33566   0.71108   0.32568   0.65285   0.31767   0.41107   0.70093   0.62297   0.44561   0.20918   0.17679   0.11591   0.00000   0.04581   0.21860   0.16174   0.23137   0.23381   0.14030   0.11164   0.14238   0.35278   0.10977   0.06370   0.31752   0.00000   0.45249   0.08690   0.27777   0.10909   0.13381   0.19155   0.23513   0.29253   0.38643   0.31203   0.26506   0.22131   0.00262   0.04940   0.17824   0.36066   0.05972   0.32585   0.23216   0.33365   0.05791   0.07954   0.18356   0.39951   0.05374   0.25164   0.01125   0.06155   0.09534   0.37132   0.01492   0.26937   0.00000   0.21148   0.12682   0.17998   0.03418   0.05773   0.03246   0.13344   0.02002   0.16827   0.00000   0.15449   0.02905   0.01584   0.07166   0.01014   0.00000   0.02274   0.28991   0.07776   0.08134   0.00711   0.00000   0.01380   0.07511   0.02242   0.00000   0.00000   0.07378   0.12472   0.14475   0.03986   0.00000   0.01550   0.04870   0.07822   0.02830   0.11710   0.00619   0.01941   0.04632   0.02989   0.02678   0.04377   0.08828   0.03487   0.17689   0.02261   0.18465   0.02399   0.15376   0.07581   0.02051   0.00000   0.04484   0.01711   0.32988   0.05697   0.18146   0.00640   0.16699   0.04849   0.02108   0.09762   0.11391   0.14950   0.10823   0.00000   0.00930   0.00710   0.00576   0.02142   0.04759   0.01442   0.12773   0.00000   0.19525   0.12387   0.00000   0.00000   0.24338   0.10530   0.05422   0.34820   0.52499   0.35309   0.26654   0.37694   0.28808   0.32412   0.44699   0.24411   0.45059   0.44569   1.75157   0.99765   0.26044   1.95381   1.88219  
 42 3521.4848  12477.013385  x:  0.33877   0.71877   0.32896   0.65955   0.32087   0.41528   0.70768   0.62870   0.45107   0.21124   0.17884   0.11712   0.00000   0.04633   0.22056   0.16307   0.23386   0.23641   0.14199   0.11213   0.14268   0.35625   0.11053   0.06425   0.32120   0.00000   0.45825   0.08731   0.28089   0.10922   0.13449   0.19330   0.23771   0.29489   0.39123   0.31565   0.26773   0.22307   0.00000   0.04901   0.18030   0.36455   0.05979   0.32920   0.23410   0.33733   0.05853   0.07984   0.18516   0.40418   0.05410   0.25373   0.01110   0.06123   0.09521   0.37585   0.01440   0.27228   0.00000   0.21351   0.12717   0.18173   0.03407   0.05701   0.03209   0.13404   0.01958   0.16874   0.00733   0.15617   0.02918   0.01567   0.07162   0.01226   0.00000   0.02192   0.29276   0.07744   0.08142   0.00974   0.00000   0.01384   0.07451   0.02216   0.00000   0.00000   0.07378   0.12558   0.15296   0.03902   0.00000   0.01042   0.04867   0.08097   0.02686   0.10915   0.00692   0.01799   0.04519   0.02969   0.02666   0.04309   0.08903   0.03444   0.17952   0.02234   0.18564   0.02349   0.15546   0.07603   0.02048   0.00000   0.04486   0.01730   0.33251   0.05769   0.18311   0.00619   0.16899   0.04772   0.02092   0.09800   0.11455   0.15055   0.10837   0.00000   0.01173   0.00712   0.00977   0.02135   0.04708   0.01381   0.12912   0.00000   0.19703   0.12457   0.00000   0.00000   0.24540   0.10536   0.05393   0.35132   0.52987   0.35619   0.26884   0.38004   0.29014   0.32666   0.45096   0.24574   0.45483   0.45000   1.74694   0.99753   0.26468   1.95341   1.88157  
 43 1866.9932  12477.013385  x:  0.33877   0.71877   0.32896   0.65955   0.32087   0.41528   0.70768   0.62870   0.45107   0.21124   0.17884   0.11712   0.00000   0.04633   0.22056   0.16307   0.23386   0.23641   0.14199   0.11213   0.14268   0.35625   0.11053   0.06425   0.32120   0.00000   0.45825   0.08731   0.28089   0.10922   0.13449   0.19330   0.23771   0.29489   0.39123   0.31565   0.26773   0.22307   0.00000   0.04901   0.18030   0.36455   0.05979   0.32920   0.23410   0.33733   0.05853   0.07984   0.18516   0.40418   0.05410   0.25373   0.01110   0.06123   0.09521   0.37585   0.01440   0.27228   0.00000   0.21351   0.12717   0.18173   0.03407   0.05701   0.03209   0.13404   0.01958   0.16874   0.00733   0.15617   0.02918   0.01567   0.07162   0.01226   0.00000   0.02192   0.29276   0.07744   0.08142   0.00974   0.00000   0.01384   0.07451   0.02216   0.00000   0.00000   0.07378   0.12558   0.15296   0.03902   0.00000   0.01042   0.04867   0.08097   0.02686   0.10915   0.00692   0.01799   0.04519   0.02969   0.02666   0.04309   0.08903   0.03444   0.17952   0.02234   0.18564   0.02349   0.15546   0.07603   0.02048   0.00000   0.04486   0.01730   0.33251   0.05769   0.18311   0.00619   0.16899   0.04772   0.02092   0.09800   0.11455   0.15055   0.10837   0.00000   0.01173   0.00712   0.00977   0.02135   0.04708   0.01381   0.12912   0.00000   0.19703   0.12457   0.00000   0.00000   0.24540   0.10536   0.05393   0.35132   0.52987   0.35619   0.26884   0.38004   0.29014   0.32666   0.45096   0.24574   0.45483   0.45000   1.74694   0.99753   0.26468   1.95341   1.88157  
 44 2206.5062  12470.691450  x:  0.33880   0.71883   0.32899   0.65961   0.32089   0.41531   0.70773   0.62874   0.45112   0.21125   0.17885   0.11712   0.00000   0.04632   0.22057   0.16308   0.23388   0.23642   0.14200   0.11213   0.14269   0.35627   0.11054   0.06425   0.32122   0.00000   0.45830   0.08731   0.28091   0.10922   0.13450   0.19331   0.23773   0.29491   0.39127   0.31568   0.26775   0.22308   0.00003   0.04903   0.18031   0.36458   0.05979   0.32922   0.23412   0.33736   0.05853   0.07984   0.18517   0.40422   0.05410   0.25375   0.01111   0.06124   0.09521   0.37588   0.01440   0.27230   0.00000   0.21353   0.12717   0.18174   0.03407   0.05701   0.03209   0.13404   0.01959   0.16874   0.00734   0.15618   0.02918   0.01566   0.07162   0.01232   0.00000   0.02191   0.29278   0.07744   0.08143   0.00977   0.00000   0.01385   0.07451   0.02217   0.00000   0.00000   0.07378   0.12559   0.15290   0.03901   0.00000   0.01042   0.04868   0.08090   0.02683   0.10908   0.00702   0.01802   0.04519   0.02970   0.02667   0.04308   0.08903   0.03443   0.17953   0.02233   0.18564   0.02348   0.15547   0.07603   0.02049   0.00000   0.04486   0.01731   0.33253   0.05769   0.18312   0.00619   0.16901   0.04772   0.02093   0.09800   0.11456   0.15055   0.10837   0.00000   0.01179   0.00712   0.00980   0.02137   0.04708   0.01381   0.12912   0.00000   0.19705   0.12458   0.00000   0.00000   0.24542   0.10536   0.05393   0.35134   0.52991   0.35622   0.26885   0.38006   0.29015   0.32668   0.45099   0.24575   0.45486   0.45003   1.74690   0.99950   0.26482   1.95339   1.88156  
 45 3590.4155  12432.734529  x:  0.35720   0.76449   0.34822   0.69912   0.33943   0.44020   0.74766   0.66258   0.48302   0.22153   0.18778   0.12056   0.00000   0.04415   0.22961   0.16836   0.24595   0.24872   0.14829   0.11320   0.14331   0.37512   0.11346   0.06489   0.34033   0.00000   0.48980   0.08752   0.29697   0.10852   0.13704   0.20087   0.25056   0.30761   0.41818   0.33614   0.28198   0.23190   0.01479   0.06652   0.19018   0.38558   0.05830   0.34745   0.24423   0.35738   0.05825   0.07883   0.19265   0.42975   0.05371   0.26471   0.01935   0.06436   0.09305   0.40039   0.00947   0.28691   0.00000   0.22378   0.12888   0.18938   0.03413   0.05723   0.03034   0.13772   0.02349   0.17088   0.01707   0.16237   0.03109   0.00942   0.07116   0.05307   0.00000   0.01496   0.30836   0.07471   0.08388   0.03249   0.00000   0.01742   0.07041   0.02958   0.00000   0.00000   0.07442   0.12980   0.10416   0.03750   0.00000   0.01381   0.05530   0.02916   0.00000   0.05968   0.08412   0.04012   0.04294   0.03536   0.03418   0.03206   0.08962   0.02852   0.19125   0.01917   0.19004   0.01878   0.16246   0.07468   0.02968   0.00000   0.04439   0.02243   0.34701   0.05940   0.19022   0.00685   0.17818   0.04449   0.02347   0.09906   0.11656   0.15443   0.10908   0.00000   0.05705   0.00505   0.03406   0.03880   0.04880   0.01392   0.13427   0.00000   0.20500   0.12643   0.00000   0.00000   0.25612   0.10585   0.05193   0.36974   0.55877   0.37443   0.28215   0.39822   0.30121   0.34071   0.47377   0.25514   0.47967   0.47466   1.71768   0.99793   0.35903   1.94505   1.88001  
 46 561.2510  12425.689922  x:  0.36574   0.78570   0.35713   0.71748   0.34799   0.45175   0.76624   0.67831   0.49778   0.22623   0.19187   0.12214   0.00000   0.04317   0.23379   0.17079   0.25150   0.25438   0.15115   0.11371   0.14361   0.38384   0.11471   0.06511   0.34915   0.00000   0.50440   0.08753   0.30439   0.10816   0.13819   0.20435   0.25647   0.31348   0.43064   0.34554   0.28852   0.23593   0.01981   0.07339   0.19470   0.39529   0.05751   0.35586   0.24885   0.36663   0.05818   0.07844   0.19605   0.44159   0.05344   0.26976   0.02254   0.06551   0.09200   0.41172   0.00727   0.29365   0.00000   0.22852   0.12966   0.19290   0.03426   0.05736   0.02966   0.13932   0.02514   0.17185   0.02034   0.16520   0.03187   0.00826   0.07104   0.06823   0.00000   0.01203   0.31556   0.07346   0.08504   0.04014   0.00000   0.01873   0.06859   0.03245   0.00000   0.00000   0.07470   0.13175   0.08146   0.03685   0.00000   0.01500   0.05809   0.00684   0.02633   0.03743   0.11393   0.04784   0.04205   0.03765   0.03693   0.02771   0.08992   0.02588   0.19664   0.01785   0.19209   0.01667   0.16569   0.07405   0.03303   0.00000   0.04425   0.02413   0.35373   0.06020   0.19349   0.00710   0.18238   0.04306   0.02459   0.09956   0.11750   0.15622   0.10944   0.00000   0.07402   0.00491   0.04247   0.04525   0.04954   0.01404   0.13662   0.00000   0.20866   0.12731   0.00000   0.00000   0.26108   0.10612   0.05111   0.37828   0.57213   0.38288   0.28826   0.40659   0.30632   0.34720   0.48436   0.25944   0.49116   0.48608   1.70469   0.99734   0.38925   1.94302   1.87929  
 47 3191.9057  12415.360003  x:  0.36855   0.79271   0.36005   0.72356   0.35075   0.45554   0.77241   0.68352   0.50259   0.22768   0.19316   0.12265   0.00000   0.04291   0.23515   0.17156   0.25327   0.25619   0.15203   0.11390   0.14371   0.38668   0.11500   0.06507   0.35199   0.00000   0.50916   0.08741   0.30678   0.10800   0.13852   0.20545   0.25835   0.31539   0.43471   0.34852   0.29059   0.23718   0.01944   0.07420   0.19611   0.39844   0.05712   0.35856   0.25029   0.36963   0.05827   0.07843   0.19707   0.44546   0.05326   0.27139   0.02280   0.06552   0.09159   0.41540   0.00670   0.29580   0.00000   0.23007   0.12993   0.19404   0.03444   0.05744   0.02964   0.13972   0.02546   0.17216   0.02000   0.16608   0.03198   0.01030   0.07114   0.06943   0.00000   0.01155   0.31789   0.07311   0.08548   0.03965   0.00000   0.01873   0.06813   0.03267   0.00000   0.00000   0.07477   0.13240   0.07395   0.03679   0.00000   0.01483   0.05859   0.00000   0.02652   0.03009   0.11786   0.04799   0.04209   0.03801   0.03685   0.02765   0.09006   0.02518   0.19835   0.01765   0.19277   0.01609   0.16673   0.07384   0.03303   0.00000   0.04433   0.02388   0.35596   0.06049   0.19455   0.00712   0.18370   0.04269   0.02487   0.09974   0.11782   0.15679   0.10960   0.00000   0.07557   0.00560   0.04229   0.04550   0.04971   0.01418   0.13734   0.00000   0.20981   0.12762   0.00000   0.00000   0.26270   0.10629   0.05100   0.38110   0.57651   0.38566   0.29022   0.40929   0.30797   0.34931   0.48787   0.26080   0.49491   0.48984   1.70114   0.99733   0.38436   1.94461   1.87902  
 48 1023.9454  12399.723932  x:  0.37470   0.80808   0.36643   0.73685   0.35676   0.46385   0.78593   0.69491   0.51306   0.23071   0.19578   0.12357   0.00000   0.04231   0.23793   0.17310   0.25697   0.25992   0.15372   0.11424   0.14387   0.39274   0.11549   0.06475   0.35800   0.00000   0.51939   0.08700   0.31182   0.10755   0.13913   0.20766   0.26228   0.31945   0.44347   0.35490   0.29499   0.23974   0.01803   0.07540   0.19903   0.40517   0.05609   0.36433   0.25330   0.37607   0.05840   0.07840   0.19913   0.45379   0.05267   0.27480   0.02294   0.06531   0.09058   0.42326   0.00549   0.30031   0.00000   0.23334   0.13045   0.19633   0.03463   0.05753   0.02947   0.14044   0.02587   0.17278   0.01909   0.16777   0.03183   0.00000   0.07119   0.07097   0.00000   0.01096   0.32282   0.07236   0.08626   0.03803   0.00000   0.01857   0.06736   0.03277   0.00000   0.00000   0.07483   0.13355   0.05808   0.03655   0.00000   0.01551   0.05930   0.00000   0.02676   0.01619   0.12407   0.05077   0.04251   0.03884   0.03591   0.02855   0.09020   0.02363   0.20189   0.01733   0.19417   0.01481   0.16885   0.07330   0.03273   0.00000   0.04449   0.02339   0.36073   0.06100   0.19668   0.00687   0.18637   0.04182   0.02516   0.10004   0.11843   0.15791   0.10988   0.00000   0.07783   0.00121   0.04116   0.04529   0.04984   0.01419   0.13871   0.00000   0.21213   0.12817   0.00000   0.00000   0.26617   0.10665   0.05077   0.38725   0.58608   0.39174   0.29445   0.41516   0.31147   0.35382   0.49549   0.26373   0.50308   0.49799   1.69344   0.99734   0.37325   1.94790   1.87836  
 49 4388.9834  12398.803336  x:  0.37508   0.80905   0.36682   0.73767   0.35712   0.46437   0.78678   0.69562   0.51371   0.23087   0.19591   0.12359   0.00000   0.04226   0.23807   0.17317   0.25716   0.26012   0.15378   0.11424   0.14386   0.39309   0.11550   0.06469   0.35833   0.00000   0.51999   0.08695   0.31210   0.10750   0.13915   0.20776   0.26249   0.31968   0.44399   0.35528   0.29523   0.23986   0.01787   0.07540   0.19918   0.40557   0.05599   0.36467   0.25347   0.37645   0.05840   0.07840   0.19922   0.45428   0.05260   0.27499   0.02289   0.06527   0.09049   0.42371   0.00542   0.30055   0.00000   0.23353   0.13047   0.19644   0.03460   0.05752   0.02943   0.14045   0.02584   0.17281   0.01903   0.16783   0.03180   0.00010   0.07119   0.07095   0.00000   0.01101   0.32309   0.07231   0.08627   0.03790   0.00000   0.01854   0.06735   0.03271   0.00000   0.00000   0.07482   0.13357   0.05720   0.03651   0.00000   0.01577   0.05927   0.00000   0.02678   0.01575   0.12414   0.05148   0.04259   0.03891   0.03573   0.02877   0.09018   0.02352   0.20206   0.01732   0.19423   0.01472   0.16894   0.07324   0.03268   0.00000   0.04450   0.02339   0.36101   0.06100   0.19678   0.00680   0.18649   0.04175   0.02511   0.10004   0.11845   0.15795   0.10988   0.00000   0.07785   0.00000   0.04102   0.04517   0.04980   0.01413   0.13875   0.00000   0.21223   0.12818   0.00000   0.00000   0.26637   0.10666   0.05076   0.38763   0.58667   0.39211   0.29471   0.41552   0.31167   0.35408   0.49595   0.26391   0.50359   0.49848   1.69295   0.99734   0.37283   1.94801   1.87830  
 50 1830.9873  12355.384343  x:  0.39495   0.85951   0.38705   0.78070   0.37586   0.49145   0.83073   0.73251   0.54727   0.23754   0.20046   0.12210   0.00000   0.03915   0.24323   0.17491   0.26521   0.26756   0.15433   0.11332   0.14267   0.40958   0.11452   0.05888   0.37318   0.00000   0.54881   0.08232   0.32431   0.10368   0.13878   0.21035   0.27116   0.33044   0.46967   0.37342   0.30640   0.24390   0.00521   0.07044   0.20531   0.42416   0.04875   0.38040   0.26052   0.39476   0.05762   0.07788   0.20191   0.47821   0.04696   0.28321   0.01631   0.06098   0.08470   0.44538   0.00181   0.31070   0.00000   0.24188   0.13081   0.19987   0.03012   0.05536   0.02562   0.13945   0.02121   0.17342   0.01590   0.16848   0.02798   0.00052   0.06984   0.06217   0.00000   0.01824   0.33494   0.06974   0.08503   0.02869   0.00000   0.01550   0.06935   0.02612   0.00000   0.00000   0.07300   0.13142   0.01786   0.03364   0.00000   0.04173   0.05365   0.00000   0.02731   0.01995   0.10726   0.11993   0.05064   0.04306   0.01852   0.05030   0.08720   0.01753   0.20865   0.01807   0.19666   0.00952   0.17201   0.06919   0.02825   0.00000   0.04422   0.02523   0.37452   0.05982   0.19992   0.00000   0.19041   0.03701   0.01893   0.09866   0.11804   0.15836   0.10935   0.00000   0.07118   0.00167   0.03171   0.03549   0.04557   0.00775   0.13826   0.00000   0.21515   0.12687   0.00000   0.00000   0.27570   0.10732   0.04968   0.40749   0.61759   0.41167   0.30765   0.43394   0.32064   0.36655   0.51920   0.27252   0.52953   0.52313   1.66754   0.99727   0.36683   1.94819   1.87444  
 51 1345.6808  12290.684779  x:  0.44915   1.00017   0.44138   0.89908   0.42504   0.56603   0.95223   0.83374   0.63805   0.24881   0.20628   0.11169   0.00000   0.03532   0.24986   0.17447   0.27920   0.27849   0.14736   0.10953   0.13772   0.44720   0.10615   0.03266   0.40348   0.00000   0.61810   0.06381   0.34885   0.08958   0.13377   0.20873   0.28630   0.35465   0.53563   0.41733   0.33075   0.24615   0.00389   0.07292   0.21326   0.46745   0.01924   0.41704   0.27323   0.43918   0.05669   0.07847   0.20061   0.53742   0.02458   0.30087   0.03662   0.06922   0.06917   0.49650   0.01200   0.32776   0.00000   0.25798   0.13256   0.20223   0.04127   0.06132   0.02745   0.13854   0.02665   0.17457   0.02509   0.16410   0.04228   0.00086   0.06754   0.01735   0.00000   0.03720   0.35655   0.06202   0.07303   0.01907   0.00000   0.02958   0.08646   0.04141   0.00000   0.00000   0.07475   0.11479   0.00672   0.05626   0.00000   0.00851   0.03585   0.00000   0.02667   0.04559   0.00000   0.31061   0.04961   0.03469   0.12664   0.02630   0.07030   0.00715   0.22016   0.03064   0.20401   0.00124   0.17623   0.05971   0.03485   0.00000   0.04386   0.02145   0.40783   0.06797   0.20573   0.06689   0.19720   0.04820   0.04285   0.09781   0.11642   0.15475   0.11211   0.00000   0.02694   0.00359   0.01117   0.03007   0.05095   0.04886   0.13461   0.00000   0.21687   0.12243   0.00000   0.00000   0.29870   0.11081   0.04546   0.46169   0.70198   0.46476   0.34062   0.48247   0.33916   0.39540   0.57938   0.29324   0.59905   0.58620   1.60506   0.99693   0.36042   1.94008   1.85960  
 52 740.7369  12290.684779  x:  0.44915   1.00017   0.44138   0.89908   0.42504   0.56603   0.95223   0.83374   0.63805   0.24881   0.20628   0.11169   0.00000   0.03532   0.24986   0.17447   0.27920   0.27849   0.14736   0.10953   0.13772   0.44720   0.10615   0.03266   0.40348   0.00000   0.61810   0.06381   0.34885   0.08958   0.13377   0.20873   0.28630   0.35465   0.53563   0.41733   0.33075   0.24615   0.00389   0.07292   0.21326   0.46745   0.01924   0.41704   0.27323   0.43918   0.05669   0.07847   0.20061   0.53742   0.02458   0.30087   0.03662   0.06922   0.06917   0.49650   0.01200   0.32776   0.00000   0.25798   0.13256   0.20223   0.04127   0.06132   0.02745   0.13854   0.02665   0.17457   0.02509   0.16410   0.04228   0.00086   0.06754   0.01735   0.00000   0.03720   0.35655   0.06202   0.07303   0.01907   0.00000   0.02958   0.08646   0.04141   0.00000   0.00000   0.07475   0.11479   0.00672   0.05626   0.00000   0.00851   0.03585   0.00000   0.02667   0.04559   0.00000   0.31061   0.04961   0.03469   0.12664   0.02630   0.07030   0.00715   0.22016   0.03064   0.20401   0.00124   0.17623   0.05971   0.03485   0.00000   0.04386   0.02145   0.40783   0.06797   0.20573   0.06689   0.19720   0.04820   0.04285   0.09781   0.11642   0.15475   0.11211   0.00000   0.02694   0.00359   0.01117   0.03007   0.05095   0.04886   0.13461   0.00000   0.21687   0.12243   0.00000   0.00000   0.29870   0.11081   0.04546   0.46169   0.70198   0.46476   0.34062   0.48247   0.33916   0.39540   0.57938   0.29324   0.59905   0.58620   1.60506   0.99693   0.36042   1.94008   1.85960  
 53 2293.8207  12284.029464  x:  0.44918   1.00026   0.44142   0.89916   0.42507   0.56608   0.95231   0.83381   0.63810   0.24882   0.20630   0.11171   0.00000   0.03534   0.24988   0.17448   0.27922   0.27851   0.14738   0.10954   0.13773   0.44723   0.10615   0.03265   0.40351   0.00000   0.61815   0.06382   0.34888   0.08958   0.13378   0.20874   0.28632   0.35468   0.53568   0.41736   0.33077   0.24616   0.00385   0.07290   0.21327   0.46749   0.01923   0.41707   0.27324   0.43921   0.05670   0.07848   0.20062   0.53747   0.02458   0.30089   0.03656   0.06919   0.06915   0.49654   0.01196   0.32779   0.00000   0.25800   0.13255   0.20225   0.04124   0.06132   0.02745   0.13855   0.02663   0.17458   0.02501   0.16411   0.04227   0.00254   0.06757   0.01740   0.00000   0.03717   0.35657   0.06203   0.07305   0.01902   0.00000   0.02953   0.08644   0.04136   0.00000   0.00000   0.07475   0.11482   0.00675   0.05622   0.00000   0.00852   0.03595   0.00078   0.02672   0.04548   0.00018   0.31047   0.04962   0.03469   0.12651   0.02641   0.07033   0.00716   0.22018   0.03063   0.20400   0.00124   0.17625   0.05972   0.03481   0.00000   0.04387   0.02143   0.40785   0.06796   0.20574   0.06680   0.19721   0.04816   0.04280   0.09781   0.11643   0.15476   0.11211   0.00000   0.02691   0.00376   0.01123   0.03007   0.05095   0.04880   0.13462   0.00000   0.21689   0.12245   0.00000   0.00000   0.29872   0.11082   0.04548   0.46173   0.70203   0.46480   0.34064   0.48250   0.33917   0.39542   0.57942   0.29326   0.59909   0.58624   1.60506   0.99975   0.35985   1.94019   1.85958  
 54 2583.1893  12281.959734  x:  0.44941   1.00085   0.44165   0.89966   0.42527   0.56638   0.95283   0.83423   0.63847   0.24892   0.20642   0.11181   0.00000   0.03542   0.24998   0.17456   0.27935   0.27865   0.14747   0.10962   0.13779   0.44743   0.10615   0.03263   0.40370   0.00000   0.61850   0.06383   0.34905   0.08961   0.13383   0.20884   0.28645   0.35482   0.53601   0.41755   0.33092   0.24623   0.00356   0.07277   0.21334   0.46771   0.01914   0.41727   0.27333   0.43943   0.05674   0.07855   0.20066   0.53777   0.02457   0.30100   0.03618   0.06898   0.06903   0.49678   0.01170   0.32793   0.00000   0.25813   0.13254   0.20236   0.04109   0.06131   0.02753   0.13860   0.02650   0.17462   0.02453   0.16423   0.04208   0.00774   0.06775   0.01771   0.00000   0.03703   0.35671   0.06209   0.07322   0.01870   0.00000   0.02917   0.08630   0.04104   0.00000   0.00000   0.07476   0.11500   0.00663   0.05601   0.00000   0.00860   0.03654   0.00392   0.02700   0.04476   0.00129   0.30955   0.04965   0.03464   0.12568   0.02713   0.07051   0.00726   0.22030   0.03051   0.20399   0.00119   0.17636   0.05981   0.03451   0.00000   0.04396   0.02130   0.40802   0.06784   0.20578   0.06620   0.19727   0.04787   0.04245   0.09784   0.11649   0.15486   0.11210   0.00000   0.02669   0.00478   0.01161   0.03003   0.05095   0.04836   0.13467   0.00000   0.21698   0.12254   0.00000   0.00000   0.29882   0.11085   0.04561   0.46195   0.70238   0.46501   0.34077   0.48270   0.33928   0.39556   0.57969   0.29333   0.59938   0.58652   1.60505   0.99794   0.35611   1.94088   1.85952  
 55 1049.6559  12254.744280  x:  0.45214   1.00796   0.44441   0.90573   0.42769   0.57007   0.95910   0.83941   0.64290   0.25008   0.20783   0.11294   0.00000   0.03638   0.25127   0.17554   0.28084   0.28021   0.14856   0.11054   0.13845   0.44975   0.10619   0.03232   0.40601   0.00000   0.62271   0.06396   0.35104   0.08988   0.13437   0.20996   0.28803   0.35651   0.53993   0.41991   0.33262   0.24702   0.00010   0.07127   0.21419   0.47038   0.01812   0.41963   0.27438   0.44203   0.05724   0.07936   0.20122   0.54138   0.02445   0.30227   0.03152   0.06646   0.06758   0.49976   0.00857   0.32971   0.00000   0.25959   0.13233   0.20362   0.03921   0.06116   0.02836   0.13913   0.02491   0.17507   0.01865   0.16555   0.03892   0.00366   0.06920   0.02121   0.00000   0.03524   0.35833   0.06278   0.07525   0.01495   0.00000   0.02482   0.08456   0.03713   0.00000   0.00000   0.07481   0.11720   0.00000   0.05423   0.00000   0.00957   0.04210   0.01080   0.02983   0.03568   0.01207   0.29826   0.04993   0.03290   0.11595   0.03512   0.07264   0.00830   0.22174   0.02906   0.20379   0.00063   0.17767   0.06077   0.03101   0.00000   0.04502   0.01978   0.41006   0.06646   0.20625   0.05893   0.19794   0.04433   0.03817   0.09816   0.11725   0.15600   0.11191   0.00000   0.02401   0.01305   0.01566   0.02955   0.05095   0.04314   0.13534   0.00000   0.21801   0.12361   0.00000   0.00000   0.29999   0.11115   0.04717   0.46469   0.70655   0.46766   0.34233   0.48508   0.34053   0.39729   0.58294   0.29428   0.60283   0.58991   1.60494   0.99840   0.31136   1.94909   1.85876  
 56 891.6546  12253.991163  x:  0.45226   1.00827   0.44453   0.90599   0.42779   0.57023   0.95937   0.83963   0.64309   0.25013   0.20788   0.11297   0.00000   0.03640   0.25132   0.17557   0.28089   0.28027   0.14860   0.11057   0.13847   0.44984   0.10620   0.03230   0.40611   0.00000   0.62288   0.06397   0.35112   0.08989   0.13439   0.21000   0.28810   0.35657   0.54009   0.42001   0.33269   0.24705   0.00000   0.07123   0.21423   0.47049   0.01808   0.41973   0.27442   0.44214   0.05725   0.07938   0.20124   0.54153   0.02444   0.30232   0.03136   0.06637   0.06751   0.49988   0.00844   0.32978   0.00000   0.25965   0.13232   0.20366   0.03914   0.06115   0.02837   0.13916   0.02485   0.17508   0.01846   0.16559   0.03882   0.00395   0.06924   0.02120   0.00000   0.03517   0.35839   0.06279   0.07531   0.01491   0.00000   0.02467   0.08449   0.03699   0.00000   0.00000   0.07480   0.11727   0.00000   0.05421   0.00000   0.00962   0.04211   0.01024   0.02983   0.03520   0.01187   0.29775   0.04994   0.03279   0.11556   0.03520   0.07271   0.00831   0.22179   0.02900   0.20378   0.00060   0.17772   0.06079   0.03090   0.00000   0.04504   0.01975   0.41014   0.06640   0.20627   0.05863   0.19797   0.04419   0.03802   0.09816   0.11727   0.15603   0.11190   0.00000   0.02395   0.01271   0.01558   0.02953   0.05094   0.04294   0.13536   0.00000   0.21805   0.12365   0.00000   0.00000   0.30004   0.11115   0.04721   0.46480   0.70673   0.46778   0.34240   0.48518   0.34058   0.39736   0.58308   0.29432   0.60298   0.59005   1.60489   0.99837   0.31033   1.94929   1.85873  
 57 897.0644  12247.598254  x:  0.45411   1.01305   0.44639   0.91008   0.42948   0.57275   0.96353   0.84309   0.64618   0.25089   0.20865   0.11336   0.00000   0.03651   0.25197   0.17603   0.28177   0.28117   0.14909   0.11091   0.13872   0.45130   0.10627   0.03200   0.40753   0.00000   0.62555   0.06401   0.35231   0.08992   0.13464   0.21052   0.28903   0.35762   0.54265   0.42163   0.33382   0.24745   0.00000   0.07103   0.21477   0.47222   0.01735   0.42125   0.27510   0.44386   0.05729   0.07955   0.20153   0.54384   0.02418   0.30311   0.02938   0.06540   0.06659   0.50179   0.00645   0.33085   0.00000   0.26048   0.13220   0.20425   0.03818   0.06110   0.02830   0.13953   0.02408   0.17529   0.01638   0.16621   0.03763   0.00276   0.06959   0.02031   0.00000   0.03416   0.35934   0.06300   0.07598   0.01543   0.00000   0.02312   0.08355   0.03540   0.00000   0.00000   0.07477   0.11824   0.00000   0.05389   0.00000   0.00951   0.04167   0.01405   0.02959   0.02790   0.00755   0.28977   0.05023   0.03191   0.10944   0.03506   0.07340   0.00809   0.22255   0.02816   0.20364   0.00000   0.17834   0.06104   0.02987   0.00000   0.04515   0.01967   0.41137   0.06560   0.20646   0.05419   0.19841   0.04238   0.03591   0.09826   0.11753   0.15654   0.11174   0.00000   0.02366   0.00717   0.01381   0.02928   0.05073   0.04010   0.13568   0.00000   0.21856   0.12406   0.00000   0.00000   0.30074   0.11112   0.04757   0.46666   0.70958   0.46962   0.34354   0.48685   0.34138   0.39848   0.58520   0.29502   0.60536   0.59230   1.60348   0.99841   0.30657   1.95052   1.85813  
 58 726.0815  12231.002626  x:  0.46059   1.02978   0.45287   0.92438   0.43543   0.58159   0.97807   0.85515   0.65704   0.25348   0.21117   0.11444   0.00000   0.03659   0.25409   0.17747   0.28470   0.28415   0.15063   0.11190   0.13946   0.45630   0.10656   0.03085   0.41237   0.00000   0.63478   0.06410   0.35634   0.08992   0.13543   0.21218   0.29217   0.36118   0.55151   0.42724   0.33774   0.24873   0.00000   0.07068   0.21664   0.47819   0.01478   0.42649   0.27742   0.44985   0.05730   0.07993   0.20245   0.55186   0.02323   0.30590   0.02451   0.06327   0.06360   0.50842   0.00000   0.33451   0.00000   0.26326   0.13200   0.20608   0.03564   0.06125   0.02790   0.14105   0.02221   0.17603   0.01231   0.16813   0.03510   0.00316   0.07033   0.01944   0.00000   0.03110   0.36259   0.06355   0.07785   0.01589   0.00000   0.01990   0.08072   0.03168   0.00000   0.00000   0.07482   0.12116   0.00000   0.05333   0.00000   0.00535   0.04083   0.01300   0.03033   0.00702   0.01073   0.26169   0.05087   0.02972   0.08893   0.03394   0.07521   0.00702   0.22513   0.02587   0.20331   0.00000   0.18034   0.06161   0.02799   0.00000   0.04523   0.01990   0.41561   0.06343   0.20713   0.03964   0.20010   0.03732   0.03015   0.09868   0.11829   0.15810   0.11137   0.00000   0.02356   0.01136   0.01488   0.02911   0.05025   0.03174   0.13681   0.00000   0.22024   0.12531   0.00000   0.00000   0.30318   0.11089   0.04842   0.47314   0.71958   0.47609   0.34754   0.49271   0.34409   0.40234   0.59258   0.29751   0.61370   0.60013   1.59798   0.99840   0.31101   1.95243   1.85602  
 59 1021.2846  12216.608054  x:  0.46779   1.04842   0.46006   0.94029   0.44200   0.59141   0.99422   0.86853   0.66908   0.25619   0.21365   0.11526   0.00000   0.03633   0.25621   0.17882   0.28772   0.28721   0.15202   0.11271   0.14005   0.46168   0.10672   0.02933   0.41753   0.00000   0.64482   0.06393   0.36058   0.08973   0.13611   0.21377   0.29543   0.36497   0.56125   0.43330   0.34194   0.24990   0.00000   0.07067   0.21852   0.48469   0.01174   0.43212   0.27981   0.45641   0.05730   0.08011   0.20329   0.56067   0.02213   0.30904   0.02300   0.06306   0.06085   0.51570   0.00000   0.33840   0.00000   0.26611   0.13214   0.20775   0.03441   0.06193   0.02761   0.14297   0.02166   0.17690   0.01329   0.16992   0.03479   0.00341   0.07052   0.02042   0.00000   0.02867   0.36611   0.06391   0.07931   0.01547   0.00000   0.01983   0.07848   0.03079   0.00000   0.00000   0.07518   0.12383   0.00000   0.05372   0.00000   0.02157   0.04100   0.01216   0.03124   0.00000   0.01884   0.22953   0.05168   0.02980   0.06824   0.03297   0.07630   0.00592   0.22789   0.02471   0.20318   0.00000   0.18228   0.06172   0.02827   0.00000   0.04510   0.02024   0.42014   0.06241   0.20799   0.02601   0.20226   0.03460   0.02722   0.09934   0.11894   0.15952   0.11134   0.00000   0.02410   0.00975   0.01487   0.02929   0.05008   0.02588   0.13815   0.00000   0.22195   0.12647   0.00000   0.00000   0.30594   0.11054   0.04892   0.48034   0.73068   0.48326   0.35193   0.49917   0.34696   0.40649   0.60070   0.30020   0.62293   0.60874   1.59234   0.99838   0.31523   1.95464   1.85364  
 60 1476.8368  12190.321869  x:  0.48394   1.09036   0.47616   0.97604   0.45668   0.61348   1.03054   0.89860   0.69608   0.26205   0.21887   0.11668   0.00000   0.03550   0.26070   0.18157   0.29421   0.29373   0.15472   0.11424   0.14114   0.47351   0.10688   0.02563   0.42884   0.00000   0.66712   0.06320   0.36981   0.08910   0.13740   0.21701   0.30247   0.37326   0.58299   0.44670   0.35118   0.25223   0.00000   0.07096   0.22251   0.49907   0.00468   0.44454   0.28498   0.47097   0.05729   0.08032   0.20492   0.58026   0.01956   0.31605   0.02241   0.06381   0.05523   0.53177   0.00000   0.34677   0.00000   0.27224   0.13280   0.21114   0.03325   0.06337   0.02719   0.14694   0.02171   0.17871   0.01604   0.17347   0.03526   0.00383   0.07062   0.02019   0.00000   0.02430   0.37383   0.06426   0.08176   0.01606   0.00000   0.02092   0.07449   0.03087   0.00000   0.00000   0.07602   0.12864   0.00000   0.05438   0.00000   0.02161   0.03813   0.01103   0.02862   0.02260   0.03035   0.15638   0.05227   0.03098   0.02656   0.03231   0.07760   0.00346   0.23383   0.02343   0.20330   0.00000   0.18635   0.06146   0.02951   0.00000   0.04485   0.02053   0.43007   0.06172   0.21017   0.00000   0.20725   0.03165   0.02440   0.10095   0.12020   0.16229   0.11161   0.00000   0.02497   0.00213   0.01253   0.02959   0.04995   0.01701   0.14119   0.00000   0.22560   0.12876   0.00000   0.00000   0.31219   0.10983   0.04944   0.49649   0.75557   0.49934   0.36171   0.51357   0.35322   0.41565   0.61882   0.30613   0.64360   0.62796   1.58052   0.99830   0.31834   1.96054   1.84821  
 61 1841.9000  12190.321869  x:  0.48394   1.09036   0.47616   0.97604   0.45668   0.61348   1.03054   0.89860   0.69608   0.26205   0.21887   0.11668   0.00000   0.03550   0.26070   0.18157   0.29421   0.29373   0.15472   0.11424   0.14114   0.47351   0.10688   0.02563   0.42884   0.00000   0.66712   0.06320   0.36981   0.08910   0.13740   0.21701   0.30247   0.37326   0.58299   0.44670   0.35118   0.25223   0.00000   0.07096   0.22251   0.49907   0.00468   0.44454   0.28498   0.47097   0.05729   0.08032   0.20492   0.58026   0.01956   0.31605   0.02241   0.06381   0.05523   0.53177   0.00000   0.34677   0.00000   0.27224   0.13280   0.21114   0.03325   0.06337   0.02719   0.14694   0.02171   0.17871   0.01604   0.17347   0.03526   0.00383   0.07062   0.02019   0.00000   0.02430   0.37383   0.06426   0.08176   0.01606   0.00000   0.02092   0.07449   0.03087   0.00000   0.00000   0.07602   0.12864   0.00000   0.05438   0.00000   0.02161   0.03813   0.01103   0.02862   0.02260   0.03035   0.15638   0.05227   0.03098   0.02656   0.03231   0.07760   0.00346   0.23383   0.02343   0.20330   0.00000   0.18635   0.06146   0.02951   0.00000   0.04485   0.02053   0.43007   0.06172   0.21017   0.00000   0.20725   0.03165   0.02440   0.10095   0.12020   0.16229   0.11161   0.00000   0.02497   0.00213   0.01253   0.02959   0.04995   0.01701   0.14119   0.00000   0.22560   0.12876   0.00000   0.00000   0.31219   0.10983   0.04944   0.49649   0.75557   0.49934   0.36171   0.51357   0.35322   0.41565   0.61882   0.30613   0.64360   0.62796   1.58052   0.99830   0.31834   1.96054   1.84821  
 62 1741.4117  12188.359254  x:  0.48396   1.09041   0.47618   0.97608   0.45670   0.61350   1.03057   0.89863   0.69611   0.26206   0.21887   0.11668   0.00000   0.03550   0.26071   0.18157   0.29421   0.29374   0.15473   0.11424   0.14114   0.47352   0.10688   0.02562   0.42885   0.00000   0.66715   0.06320   0.36982   0.08910   0.13740   0.21702   0.30248   0.37327   0.58301   0.44671   0.35119   0.25223   0.00000   0.07096   0.22251   0.49908   0.00467   0.44455   0.28498   0.47099   0.05730   0.08032   0.20492   0.58028   0.01956   0.31606   0.02240   0.06380   0.05523   0.53179   0.00000   0.34678   0.00000   0.27225   0.13281   0.21114   0.03325   0.06337   0.02720   0.14694   0.02171   0.17871   0.01601   0.17347   0.03525   0.00408   0.07063   0.02020   0.00000   0.02429   0.37383   0.06425   0.08176   0.01605   0.00000   0.02091   0.07449   0.03086   0.00000   0.00000   0.07602   0.12864   0.00000   0.05437   0.00000   0.02157   0.03814   0.01100   0.02862   0.02252   0.03029   0.15629   0.05227   0.03097   0.02660   0.03234   0.07760   0.00346   0.23383   0.02344   0.20330   0.00000   0.18635   0.06146   0.02949   0.00000   0.04486   0.02052   0.43008   0.06172   0.21017   0.00004   0.20725   0.03165   0.02440   0.10095   0.12021   0.16229   0.11162   0.00000   0.02496   0.00235   0.01255   0.02959   0.04995   0.01701   0.14120   0.00000   0.22561   0.12876   0.00000   0.00000   0.31220   0.10983   0.04944   0.49651   0.75560   0.49936   0.36172   0.51358   0.35322   0.41566   0.61884   0.30613   0.64362   0.62798   1.58052   0.99967   0.31810   1.96058   1.84820  
 63 1874.4629  12176.872018  x:  0.48662   1.09745   0.47884   0.98205   0.45901   0.61713   1.03670   0.90366   0.70044   0.26290   0.21971   0.11709   0.00000   0.03590   0.26150   0.18207   0.29523   0.29478   0.15519   0.11463   0.14138   0.47544   0.10668   0.02491   0.43068   0.00000   0.67085   0.06292   0.37131   0.08903   0.13758   0.21759   0.30359   0.37459   0.58662   0.44877   0.35258   0.25255   0.00000   0.07007   0.22306   0.50140   0.00336   0.44654   0.28570   0.47332   0.05765   0.08068   0.20513   0.58353   0.01931   0.31722   0.02102   0.06276   0.05498   0.53434   0.00000   0.34784   0.00000   0.27323   0.13298   0.21182   0.03358   0.06284   0.02785   0.14688   0.02215   0.17890   0.01186   0.17405   0.03425   0.03985   0.07169   0.02135   0.00000   0.02345   0.37515   0.06402   0.08255   0.01383   0.00000   0.01842   0.07402   0.02942   0.00000   0.00000   0.07597   0.12953   0.00000   0.05337   0.00000   0.01482   0.04046   0.00592   0.02835   0.01075   0.02185   0.14356   0.05227   0.03012   0.03216   0.03740   0.07761   0.00375   0.23489   0.02351   0.20395   0.00000   0.18711   0.06162   0.02725   0.00000   0.04565   0.01908   0.43168   0.06261   0.21131   0.00496   0.20805   0.03229   0.02469   0.10131   0.12058   0.16278   0.11175   0.00000   0.02282   0.03209   0.01551   0.02928   0.05014   0.01772   0.14172   0.00000   0.22629   0.12921   0.00000   0.00000   0.31334   0.11030   0.04957   0.49917   0.75966   0.50194   0.36318   0.51581   0.35416   0.41710   0.62186   0.30695   0.64695   0.63112   1.58084   0.99866   0.28111   1.96739   1.84720  
 64 624.5075  12169.810499  x:  0.49002   1.10636   0.48222   0.98962   0.46201   0.62177   1.04442   0.91002   0.70604   0.26401   0.22072   0.11745   0.00000   0.03622   0.26242   0.18264   0.29649   0.29604   0.15569   0.11503   0.14163   0.47783   0.10657   0.02403   0.43296   0.00000   0.67547   0.06264   0.37315   0.08891   0.13780   0.21823   0.30497   0.37625   0.59114   0.45144   0.35436   0.25290   0.00000   0.06903   0.22382   0.50435   0.00175   0.44908   0.28669   0.47628   0.05791   0.08098   0.20539   0.58759   0.01889   0.31863   0.01970   0.06173   0.05434   0.53753   0.00000   0.34922   0.00000   0.27450   0.13316   0.21258   0.03356   0.06227   0.02816   0.14688   0.02227   0.17909   0.00873   0.17469   0.03263   0.03615   0.07222   0.02170   0.00000   0.02247   0.37676   0.06383   0.08339   0.01329   0.00000   0.01635   0.07346   0.02806   0.00000   0.00000   0.07586   0.13057   0.00000   0.05225   0.00000   0.01011   0.04251   0.00711   0.02852   0.00000   0.01421   0.12775   0.05218   0.02946   0.03515   0.04081   0.07769   0.00364   0.23608   0.02339   0.20447   0.00000   0.18795   0.06169   0.02539   0.00000   0.04625   0.01824   0.43364   0.06321   0.21233   0.00702   0.20891   0.03240   0.02464   0.10160   0.12096   0.16329   0.11185   0.00000   0.02141   0.02312   0.01464   0.02867   0.05005   0.01786   0.14226   0.00000   0.22705   0.12964   0.00000   0.00000   0.31472   0.11069   0.04974   0.50256   0.76488   0.50529   0.36515   0.51875   0.35537   0.41894   0.62566   0.30810   0.65125   0.63512   1.57992   0.99886   0.26693   1.97202   1.84588  
 65 315.1086  12164.177693  x:  0.49366   1.11595   0.48586   0.99776   0.46526   0.62675   1.05271   0.91686   0.71206   0.26520   0.22179   0.11779   0.00000   0.03653   0.26339   0.18323   0.29784   0.29737   0.15622   0.11543   0.14188   0.48040   0.10645   0.02308   0.43539   0.00000   0.68042   0.06234   0.37511   0.08876   0.13803   0.21889   0.30644   0.37803   0.59598   0.45432   0.35627   0.25327   0.00000   0.06796   0.22465   0.50752   0.00000   0.45181   0.28775   0.47947   0.05815   0.08127   0.20567   0.59194   0.01843   0.32014   0.01847   0.06074   0.05364   0.54095   0.00000   0.35068   0.00000   0.27586   0.13335   0.21338   0.03353   0.06169   0.02842   0.14690   0.02241   0.17930   0.00626   0.17536   0.03113   0.03458   0.07278   0.02201   0.00000   0.02145   0.37849   0.06363   0.08426   0.01285   0.00000   0.01448   0.07289   0.02678   0.00000   0.00000   0.07575   0.13161   0.00000   0.05129   0.00000   0.00672   0.04461   0.00737   0.02906   0.00632   0.00990   0.11106   0.05202   0.02881   0.03799   0.04409   0.07777   0.00346   0.23733   0.02324   0.20499   0.00000   0.18883   0.06174   0.02371   0.00000   0.04683   0.01755   0.43574   0.06381   0.21339   0.00897   0.20981   0.03246   0.02457   0.10190   0.12135   0.16382   0.11194   0.00000   0.02019   0.01609   0.01423   0.02814   0.04997   0.01799   0.14282   0.00000   0.22784   0.13007   0.00000   0.00000   0.31619   0.11109   0.04990   0.50621   0.77049   0.50888   0.36727   0.52191   0.35665   0.42091   0.62974   0.30934   0.65589   0.63942   1.57882   0.99900   0.25628   1.97658   1.84446  
 66 978.5804  12143.924420  x:  0.50806   1.15391   0.50029   1.02994   0.47816   0.64647   1.08545   0.94390   0.73597   0.26985   0.22582   0.11879   0.00000   0.03734   0.26696   0.18533   0.30299   0.30242   0.15805   0.11676   0.14270   0.49041   0.10605   0.01925   0.44485   0.00000   0.69983   0.06117   0.38268   0.08805   0.13882   0.22127   0.31209   0.38495   0.61504   0.46571   0.36373   0.25452   0.00000   0.06441   0.22793   0.51997   0.00000   0.46255   0.29193   0.49202   0.05875   0.08210   0.20663   0.60899   0.01650   0.32601   0.01569   0.05808   0.05059   0.55435   0.00000   0.35637   0.00000   0.28120   0.13410   0.21629   0.03333   0.05977   0.02866   0.14718   0.02292   0.18024   0.00842   0.17780   0.02773   0.04242   0.07463   0.02232   0.00000   0.01769   0.38522   0.06309   0.08741   0.01289   0.00000   0.01131   0.07092   0.02380   0.00000   0.00000   0.07543   0.13558   0.00000   0.04875   0.00000   0.01553   0.05069   0.00000   0.03140   0.00709   0.00787   0.04586   0.05179   0.02710   0.04503   0.05180   0.07795   0.00206   0.24205   0.02246   0.20667   0.00000   0.19202   0.06172   0.02078   0.00000   0.04822   0.01723   0.44387   0.06552   0.21709   0.01367   0.21311   0.03204   0.02405   0.10283   0.12261   0.16571   0.11224   0.00000   0.01866   0.00758   0.01629   0.02718   0.04975   0.01816   0.14475   0.00000   0.23076   0.13149   0.00000   0.00000   0.32181   0.11236   0.05023   0.52061   0.79279   0.52310   0.37575   0.53448   0.36163   0.42862   0.64576   0.31431   0.67427   0.65636   1.57332   0.99900   0.26095   1.99061   1.83873  
 67 878.8876  12136.488383  x:  0.51569   1.17401   0.50793   1.04698   0.48500   0.65692   1.10278   0.95821   0.74863   0.27231   0.22794   0.11931   0.00000   0.03775   0.26885   0.18644   0.30571   0.30509   0.15901   0.11745   0.14312   0.49570   0.10583   0.01721   0.44985   0.00000   0.71009   0.06054   0.38668   0.08767   0.13923   0.22253   0.31507   0.38860   0.62512   0.47174   0.36768   0.25518   0.00000   0.06258   0.22966   0.52655   0.00000   0.46824   0.29415   0.49865   0.05906   0.08253   0.20713   0.61801   0.01547   0.32910   0.01434   0.05675   0.04896   0.56143   0.00000   0.35937   0.00000   0.28403   0.13450   0.21783   0.03325   0.05878   0.02877   0.14733   0.02319   0.18073   0.00957   0.17908   0.02604   0.04691   0.07559   0.02246   0.00000   0.01575   0.38878   0.06282   0.08906   0.01292   0.00000   0.00983   0.06991   0.02235   0.00000   0.00000   0.07528   0.13769   0.00332   0.04736   0.00000   0.01993   0.05387   0.00179   0.03256   0.00743   0.00741   0.01163   0.05167   0.02642   0.04848   0.05580   0.07804   0.00131   0.24453   0.02206   0.20755   0.00000   0.19369   0.06171   0.01939   0.00000   0.04892   0.01712   0.44816   0.06640   0.21903   0.01606   0.21485   0.03180   0.02378   0.10331   0.12327   0.16671   0.11240   0.00000   0.01798   0.00394   0.01736   0.02673   0.04965   0.01825   0.14576   0.00000   0.23230   0.13224   0.00000   0.00000   0.32478   0.11303   0.05040   0.52823   0.80459   0.53064   0.38023   0.54113   0.36426   0.43270   0.65423   0.31694   0.68400   0.66532   1.57042   0.99898   0.26374   1.99803   1.83569  
 68 18857.9687  12127.768570  x:  0.52566   1.20033   0.51791   1.06929   0.49389   0.67058   1.12547   0.97693   0.76516   0.27545   0.23053   0.11979   0.00000   0.03790   0.27114   0.18774   0.30910   0.30840   0.16008   0.11822   0.14359   0.50247   0.10549   0.01446   0.45622   0.00000   0.72336   0.05964   0.39173   0.08713   0.13968   0.22400   0.31882   0.39327   0.63821   0.47950   0.37273   0.25587   0.00000   0.06157   0.23179   0.53499   0.00000   0.47550   0.29692   0.50720   0.05926   0.08293   0.20764   0.62963   0.01393   0.33303   0.01540   0.05672   0.04665   0.57050   0.00000   0.36316   0.00000   0.28767   0.13511   0.21966   0.03344   0.05821   0.02865   0.14743   0.02324   0.18127   0.00731   0.18059   0.02588   0.04089   0.07622   0.02219   0.00000   0.01419   0.39331   0.06286   0.09088   0.01339   0.00000   0.01210   0.06925   0.02324   0.00000   0.00000   0.07539   0.14000   0.00000   0.04535   0.00000   0.01260   0.05572   0.00265   0.03132   0.00607   0.01810   0.00400   0.05118   0.02895   0.04819   0.05758   0.07825   0.00022   0.24756   0.02170   0.20832   0.00000   0.19565   0.06161   0.02119   0.00000   0.04913   0.01800   0.45361   0.06711   0.22110   0.01625   0.21688   0.03120   0.02353   0.10380   0.12396   0.16784   0.11263   0.00000   0.01955   0.01097   0.01523   0.02717   0.04966   0.01821   0.14685   0.00000   0.23410   0.13306   0.00000   0.00000   0.32845   0.11369   0.05053   0.53821   0.82001   0.54049   0.38607   0.54980   0.36760   0.43794   0.66527   0.32033   0.69670   0.67699   1.56709   0.99890   0.26510   2.00804   1.83163  
 69 564.6059  12127.768570  x:  0.52566   1.20033   0.51791   1.06929   0.49389   0.67058   1.12547   0.97693   0.76516   0.27545   0.23053   0.11979   0.00000   0.03790   0.27114   0.18774   0.30910   0.30840   0.16008   0.11822   0.14359   0.50247   0.10549   0.01446   0.45622   0.00000   0.72336   0.05964   0.39173   0.08713   0.13968   0.22400   0.31882   0.39327   0.63821   0.47950   0.37273   0.25587   0.00000   0.06157   0.23179   0.53499   0.00000   0.47550   0.29692   0.50720   0.05926   0.08293   0.20764   0.62963   0.01393   0.33303   0.01540   0.05672   0.04665   0.57050   0.00000   0.36316   0.00000   0.28767   0.13511   0.21966   0.03344   0.05821   0.02865   0.14743   0.02324   0.18127   0.00731   0.18059   0.02588   0.04089   0.07622   0.02219   0.00000   0.01419   0.39331   0.06286   0.09088   0.01339   0.00000   0.01210   0.06925   0.02324   0.00000   0.00000   0.07539   0.14000   0.00000   0.04535   0.00000   0.01260   0.05572   0.00265   0.03132   0.00607   0.01810   0.00400   0.05118   0.02895   0.04819   0.05758   0.07825   0.00022   0.24756   0.02170   0.20832   0.00000   0.19565   0.06161   0.02119   0.00000   0.04913   0.01800   0.45361   0.06711   0.22110   0.01625   0.21688   0.03120   0.02353   0.10380   0.12396   0.16784   0.11263   0.00000   0.01955   0.01097   0.01523   0.02717   0.04966   0.01821   0.14685   0.00000   0.23410   0.13306   0.00000   0.00000   0.32845   0.11369   0.05053   0.53821   0.82001   0.54049   0.38607   0.54980   0.36760   0.43794   0.66527   0.32033   0.69670   0.67699   1.56709   0.99890   0.26510   2.00804   1.83163  
 70 3126.3796  12126.831579  x:  0.52567   1.20036   0.51792   1.06931   0.49390   0.67060   1.12549   0.97695   0.76518   0.27545   0.23053   0.11979   0.00000   0.03790   0.27114   0.18774   0.30910   0.30840   0.16008   0.11822   0.14359   0.50248   0.10549   0.01445   0.45623   0.00000   0.72337   0.05964   0.39174   0.08713   0.13968   0.22400   0.31882   0.39327   0.63822   0.47951   0.37274   0.25587   0.00000   0.06157   0.23179   0.53499   0.00000   0.47551   0.29692   0.50721   0.05926   0.08293   0.20764   0.62965   0.01393   0.33304   0.01541   0.05673   0.04664   0.57051   0.00000   0.36316   0.00000   0.28768   0.13511   0.21967   0.03345   0.05821   0.02865   0.14744   0.02324   0.18127   0.00732   0.18059   0.02589   0.04084   0.07622   0.02219   0.00000   0.01420   0.39331   0.06286   0.09088   0.01339   0.00000   0.01211   0.06925   0.02325   0.00000   0.00000   0.07539   0.14000   0.00004   0.04536   0.00000   0.01259   0.05571   0.00278   0.03132   0.00608   0.01810   0.00438   0.05118   0.02895   0.04817   0.05757   0.07825   0.00022   0.24756   0.02170   0.20832   0.00000   0.19565   0.06160   0.02120   0.00000   0.04913   0.01800   0.45362   0.06711   0.22110   0.01623   0.21689   0.03120   0.02353   0.10379   0.12396   0.16784   0.11263   0.00000   0.01956   0.01094   0.01523   0.02718   0.04966   0.01821   0.14685   0.00000   0.23410   0.13306   0.00000   0.00000   0.32845   0.11369   0.05053   0.53822   0.82003   0.54051   0.38608   0.54981   0.36760   0.43795   0.66528   0.32034   0.69671   0.67701   1.56709   0.99966   0.26516   2.00804   1.83162  
 71 1606.4211  12122.441420  x:  0.52631   1.20206   0.51855   1.07075   0.49446   0.67147   1.12694   0.97814   0.76624   0.27563   0.23062   0.11973   0.00000   0.03777   0.27122   0.18776   0.30926   0.30854   0.16008   0.11821   0.14358   0.50286   0.10546   0.01425   0.45657   0.00000   0.72415   0.05956   0.39199   0.08707   0.13968   0.22402   0.31901   0.39353   0.63902   0.47998   0.37302   0.25585   0.00000   0.06191   0.23189   0.53548   0.00000   0.47592   0.29707   0.50772   0.05920   0.08289   0.20763   0.63033   0.01378   0.33324   0.01605   0.05712   0.04643   0.57103   0.00000   0.36335   0.00000   0.28789   0.13517   0.21971   0.03351   0.05838   0.02852   0.14746   0.02322   0.18130   0.00800   0.18062   0.02651   0.03815   0.07607   0.02204   0.00000   0.01440   0.39355   0.06294   0.09083   0.01354   0.00000   0.01278   0.06936   0.02387   0.00000   0.00000   0.07545   0.14002   0.00217   0.04574   0.00000   0.01224   0.05506   0.00981   0.03088   0.00653   0.01812   0.02518   0.05119   0.02916   0.04694   0.05656   0.07827   0.00005   0.24767   0.02171   0.20825   0.00000   0.19569   0.06155   0.02188   0.00000   0.04892   0.01821   0.45390   0.06699   0.22108   0.01531   0.21693   0.03106   0.02353   0.10377   0.12393   0.16785   0.11265   0.00000   0.02000   0.00939   0.01495   0.02738   0.04969   0.01814   0.14684   0.00000   0.23414   0.13304   0.00000   0.00000   0.32862   0.11366   0.05048   0.53886   0.82101   0.54114   0.38645   0.55036   0.36777   0.43825   0.66596   0.32055   0.69753   0.67773   1.56691   0.99881   0.26881   2.00839   1.83130  
 72 912.1912  12121.996290  x:  0.52652   1.20262   0.51876   1.07122   0.49465   0.67176   1.12741   0.97853   0.76658   0.27568   0.23066   0.11972   0.00000   0.03774   0.27124   0.18777   0.30931   0.30859   0.16008   0.11821   0.14358   0.50298   0.10545   0.01418   0.45668   0.00000   0.72441   0.05954   0.39207   0.08705   0.13968   0.22403   0.31907   0.39361   0.63928   0.48013   0.37312   0.25585   0.00000   0.06201   0.23192   0.53563   0.00000   0.47605   0.29711   0.50788   0.05918   0.08287   0.20762   0.63055   0.01373   0.33331   0.01623   0.05723   0.04636   0.57119   0.00000   0.36341   0.00000   0.28796   0.13519   0.21973   0.03352   0.05843   0.02849   0.14747   0.02322   0.18131   0.00815   0.18063   0.02669   0.03729   0.07602   0.02200   0.00000   0.01446   0.39363   0.06296   0.09081   0.01358   0.00000   0.01296   0.06939   0.02405   0.00000   0.00000   0.07547   0.14002   0.00167   0.04587   0.00000   0.01225   0.05480   0.00954   0.03073   0.00648   0.01794   0.02531   0.05119   0.02919   0.04658   0.05620   0.07827   0.00000   0.24771   0.02172   0.20823   0.00000   0.19570   0.06153   0.02206   0.00000   0.04886   0.01826   0.45399   0.06695   0.22108   0.01503   0.21694   0.03102   0.02354   0.10376   0.12393   0.16785   0.11265   0.00000   0.02011   0.00901   0.01488   0.02744   0.04970   0.01812   0.14684   0.00000   0.23416   0.13304   0.00000   0.00000   0.32867   0.11365   0.05047   0.53906   0.82134   0.54135   0.38658   0.55054   0.36783   0.43835   0.66619   0.32061   0.69779   0.67797   1.56686   0.99880   0.26965   2.00854   1.83119  
 73 225.8283  12119.095880  x:  0.52870   1.20842   0.52090   1.07612   0.49654   0.67475   1.13238   0.98260   0.77017   0.27626   0.23098   0.11957   0.00000   0.03741   0.27152   0.18786   0.30983   0.30908   0.16008   0.11821   0.14356   0.50425   0.10530   0.01345   0.45784   0.00000   0.72707   0.05925   0.39293   0.08687   0.13966   0.22413   0.31968   0.39447   0.64201   0.48167   0.37407   0.25578   0.00000   0.06286   0.23220   0.53725   0.00000   0.47741   0.29756   0.50958   0.05905   0.08279   0.20755   0.63287   0.01323   0.33398   0.01708   0.05784   0.04570   0.57292   0.00000   0.36403   0.00000   0.28866   0.13535   0.21990   0.03368   0.05886   0.02828   0.14749   0.02319   0.18138   0.00781   0.18070   0.02764   0.02962   0.07563   0.02191   0.00000   0.01506   0.39440   0.06304   0.09059   0.01353   0.00000   0.01339   0.06963   0.02489   0.00000   0.00000   0.07558   0.13998   0.00000   0.04739   0.00000   0.01218   0.05226   0.01115   0.03019   0.00681   0.01700   0.02506   0.05139   0.02868   0.04415   0.05344   0.07828   0.00000   0.24808   0.02186   0.20807   0.00000   0.19584   0.06134   0.02262   0.00000   0.04846   0.01825   0.45495   0.06671   0.22110   0.01271   0.21712   0.03079   0.02366   0.10372   0.12389   0.16789   0.11271   0.00000   0.02033   0.01002   0.01499   0.02776   0.04981   0.01812   0.14682   0.00000   0.23431   0.13302   0.00000   0.00000   0.32926   0.11359   0.05036   0.54124   0.82469   0.54350   0.38781   0.55237   0.36841   0.43936   0.66852   0.32129   0.70053   0.68044   1.56675   0.99880   0.26793   2.01108   1.83008  
 74 448.5290  12111.531606  x:  0.53780   1.23274   0.52987   1.09665   0.50441   0.68727   1.15312   0.99959   0.78516   0.27865   0.23230   0.11897   0.00000   0.03674   0.27260   0.18827   0.31192   0.31099   0.16003   0.11824   0.14348   0.50940   0.10471   0.01042   0.46250   0.00000   0.73803   0.05811   0.39636   0.08614   0.13957   0.22445   0.32211   0.39794   0.65335   0.48802   0.37797   0.25534   0.00000   0.06344   0.23330   0.54381   0.00000   0.48295   0.29933   0.51663   0.05889   0.08264   0.20720   0.64249   0.01132   0.33676   0.01329   0.05619   0.04366   0.57996   0.00000   0.36629   0.00000   0.29122   0.13569   0.22068   0.03349   0.05905   0.02790   0.14746   0.02360   0.18173   0.00822   0.18076   0.02542   0.01683   0.07501   0.02269   0.00000   0.01595   0.39736   0.06213   0.08951   0.01344   0.00000   0.00915   0.06995   0.02129   0.00000   0.00000   0.07523   0.13974   0.00000   0.05146   0.00000   0.01078   0.04545   0.01893   0.03138   0.00000   0.02482   0.02125   0.05285   0.02331   0.04677   0.05006   0.07730   0.00000   0.24950   0.02227   0.20813   0.00000   0.19648   0.06058   0.01843   0.00000   0.04862   0.01693   0.45879   0.06660   0.22195   0.01037   0.21793   0.03106   0.02413   0.10375   0.12384   0.16806   0.11283   0.00000   0.01771   0.00629   0.01487   0.02628   0.04980   0.01860   0.14680   0.00000   0.23491   0.13288   0.00000   0.00000   0.33176   0.11369   0.04981   0.55034   0.83870   0.55250   0.39297   0.56002   0.37072   0.44350   0.67819   0.32406   0.71199   0.69070   1.56624   0.99884   0.27200   2.02093   1.82534  
 75 562.7700  12105.401156  x:  0.54856   1.26151   0.54048   1.12093   0.51373   0.70208   1.17766   1.01969   0.80290   0.28147   0.23384   0.11826   0.00000   0.03602   0.27387   0.18875   0.31437   0.31323   0.15997   0.11828   0.14339   0.51548   0.10401   0.00683   0.46800   0.00000   0.75097   0.05678   0.40039   0.08528   0.13946   0.22481   0.32497   0.40204   0.66676   0.49551   0.38257   0.25480   0.00000   0.06386   0.23458   0.55156   0.00000   0.48947   0.30140   0.52497   0.05875   0.08248   0.20677   0.65385   0.00907   0.34004   0.00872   0.05414   0.04132   0.58825   0.00000   0.36892   0.00000   0.29421   0.13606   0.22161   0.03322   0.05913   0.02747   0.14743   0.02413   0.18216   0.00900   0.18081   0.02258   0.00428   0.07438   0.02359   0.00000   0.01684   0.40083   0.06098   0.08828   0.01341   0.00000   0.00448   0.07032   0.01692   0.00000   0.00000   0.07481   0.13942   0.00000   0.05597   0.00000   0.00932   0.03817   0.02722   0.03314   0.00460   0.03460   0.01656   0.05449   0.01730   0.05077   0.04685   0.07606   0.00000   0.25116   0.02273   0.20826   0.00000   0.19723   0.05969   0.01372   0.00000   0.04893   0.01561   0.46332   0.06655   0.22301   0.00828   0.21889   0.03146   0.02465   0.10378   0.12380   0.16825   0.11296   0.00000   0.01487   0.00177   0.01463   0.02450   0.04974   0.01919   0.14678   0.00000   0.23562   0.13272   0.00000   0.00000   0.33472   0.11384   0.04915   0.56111   0.85528   0.56315   0.39907   0.56906   0.37344   0.44838   0.68961   0.32733   0.72555   0.70282   1.56566   0.99888   0.27810   2.03251   1.81971  
 76 5307.7000  12093.581908  x:  0.56904   1.31630   0.56067   1.16716   0.53145   0.73028   1.22436   1.05794   0.83666   0.28684   0.23678   0.11690   0.00000   0.03468   0.27626   0.18966   0.31901   0.31745   0.15984   0.11835   0.14322   0.52700   0.10268   0.00000   0.47843   0.00000   0.77554   0.05427   0.40802   0.08365   0.13925   0.22546   0.33038   0.40980   0.69225   0.50975   0.39132   0.25371   0.00000   0.06490   0.23699   0.56626   0.00000   0.50184   0.30533   0.54080   0.05846   0.08217   0.20592   0.67541   0.00477   0.34632   0.00519   0.05256   0.03695   0.60399   0.00000   0.37388   0.00000   0.29990   0.13684   0.22336   0.03304   0.05940   0.02641   0.14738   0.02503   0.18299   0.01172   0.18098   0.02049   0.00422   0.07334   0.02434   0.00000   0.01843   0.40747   0.05929   0.08647   0.01389   0.00000   0.00440   0.07151   0.01343   0.00000   0.00000   0.07448   0.13914   0.00000   0.06329   0.00000   0.00840   0.02668   0.03545   0.03378   0.00740   0.04848   0.01132   0.05726   0.01169   0.05605   0.04003   0.07376   0.00000   0.25432   0.02345   0.20841   0.00000   0.19867   0.05818   0.01239   0.00000   0.04910   0.01580   0.47189   0.06643   0.22497   0.00407   0.22067   0.03195   0.02538   0.10383   0.12371   0.16861   0.11317   0.00000   0.01433   0.01699   0.01401   0.02303   0.04970   0.02003   0.14671   0.00000   0.23696   0.13242   0.00000   0.00000   0.34024   0.11413   0.04796   0.58159   0.88683   0.58343   0.41067   0.58626   0.37858   0.45764   0.71132   0.33355   0.75134   0.72587   1.56458   0.99891   0.29294   2.05434   1.80897  
 77 1994.2344  12076.241331  x:  0.59206   1.37792   0.58335   1.21914   0.55132   0.76196   1.27687   1.10093   0.87456   0.29284   0.24004   0.11542   0.00000   0.03334   0.27891   0.19068   0.32416   0.32214   0.15968   0.11846   0.14304   0.53985   0.10114   0.00000   0.49005   0.00000   0.80307   0.05144   0.41649   0.08186   0.13900   0.22617   0.33640   0.41846   0.72085   0.52564   0.40108   0.25239   0.00000   0.06610   0.23956   0.58267   0.00000   0.51561   0.30966   0.55853   0.05823   0.08189   0.20493   0.69956   0.00000   0.35342   0.00737   0.05312   0.03233   0.62157   0.00000   0.37932   0.00000   0.30621   0.13771   0.22533   0.03325   0.05973   0.02538   0.14728   0.02590   0.18391   0.01288   0.18127   0.02073   0.01578   0.07244   0.02451   0.00000   0.02008   0.41488   0.05776   0.08487   0.01414   0.00000   0.00845   0.07313   0.01496   0.00000   0.00000   0.07462   0.13922   0.00000   0.07040   0.00000   0.00870   0.01968   0.04071   0.03302   0.00865   0.06008   0.00732   0.06008   0.01364   0.06066   0.03299   0.07124   0.00000   0.25786   0.02418   0.20860   0.00000   0.20029   0.05673   0.01629   0.00000   0.04911   0.01723   0.48144   0.06646   0.22721   0.00031   0.22262   0.03240   0.02594   0.10392   0.12365   0.16903   0.11338   0.00000   0.01647   0.01146   0.01368   0.02294   0.04976   0.02081   0.14664   0.00000   0.23843   0.13215   0.00000   0.00000   0.34632   0.11453   0.04679   0.60460   0.92226   0.60618   0.42364   0.60552   0.38427   0.46797   0.73568   0.34046   0.78029   0.75172   1.56411   0.99892   0.29470   2.08057   1.79688  
 78 3116.3222  12028.480612  x:  0.67236   1.59363   0.66246   1.40086   0.62033   0.87264   1.46028   1.25101   1.00667   0.31324   0.25101   0.11061   0.00000   0.03245   0.28752   0.19433   0.34123   0.33747   0.15893   0.11922   0.14267   0.58335   0.09536   0.00000   0.52907   0.00000   0.89769   0.04187   0.44462   0.07605   0.13809   0.22799   0.35640   0.44772   0.81996   0.57997   0.43442   0.24635   0.00000   0.06213   0.24727   0.63834   0.00000   0.56207   0.32387   0.61973   0.05932   0.08216   0.20097   0.78271   0.00000   0.37774   0.01331   0.05360   0.02072   0.68135   0.00000   0.39624   0.00000   0.32654   0.13944   0.23214   0.03473   0.05654   0.02521   0.14645   0.02934   0.18706   0.01509   0.18240   0.01890   0.01329   0.07364   0.02272   0.00000   0.01882   0.43921   0.05092   0.08203   0.01486   0.00000   0.00806   0.07611   0.02147   0.00000   0.00000   0.07569   0.14164   0.00000   0.07691   0.00000   0.00853   0.07534   0.00000   0.02787   0.00905   0.09590   0.01908   0.06611   0.02352   0.09532   0.04248   0.06005   0.00000   0.26933   0.02508   0.21162   0.00000   0.20613   0.05344   0.01694   0.00000   0.05263   0.02017   0.51341   0.06967   0.23750   0.01879   0.22927   0.03563   0.02520   0.10502   0.12412   0.17064   0.11346   0.00000   0.02198   0.01420   0.01491   0.02727   0.04939   0.02335   0.14652   0.00000   0.24334   0.13157   0.00000   0.00000   0.36663   0.11768   0.04365   0.68491   1.04585   0.68552   0.46852   0.67237   0.40316   0.50303   0.81997   0.36391   0.88107   0.84133   1.56628   0.99863   0.28586   2.17652   1.75401  
 79 2488.4336  11996.659401  x:  0.81548   1.97865   0.80346   1.72500   0.74313   1.06999   1.78729   1.51855   1.24208   0.34917   0.27019   0.10223   0.00000   0.03351   0.30225   0.20086   0.37089   0.36389   0.15743   0.12084   0.14224   0.65969   0.08485   0.00000   0.59724   0.00000   1.06504   0.02531   0.49348   0.06614   0.13652   0.23067   0.39120   0.49904   0.99590   0.67589   0.49322   0.23433   0.00000   0.05155   0.25994   0.73622   0.00000   0.64353   0.34856   0.72819   0.06236   0.08339   0.19347   0.92975   0.00000   0.42069   0.03435   0.05948   0.00293   0.78650   0.00000   0.42485   0.00000   0.36156   0.14176   0.24410   0.03876   0.04913   0.02669   0.14485   0.03486   0.19273   0.02335   0.18485   0.02448   0.00245   0.07870   0.01573   0.00000   0.01187   0.48144   0.03974   0.08070   0.01750   0.00000   0.01542   0.08018   0.04430   0.00000   0.00000   0.07909   0.14805   0.02594   0.07111   0.00000   0.01374   0.22507   0.02059   0.01297   0.00865   0.13971   0.00954   0.07192   0.05600   0.15685   0.07850   0.03971   0.00000   0.28892   0.02504   0.21802   0.00000   0.21653   0.04946   0.02599   0.00000   0.05921   0.02841   0.56919   0.07641   0.25671   0.06724   0.24068   0.04035   0.02096   0.10741   0.12544   0.17361   0.11321   0.00000   0.03840   0.02109   0.01531   0.04119   0.04867   0.02620   0.14636   0.00000   0.25179   0.13096   0.00000   0.00000   0.40174   0.12436   0.03936   0.82802   1.26616   0.82691   0.54829   0.79129   0.43599   0.56471   0.96957   0.40528   1.06060   1.00054   1.57223   0.99844   0.29406   2.34792   1.67702  
 80 7430.4991  11979.552873  x:  0.85710   2.09153   0.84453   1.81964   0.77852   1.12746   1.88253   1.59643   1.31030   0.35870   0.27503   0.10082   0.00000   0.03559   0.30530   0.20288   0.37806   0.36992   0.15715   0.12202   0.14325   0.67956   0.08119   0.00000   0.61429   0.00000   1.11141   0.02362   0.50528   0.06523   0.13674   0.23088   0.39978   0.51235   1.04548   0.70198   0.50909   0.22877   0.00000   0.05954   0.26147   0.76210   0.00000   0.66482   0.35517   0.75816   0.06344   0.08436   0.19054   0.96958   0.00000   0.43113   0.02578   0.05824   0.00071   0.81444   0.00000   0.43151   0.00000   0.37083   0.14205   0.24679   0.04203   0.05367   0.03135   0.14476   0.03251   0.19420   0.01353   0.18708   0.03588   0.02107   0.08099   0.02715   0.00000   0.01118   0.49146   0.04373   0.08828   0.01271   0.00000   0.00000   0.07654   0.03813   0.00000   0.00000   0.07944   0.15042   0.02710   0.05227   0.00000   0.00042   0.27446   0.02456   0.03603   0.01009   0.11497   0.01316   0.06023   0.03758   0.14465   0.08227   0.04521   0.00000   0.29244   0.02430   0.21876   0.00000   0.21899   0.05219   0.00998   0.00000   0.05544   0.01519   0.58291   0.07310   0.25935   0.06929   0.24275   0.03312   0.01746   0.10834   0.12674   0.17510   0.11413   0.00000   0.02163   0.01904   0.01436   0.03767   0.05088   0.02363   0.14696   0.00000   0.25381   0.13284   0.00000   0.00000   0.40971   0.12690   0.04240   0.86964   1.33016   0.86795   0.57104   0.82559   0.44424   0.58111   1.01183   0.41645   1.11255   1.04597   1.57843   0.99831   0.29571   2.40179   1.65539  
 81 1176.2395  11973.040840  x:  0.87232   2.13328   0.85957   1.85447   0.79128   1.14853   1.91746   1.62496   1.33514   0.36175   0.27637   0.10076   0.00000   0.03730   0.30576   0.20363   0.37991   0.37125   0.15708   0.12274   0.14406   0.68563   0.07961   0.00000   0.61912   0.00000   1.12717   0.02451   0.50834   0.06581   0.13708   0.23061   0.40209   0.51636   1.06284   0.71061   0.51424   0.22568   0.00000   0.06215   0.26096   0.77024   0.00000   0.67137   0.35722   0.76833   0.06417   0.08501   0.18901   0.98271   0.00000   0.43396   0.01308   0.05398   0.00155   0.82324   0.00000   0.43288   0.00000   0.37327   0.14192   0.24747   0.04191   0.05567   0.03342   0.14495   0.03092   0.19469   0.00748   0.18807   0.03348   0.02456   0.08246   0.03015   0.00000   0.00990   0.49399   0.04695   0.09438   0.01305   0.00000   0.01636   0.07460   0.02601   0.00000   0.00000   0.07873   0.15196   0.02246   0.04064   0.00000   0.00841   0.29314   0.02629   0.04576   0.00990   0.10267   0.01442   0.05352   0.02327   0.14057   0.08692   0.05013   0.00000   0.29261   0.02383   0.21912   0.00000   0.21962   0.05452   0.01512   0.00000   0.05407   0.01344   0.58662   0.07076   0.25963   0.07090   0.24314   0.02915   0.01670   0.10898   0.12764   0.17586   0.11488   0.00000   0.01111   0.01657   0.01450   0.03116   0.05174   0.02289   0.14759   0.02946   0.25431   0.13431   0.00000   0.00000   0.41162   0.12804   0.04463   0.88486   1.35353   0.88293   0.57916   0.83796   0.44655   0.58632   1.02668   0.42011   1.13144   1.06216   1.58310   0.99827   0.29567   2.42355   1.64771  
 82 1138.8542  11970.191101  x:  0.87866   2.15138   0.86586   1.86930   0.79634   1.15738   1.93214   1.63690   1.34532   0.36239   0.27627   0.10139   0.00000   0.03884   0.30496   0.20391   0.37951   0.37050   0.15713   0.12341   0.14504   0.68632   0.07860   0.00000   0.61899   0.00000   1.13191   0.02694   0.50771   0.06736   0.13762   0.23003   0.40181   0.51672   1.06888   0.71282   0.51541   0.22285   0.00000   0.06243   0.25913   0.77165   0.00000   0.67222   0.35753   0.77134   0.06470   0.08555   0.18768   0.98592   0.00000   0.43362   0.00435   0.05214   0.00348   0.82475   0.00000   0.43193   0.00000   0.37292   0.14117   0.24705   0.03976   0.05681   0.03505   0.14578   0.02973   0.19495   0.00895   0.18877   0.02547   0.02585   0.08349   0.02732   0.00000   0.00789   0.49312   0.05000   0.09863   0.01600   0.00000   0.01353   0.07204   0.01455   0.00000   0.00000   0.07813   0.15216   0.01454   0.03432   0.00000   0.00572   0.29835   0.02826   0.04681   0.00969   0.09056   0.01425   0.04890   0.01839   0.13709   0.09163   0.05546   0.00000   0.29114   0.02353   0.21902   0.00000   0.21937   0.05674   0.02238   0.00000   0.05383   0.02026   0.58614   0.06831   0.25843   0.07119   0.24281   0.02656   0.01649   0.10950   0.12848   0.17652   0.11592   0.00000   0.02434   0.01520   0.01511   0.02476   0.05197   0.02212   0.14819   0.03039   0.25364   0.13424   0.00000   0.00000   0.41084   0.12853   0.04648   0.89121   1.36323   0.88912   0.58222   0.84288   0.44644   0.58729   1.03194   0.42100   1.13915   1.06827   1.58837   0.99827   0.29550   2.43565   1.64498  
 83 316.6428  11967.279413  x:  0.88437   2.16882   0.87158   1.88319   0.80047   1.16548   1.94559   1.64775   1.35424   0.36198   0.27509   0.10288   0.00000   0.04115   0.30267   0.20407   0.37730   0.36779   0.15729   0.12447   0.14677   0.68403   0.07717   0.00000   0.61545   0.00000   1.13325   0.03169   0.50408   0.07056   0.13864   0.22874   0.39961   0.51497   1.07242   0.71263   0.51494   0.21788   0.00000   0.06067   0.25494   0.76980   0.00000   0.67001   0.35695   0.77212   0.06543   0.08628   0.18532   0.98519   0.00000   0.43113   0.00675   0.05534   0.00723   0.82264   0.00000   0.42860   0.00000   0.37029   0.13981   0.24556   0.03523   0.05774   0.03691   0.14757   0.02805   0.19521   0.01212   0.18986   0.01223   0.02691   0.08495   0.02149   0.00000   0.00411   0.48936   0.05557   0.10428   0.01595   0.00000   0.01230   0.06926   0.01147   0.00000   0.00000   0.07838   0.15201   0.00000   0.03392   0.00000   0.00828   0.29840   0.03122   0.04444   0.00973   0.07322   0.01304   0.04547   0.02112   0.13486   0.10116   0.06373   0.00000   0.28757   0.02321   0.21858   0.00000   0.21826   0.06010   0.02048   0.00000   0.05436   0.02093   0.58248   0.06485   0.25546   0.07260   0.24187   0.02444   0.01738   0.11035   0.12985   0.17754   0.11779   0.00000   0.01785   0.01494   0.01546   0.01978   0.05161   0.02162   0.14940   0.02751   0.25184   0.13354   0.00000   0.00000   0.40759   0.12881   0.04893   0.89692   1.37190   0.89463   0.58449   0.84693   0.44466   0.58628   1.03521   0.42078   1.14585   1.07277   1.59817   0.99829   0.29903   2.45094   1.64322  
 84 205.6011  11964.282212  x:  0.89062   2.18849   0.87785   1.89865   0.80477   1.17441   1.96042   1.65967   1.36386   0.36108   0.27324   0.10490   0.00000   0.04380   0.29946   0.20417   0.37400   0.36387   0.15756   0.12572   0.14894   0.68007   0.07537   0.00000   0.60988   0.00000   1.13322   0.03727   0.49859   0.07466   0.13994   0.22701   0.39627   0.51204   1.07531   0.71134   0.51371   0.21135   0.00000   0.05776   0.24909   0.76618   0.00000   0.66609   0.35592   0.77196   0.06628   0.08708   0.18215   0.98255   0.00000   0.42723   0.00207   0.05555   0.01152   0.81855   0.00000   0.42382   0.00000   0.36615   0.13849   0.24340   0.03087   0.05837   0.03895   0.14994   0.02629   0.19558   0.01419   0.19149   0.01520   0.02742   0.08678   0.01896   0.00000   0.00000   0.48382   0.06225   0.11017   0.01605   0.00000   0.01354   0.06717   0.01538   0.00000   0.00000   0.07902   0.15180   0.00000   0.03934   0.00000   0.00851   0.29581   0.03281   0.04249   0.00960   0.05559   0.01150   0.04462   0.01806   0.13652   0.11547   0.07275   0.00000   0.28260   0.02288   0.21820   0.00000   0.21668   0.06376   0.01923   0.00000   0.05546   0.02149   0.57690   0.06112   0.25160   0.07642   0.24064   0.02332   0.01880   0.11137   0.13151   0.17875   0.11998   0.00000   0.01578   0.01396   0.01551   0.02096   0.05104   0.02153   0.15100   0.02499   0.24940   0.13271   0.00000   0.00000   0.40290   0.12891   0.05137   0.90316   1.38135   0.90063   0.58674   0.85117   0.44188   0.58424   1.03804   0.42002   1.15305   1.07718   1.61118   0.99831   0.30342   2.46996   1.64159  
 85 319.7674  11964.282212  x:  0.89062   2.18849   0.87785   1.89865   0.80477   1.17441   1.96042   1.65967   1.36386   0.36108   0.27324   0.10490   0.00000   0.04380   0.29946   0.20417   0.37400   0.36387   0.15756   0.12572   0.14894   0.68007   0.07537   0.00000   0.60988   0.00000   1.13322   0.03727   0.49859   0.07466   0.13994   0.22701   0.39627   0.51204   1.07531   0.71134   0.51371   0.21135   0.00000   0.05776   0.24909   0.76618   0.00000   0.66609   0.35592   0.77196   0.06628   0.08708   0.18215   0.98255   0.00000   0.42723   0.00207   0.05555   0.01152   0.81855   0.00000   0.42382   0.00000   0.36615   0.13849   0.24340   0.03087   0.05837   0.03895   0.14994   0.02629   0.19558   0.01419   0.19149   0.01520   0.02742   0.08678   0.01896   0.00000   0.00000   0.48382   0.06225   0.11017   0.01605   0.00000   0.01354   0.06717   0.01538   0.00000   0.00000   0.07902   0.15180   0.00000   0.03934   0.00000   0.00851   0.29581   0.03281   0.04249   0.00960   0.05559   0.01150   0.04462   0.01806   0.13652   0.11547   0.07275   0.00000   0.28260   0.02288   0.21820   0.00000   0.21668   0.06376   0.01923   0.00000   0.05546   0.02149   0.57690   0.06112   0.25160   0.07642   0.24064   0.02332   0.01880   0.11137   0.13151   0.17875   0.11998   0.00000   0.01578   0.01396   0.01551   0.02096   0.05104   0.02153   0.15100   0.02499   0.24940   0.13271   0.00000   0.00000   0.40290   0.12891   0.05137   0.90316   1.38135   0.90063   0.58674   0.85117   0.44188   0.58424   1.03804   0.42002   1.15305   1.07718   1.61118   0.99831   0.30342   2.46996   1.64159  
 86 411.9511  11962.860991  x:  0.89063   2.18854   0.87787   1.89870   0.80478   1.17444   1.96047   1.65971   1.36389   0.36108   0.27324   0.10490   0.00000   0.04377   0.29946   0.20417   0.37400   0.36386   0.15756   0.12572   0.14894   0.68007   0.07537   0.00000   0.60986   0.00000   1.13322   0.03727   0.49857   0.07466   0.13995   0.22701   0.39627   0.51204   1.07532   0.71133   0.51371   0.21134   0.00000   0.05782   0.24907   0.76617   0.00000   0.66609   0.35592   0.77196   0.06626   0.08707   0.18214   0.98254   0.00000   0.42722   0.00240   0.05568   0.01149   0.81854   0.00000   0.42382   0.00000   0.36614   0.13851   0.24340   0.03091   0.05841   0.03893   0.14995   0.02628   0.19558   0.01415   0.19150   0.01544   0.02729   0.08675   0.01903   0.00000   0.00005   0.48381   0.06227   0.11014   0.01603   0.00000   0.01357   0.06720   0.01560   0.00000   0.00000   0.07904   0.15179   0.00000   0.03947   0.00000   0.00844   0.29559   0.03264   0.04241   0.00945   0.05542   0.01171   0.04468   0.01824   0.13631   0.11529   0.07275   0.00000   0.28259   0.02289   0.21819   0.00000   0.21667   0.06374   0.01933   0.00000   0.05543   0.02148   0.57688   0.06112   0.25158   0.07627   0.24064   0.02332   0.01881   0.11136   0.13151   0.17875   0.11998   0.00000   0.01592   0.01381   0.01550   0.02110   0.05104   0.02153   0.15100   0.02490   0.24939   0.13270   0.00000   0.00000   0.40289   0.12890   0.05136   0.90318   1.38137   0.90064   0.58674   0.85119   0.44188   0.58423   1.03805   0.42002   1.15307   1.07719   1.61121   0.99999   0.30328   2.47002   1.64159  
 87 768.9058  11953.651363  x:  0.89165   2.19170   0.87893   1.90116   0.80547   1.17584   1.96281   1.66163   1.36536   0.36046   0.27194   0.10376   0.00000   0.04121   0.29807   0.20303   0.37279   0.36252   0.15665   0.12444   0.14792   0.67900   0.07450   0.00000   0.60845   0.00000   1.13292   0.03580   0.49711   0.07385   0.13913   0.22586   0.39521   0.51102   1.07550   0.71086   0.51299   0.20979   0.00000   0.05984   0.24779   0.76531   0.00000   0.66514   0.35559   0.77152   0.06415   0.08522   0.18099   0.98149   0.00000   0.42567   0.00419   0.05778   0.00831   0.81742   0.00000   0.42273   0.00000   0.36483   0.13793   0.24187   0.03130   0.05907   0.03671   0.14927   0.02411   0.19437   0.01024   0.19062   0.02120   0.01904   0.08370   0.01991   0.00000   0.00000   0.48237   0.06168   0.10734   0.01348   0.00000   0.01273   0.06751   0.02093   0.00000   0.00000   0.07850   0.15011   0.00000   0.04413   0.00000   0.00423   0.28135   0.02192   0.03723   0.00029   0.04442   0.01487   0.04585   0.02311   0.12295   0.10395   0.07111   0.00000   0.28099   0.02154   0.21617   0.00000   0.21510   0.06152   0.02132   0.00000   0.05194   0.01900   0.57531   0.05878   0.24896   0.06627   0.23942   0.02149   0.01708   0.10967   0.13003   0.17754   0.11879   0.00000   0.01842   0.00534   0.01349   0.02446   0.04992   0.01929   0.14972   0.01941   0.24784   0.13084   0.00000   0.00000   0.40130   0.12682   0.04900   0.90419   1.38283   0.90156   0.58708   0.85189   0.44115   0.58354   1.03832   0.41986   1.15422   1.07782   1.61283   0.99999   0.30231   2.47390   1.64371  
 88 791.4206  11940.321169  x:  0.89471   2.20127   0.88213   1.90866   0.80757   1.18012   1.96996   1.66745   1.36988   0.35906   0.26896   0.10160   0.00000   0.03552   0.29483   0.20061   0.36983   0.35928   0.15487   0.12176   0.14589   0.67622   0.07243   0.00000   0.60470   0.00000   1.13233   0.03262   0.49327   0.07239   0.13749   0.22335   0.39261   0.50847   1.07628   0.70972   0.51138   0.20581   0.00000   0.06521   0.24427   0.76305   0.00000   0.66267   0.35490   0.77050   0.05996   0.08160   0.17811   0.97880   0.00000   0.42188   0.01095   0.06327   0.00103   0.81446   0.00000   0.42014   0.00000   0.36171   0.13757   0.23825   0.03254   0.06188   0.03213   0.14880   0.02105   0.19184   0.00705   0.18864   0.02709   0.00621   0.07690   0.02181   0.00000   0.00269   0.47876   0.06118   0.10109   0.01578   0.00000   0.01412   0.06884   0.02550   0.00000   0.00000   0.07732   0.14539   0.00000   0.05722   0.00000   0.01782   0.23987   0.00000   0.03534   0.00901   0.01634   0.02064   0.04616   0.02812   0.08432   0.07382   0.06802   0.00000   0.27728   0.02079   0.21140   0.00000   0.21166   0.05666   0.02504   0.00000   0.04562   0.01742   0.57122   0.05460   0.24236   0.03822   0.23691   0.02037   0.01693   0.10644   0.12701   0.17504   0.11667   0.00000   0.01986   0.02238   0.01638   0.02814   0.04897   0.01759   0.14752   0.00701   0.24435   0.12723   0.00000   0.00000   0.39739   0.12231   0.04451   0.90726   1.38731   0.90437   0.58812   0.85402   0.43927   0.58182   1.03931   0.41938   1.15771   1.07984   1.61763   0.99999   0.29157   2.48543   1.64847  
 89 588.5932  11940.321169  x:  0.89471   2.20127   0.88213   1.90866   0.80757   1.18012   1.96996   1.66745   1.36988   0.35906   0.26896   0.10160   0.00000   0.03552   0.29483   0.20061   0.36983   0.35928   0.15487   0.12176   0.14589   0.67622   0.07243   0.00000   0.60470   0.00000   1.13233   0.03262   0.49327   0.07239   0.13749   0.22335   0.39261   0.50847   1.07628   0.70972   0.51138   0.20581   0.00000   0.06521   0.24427   0.76305   0.00000   0.66267   0.35490   0.77050   0.05996   0.08160   0.17811   0.97880   0.00000   0.42188   0.01095   0.06327   0.00103   0.81446   0.00000   0.42014   0.00000   0.36171   0.13757   0.23825   0.03254   0.06188   0.03213   0.14880   0.02105   0.19184   0.00705   0.18864   0.02709   0.00621   0.07690   0.02181   0.00000   0.00269   0.47876   0.06118   0.10109   0.01578   0.00000   0.01412   0.06884   0.02550   0.00000   0.00000   0.07732   0.14539   0.00000   0.05722   0.00000   0.01782   0.23987   0.00000   0.03534   0.00901   0.01634   0.02064   0.04616   0.02812   0.08432   0.07382   0.06802   0.00000   0.27728   0.02079   0.21140   0.00000   0.21166   0.05666   0.02504   0.00000   0.04562   0.01742   0.57122   0.05460   0.24236   0.03822   0.23691   0.02037   0.01693   0.10644   0.12701   0.17504   0.11667   0.00000   0.01986   0.02238   0.01638   0.02814   0.04897   0.01759   0.14752   0.00701   0.24435   0.12723   0.00000   0.00000   0.39739   0.12231   0.04451   0.90726   1.38731   0.90437   0.58812   0.85402   0.43927   0.58182   1.03931   0.41938   1.15771   1.07984   1.61763   0.99999   0.29157   2.48543   1.64847  
 90 1300.0921  11937.657585  x:  0.89516   2.20268   0.88258   1.90977   0.80788   1.18077   1.97104   1.66832   1.37058   0.35906   0.26890   0.10178   0.00000   0.03552   0.29475   0.20067   0.36970   0.35915   0.15500   0.12183   0.14600   0.67600   0.07237   0.00000   0.60437   0.00000   1.13238   0.03270   0.49297   0.07256   0.13759   0.22336   0.39248   0.50833   1.07650   0.70968   0.51139   0.20552   0.00000   0.06575   0.24393   0.76287   0.00000   0.66248   0.35493   0.77050   0.06019   0.08181   0.17796   0.97861   0.00000   0.42172   0.01323   0.06397   0.00108   0.81423   0.00000   0.42004   0.00000   0.36157   0.13797   0.23814   0.03287   0.06238   0.03232   0.14922   0.02167   0.19192   0.00894   0.18874   0.02869   0.01676   0.07701   0.02205   0.00000   0.00371   0.47853   0.06159   0.10086   0.01515   0.00000   0.01467   0.06935   0.02654   0.00000   0.00000   0.07765   0.14572   0.01872   0.05611   0.00000   0.01590   0.23426   0.01056   0.03499   0.00569   0.01600   0.02401   0.04709   0.03024   0.07960   0.07159   0.06825   0.00000   0.27718   0.02162   0.21128   0.00000   0.21168   0.05672   0.02530   0.00000   0.04621   0.01817   0.57092   0.05509   0.24197   0.03538   0.23695   0.02140   0.01802   0.10663   0.12714   0.17512   0.11686   0.00000   0.02092   0.01692   0.01554   0.02852   0.04945   0.01860   0.14775   0.00922   0.24435   0.12751   0.00000   0.00000   0.39717   0.12233   0.04487   0.90771   1.38799   0.90481   0.58830   0.85434   0.43914   0.58173   1.03954   0.41934   1.15824   1.08019   1.61811   0.99999   0.29010   2.48673   1.64847  
 91 439.6385  11932.850258  x:  0.89656   2.20703   0.88397   1.91321   0.80886   1.18277   1.97437   1.67099   1.37275   0.35906   0.26871   0.10233   0.00000   0.03551   0.29451   0.20087   0.36930   0.35874   0.15537   0.12205   0.14634   0.67535   0.07220   0.00000   0.60336   0.00000   1.13255   0.03292   0.49203   0.07309   0.13787   0.22339   0.39208   0.50787   1.07719   0.70958   0.51141   0.20464   0.00000   0.06725   0.24288   0.76233   0.00000   0.66189   0.35503   0.77051   0.06084   0.08237   0.17749   0.97804   0.00000   0.42121   0.01832   0.06534   0.00120   0.81349   0.00000   0.41970   0.00000   0.36108   0.13899   0.23781   0.03371   0.06372   0.03281   0.15035   0.02313   0.19211   0.01142   0.18905   0.03192   0.02069   0.07714   0.02257   0.00000   0.00593   0.47782   0.06250   0.10037   0.01403   0.00000   0.01583   0.07045   0.02902   0.00000   0.00000   0.07850   0.14584   0.01947   0.05254   0.00000   0.00954   0.21704   0.00335   0.03278   0.00514   0.01658   0.02963   0.04832   0.03493   0.06545   0.06322   0.06884   0.00000   0.27685   0.02376   0.21092   0.00000   0.21175   0.05689   0.02582   0.00000   0.04773   0.01964   0.56999   0.05639   0.24084   0.02683   0.23702   0.02403   0.02053   0.10712   0.12750   0.17536   0.11733   0.00000   0.02296   0.00217   0.01400   0.02944   0.05073   0.02093   0.14837   0.01265   0.24430   0.12820   0.00000   0.00000   0.39650   0.12235   0.04590   0.90910   1.39011   0.90616   0.58884   0.85534   0.43875   0.58146   1.04026   0.41920   1.15989   1.08129   1.61958   0.99999   0.28728   2.49060   1.64847  
 92 226.3474  11930.674536  x:  0.89727   2.20924   0.88468   1.91497   0.80936   1.18379   1.97607   1.67235   1.37386   0.35907   0.26862   0.10260   0.00000   0.03550   0.29439   0.20097   0.36910   0.35853   0.15556   0.12215   0.14650   0.67502   0.07212   0.00000   0.60285   0.00000   1.13263   0.03304   0.49155   0.07335   0.13802   0.22340   0.39187   0.50764   1.07754   0.70953   0.51142   0.20420   0.00000   0.06793   0.24234   0.76205   0.00000   0.66159   0.35508   0.77052   0.06114   0.08263   0.17725   0.97776   0.00000   0.42095   0.02037   0.06580   0.00126   0.81312   0.00000   0.41953   0.00000   0.36083   0.13946   0.23764   0.03407   0.06432   0.03301   0.15087   0.02374   0.19219   0.01219   0.18920   0.03324   0.02232   0.07719   0.02275   0.00000   0.00690   0.47746   0.06288   0.10012   0.01373   0.00000   0.01626   0.07095   0.03002   0.00000   0.00000   0.07888   0.14592   0.02044   0.05084   0.00000   0.00761   0.20833   0.00000   0.03201   0.00546   0.01646   0.03191   0.04893   0.03698   0.05844   0.05921   0.06910   0.00000   0.27666   0.02469   0.21076   0.00000   0.21178   0.05696   0.02600   0.00000   0.04838   0.02013   0.56953   0.05699   0.24030   0.02262   0.23704   0.02517   0.02154   0.10735   0.12768   0.17547   0.11754   0.00000   0.02368   0.00385   0.01375   0.02986   0.05131   0.02186   0.14865   0.01384   0.24426   0.12850   0.00000   0.00000   0.39616   0.12235   0.04638   0.90981   1.39119   0.90685   0.58911   0.85585   0.43855   0.58132   1.04062   0.41913   1.16074   1.08185   1.62030   0.99999   0.28633   2.49252   1.64846  
 93 581.4536  11924.323665  x:  0.90172   2.22313   0.88912   1.92595   0.81250   1.19020   1.98671   1.68087   1.38083   0.35911   0.26799   0.10412   0.00000   0.03540   0.29365   0.20152   0.36786   0.35728   0.15667   0.12267   0.14742   0.67298   0.07165   0.00000   0.59969   0.00000   1.13318   0.03371   0.48860   0.07488   0.13884   0.22345   0.39065   0.50625   1.07977   0.70928   0.51156   0.20146   0.00000   0.07068   0.23910   0.76037   0.00000   0.65979   0.35542   0.77063   0.06254   0.08367   0.17579   0.97601   0.00000   0.41930   0.02423   0.06479   0.00183   0.81083   0.00000   0.41835   0.00000   0.35908   0.14140   0.23676   0.03520   0.06642   0.03349   0.15318   0.02524   0.19242   0.00935   0.18989   0.03571   0.02288   0.07727   0.02247   0.00000   0.00996   0.47522   0.06367   0.09861   0.01614   0.00000   0.01622   0.07291   0.03169   0.00000   0.00000   0.08026   0.14668   0.02772   0.04254   0.00000   0.02409   0.15509   0.00000   0.03302   0.01569   0.00969   0.03666   0.05222   0.04355   0.01955   0.03885   0.06973   0.00000   0.27530   0.02771   0.21021   0.00000   0.21199   0.05714   0.02566   0.00000   0.05024   0.01911   0.56668   0.05977   0.23751   0.00000   0.23687   0.02888   0.02325   0.10835   0.12850   0.17612   0.11814   0.00000   0.02262   0.00344   0.01690   0.03020   0.05321   0.02326   0.14973   0.01271   0.24400   0.12953   0.00000   0.00000   0.39412   0.12211   0.04855   0.91427   1.39798   0.91119   0.59087   0.85907   0.43734   0.58051   1.04293   0.41873   1.16604   1.08537   1.62433   0.99999   0.28937   2.50375   1.64845  
 94 597.5381  11924.323665  x:  0.90172   2.22313   0.88912   1.92595   0.81250   1.19020   1.98671   1.68087   1.38083   0.35911   0.26799   0.10412   0.00000   0.03540   0.29365   0.20152   0.36786   0.35728   0.15667   0.12267   0.14742   0.67298   0.07165   0.00000   0.59969   0.00000   1.13318   0.03371   0.48860   0.07488   0.13884   0.22345   0.39065   0.50625   1.07977   0.70928   0.51156   0.20146   0.00000   0.07068   0.23910   0.76037   0.00000   0.65979   0.35542   0.77063   0.06254   0.08367   0.17579   0.97601   0.00000   0.41930   0.02423   0.06479   0.00183   0.81083   0.00000   0.41835   0.00000   0.35908   0.14140   0.23676   0.03520   0.06642   0.03349   0.15318   0.02524   0.19242   0.00935   0.18989   0.03571   0.02288   0.07727   0.02247   0.00000   0.00996   0.47522   0.06367   0.09861   0.01614   0.00000   0.01622   0.07291   0.03169   0.00000   0.00000   0.08026   0.14668   0.02772   0.04254   0.00000   0.02409   0.15509   0.00000   0.03302   0.01569   0.00969   0.03666   0.05222   0.04355   0.01955   0.03885   0.06973   0.00000   0.27530   0.02771   0.21021   0.00000   0.21199   0.05714   0.02566   0.00000   0.05024   0.01911   0.56668   0.05977   0.23751   0.00000   0.23687   0.02888   0.02325   0.10835   0.12850   0.17612   0.11814   0.00000   0.02262   0.00344   0.01690   0.03020   0.05321   0.02326   0.14973   0.01271   0.24400   0.12953   0.00000   0.00000   0.39412   0.12211   0.04855   0.91427   1.39798   0.91119   0.59087   0.85907   0.43734   0.58051   1.04293   0.41873   1.16604   1.08537   1.62433   0.99999   0.28937   2.50375   1.64845  
 95 229.9542  11922.045873  x:  0.90285   2.22665   0.89024   1.92873   0.81329   1.19182   1.98941   1.68303   1.38259   0.35911   0.26782   0.10440   0.00000   0.03541   0.29350   0.20162   0.36757   0.35699   0.15690   0.12272   0.14756   0.67250   0.07153   0.00000   0.59892   0.00000   1.13333   0.03375   0.48790   0.07518   0.13899   0.22346   0.39037   0.50592   1.08034   0.70923   0.51164   0.20083   0.00000   0.07040   0.23832   0.75993   0.00000   0.65936   0.35550   0.77071   0.06257   0.08353   0.17549   0.97562   0.00000   0.41900   0.02235   0.06353   0.00292   0.81027   0.00000   0.41790   0.00000   0.35854   0.14139   0.23662   0.03512   0.06588   0.03321   0.15329   0.02517   0.19246   0.00962   0.18997   0.03428   0.01618   0.07720   0.02244   0.00000   0.00881   0.47472   0.06296   0.09850   0.01409   0.00000   0.01573   0.07268   0.03046   0.00000   0.00000   0.08010   0.14686   0.01904   0.04204   0.00000   0.01495   0.14291   0.00000   0.02978   0.00870   0.01863   0.03338   0.05135   0.04163   0.02940   0.04041   0.06892   0.00000   0.27498   0.02706   0.21078   0.00000   0.21207   0.05704   0.02573   0.00000   0.04970   0.01904   0.56603   0.06053   0.23774   0.00295   0.23683   0.02894   0.02224   0.10852   0.12858   0.17622   0.11793   0.00000   0.02240   0.02376   0.01482   0.02996   0.05275   0.02237   0.14971   0.01111   0.24399   0.12948   0.00000   0.00000   0.39368   0.12206   0.04818   0.91540   1.39970   0.91229   0.59131   0.85988   0.43705   0.58032   1.04352   0.41862   1.16739   1.08626   1.62528   0.99999   0.28916   2.50663   1.64845  
 96 212.3153  11919.360321  x:  0.90510   2.23367   0.89247   1.93428   0.81486   1.19506   1.99479   1.68734   1.38610   0.35913   0.26748   0.10495   0.00000   0.03541   0.29322   0.20181   0.36701   0.35644   0.15734   0.12282   0.14783   0.67153   0.07130   0.00000   0.59740   0.00000   1.13362   0.03384   0.48650   0.07577   0.13927   0.22348   0.38983   0.50527   1.08150   0.70914   0.51180   0.19957   0.00000   0.06994   0.23677   0.75909   0.00000   0.65850   0.35570   0.77086   0.06264   0.08328   0.17490   0.97480   0.00000   0.41837   0.01983   0.06184   0.00450   0.80917   0.00000   0.41706   0.00000   0.35754   0.14148   0.23635   0.03500   0.06504   0.03279   0.15352   0.02496   0.19253   0.00976   0.19013   0.03236   0.01017   0.07716   0.02242   0.00000   0.00731   0.47373   0.06196   0.09828   0.01392   0.00000   0.01527   0.07246   0.02888   0.00000   0.00000   0.07989   0.14717   0.00493   0.04291   0.00000   0.00559   0.11916   0.00000   0.02739   0.00421   0.01843   0.02849   0.05072   0.03851   0.03580   0.04293   0.06766   0.00000   0.27435   0.02599   0.21166   0.00000   0.21220   0.05690   0.02578   0.00000   0.04893   0.01901   0.56474   0.06170   0.23794   0.00561   0.23671   0.02891   0.02078   0.10881   0.12875   0.17638   0.11763   0.00000   0.02221   0.01625   0.01316   0.02937   0.05195   0.02088   0.14970   0.00978   0.24398   0.12947   0.00000   0.00000   0.39281   0.12194   0.04771   0.91764   1.40312   0.91448   0.59220   0.86150   0.43649   0.57996   1.04468   0.41840   1.17006   1.08804   1.62709   0.99999   0.28922   2.51229   1.64844  
 97 167.9449  11916.194141  x:  0.91001   2.24905   0.89736   1.94644   0.81830   1.20214   2.00656   1.69675   1.39379   0.35917   0.26673   0.10609   0.00000   0.03541   0.29263   0.20221   0.36579   0.35523   0.15828   0.12299   0.14838   0.66943   0.07079   0.00000   0.59409   0.00000   1.13425   0.03400   0.48345   0.07702   0.13987   0.22353   0.38866   0.50387   1.08402   0.70895   0.51217   0.19685   0.00000   0.06911   0.23338   0.75726   0.00000   0.65664   0.35614   0.77119   0.06279   0.08277   0.17361   0.97300   0.00000   0.41696   0.01616   0.05935   0.00747   0.80676   0.00000   0.41530   0.00000   0.35550   0.14191   0.23576   0.03489   0.06349   0.03209   0.15400   0.02462   0.19268   0.00999   0.19047   0.02960   0.01172   0.07720   0.02238   0.00000   0.00519   0.47159   0.06032   0.09771   0.01326   0.00000   0.01476   0.07234   0.02659   0.00000   0.00000   0.07959   0.14804   0.00000   0.04676   0.00000   0.01443   0.06904   0.00000   0.02793   0.00935   0.02232   0.02237   0.05148   0.03363   0.04689   0.04821   0.06528   0.00000   0.27302   0.02404   0.21339   0.00000   0.21245   0.05669   0.02582   0.00000   0.04763   0.01901   0.56195   0.06398   0.23821   0.00945   0.23646   0.02891   0.01853   0.10941   0.12907   0.17670   0.11713   0.00000   0.02197   0.01271   0.01319   0.02878   0.05070   0.01843   0.14974   0.00870   0.24399   0.12954   0.00000   0.00000   0.39094   0.12171   0.04687   0.92255   1.41061   0.91927   0.59413   0.86504   0.43526   0.57916   1.04722   0.41791   1.17592   1.09193   1.63100   0.99999   0.28915   2.52466   1.64843  
 98 269.5529  11916.194141  x:  0.91001   2.24905   0.89736   1.94644   0.81830   1.20214   2.00656   1.69675   1.39379   0.35917   0.26673   0.10609   0.00000   0.03541   0.29263   0.20221   0.36579   0.35523   0.15828   0.12299   0.14838   0.66943   0.07079   0.00000   0.59409   0.00000   1.13425   0.03400   0.48345   0.07702   0.13987   0.22353   0.38866   0.50387   1.08402   0.70895   0.51217   0.19685   0.00000   0.06911   0.23338   0.75726   0.00000   0.65664   0.35614   0.77119   0.06279   0.08277   0.17361   0.97300   0.00000   0.41696   0.01616   0.05935   0.00747   0.80676   0.00000   0.41530   0.00000   0.35550   0.14191   0.23576   0.03489   0.06349   0.03209   0.15400   0.02462   0.19268   0.00999   0.19047   0.02960   0.01172   0.07720   0.02238   0.00000   0.00519   0.47159   0.06032   0.09771   0.01326   0.00000   0.01476   0.07234   0.02659   0.00000   0.00000   0.07959   0.14804   0.00000   0.04676   0.00000   0.01443   0.06904   0.00000   0.02793   0.00935   0.02232   0.02237   0.05148   0.03363   0.04689   0.04821   0.06528   0.00000   0.27302   0.02404   0.21339   0.00000   0.21245   0.05669   0.02582   0.00000   0.04763   0.01901   0.56195   0.06398   0.23821   0.00945   0.23646   0.02891   0.01853   0.10941   0.12907   0.17670   0.11713   0.00000   0.02197   0.01271   0.01319   0.02878   0.05070   0.01843   0.14974   0.00870   0.24399   0.12954   0.00000   0.00000   0.39094   0.12171   0.04687   0.92255   1.41061   0.91927   0.59413   0.86504   0.43526   0.57916   1.04722   0.41791   1.17592   1.09193   1.63100   0.99999   0.28915   2.52466   1.64843  
 99 4563.8674  11914.967344  x:  0.91008   2.24927   0.89743   1.94661   0.81835   1.20224   2.00673   1.69689   1.39390   0.35917   0.26671   0.10610   0.00000   0.03541   0.29262   0.20222   0.36577   0.35521   0.15829   0.12299   0.14838   0.66941   0.07078   0.00000   0.59405   0.00000   1.13426   0.03400   0.48341   0.07703   0.13988   0.22353   0.38865   0.50385   1.08405   0.70895   0.51218   0.19681   0.00000   0.06912   0.23334   0.75724   0.00000   0.65661   0.35614   0.77119   0.06279   0.08276   0.17360   0.97298   0.00000   0.41694   0.01634   0.05946   0.00745   0.80673   0.00000   0.41528   0.00000   0.35548   0.14193   0.23576   0.03490   0.06350   0.03210   0.15400   0.02462   0.19269   0.00998   0.19048   0.02971   0.01207   0.07721   0.02238   0.00000   0.00527   0.47156   0.06036   0.09770   0.01340   0.00000   0.01480   0.07237   0.02670   0.00000   0.00000   0.07960   0.14809   0.00544   0.04678   0.00000   0.01437   0.06876   0.00542   0.02807   0.00902   0.02191   0.02279   0.05155   0.03375   0.04647   0.04829   0.06529   0.00000   0.27301   0.02407   0.21339   0.00000   0.21245   0.05670   0.02582   0.00000   0.04767   0.01902   0.56191   0.06398   0.23819   0.00927   0.23646   0.02891   0.01861   0.10941   0.12907   0.17670   0.11715   0.00000   0.02199   0.01215   0.01335   0.02881   0.05073   0.01849   0.14975   0.00886   0.24399   0.12954   0.00000   0.00000   0.39091   0.12171   0.04688   0.92262   1.41072   0.91934   0.59416   0.86509   0.43524   0.57915   1.04725   0.41791   1.17600   1.09199   1.63104   0.99999   0.28920   2.52482   1.64843  
100 777.7391  11913.828951  x:  0.91111   2.25250   0.89845   1.94917   0.81906   1.20373   2.00920   1.69886   1.39551   0.35918   0.26656   0.10626   0.00000   0.03541   0.29253   0.20226   0.36555   0.35500   0.15844   0.12299   0.14844   0.66900   0.07068   0.00000   0.59339   0.00000   1.13440   0.03401   0.48283   0.07724   0.13996   0.22354   0.38844   0.50359   1.08458   0.70894   0.51230   0.19631   0.00000   0.06926   0.23267   0.75690   0.00000   0.65626   0.35629   0.77125   0.06284   0.08274   0.17336   0.97257   0.00000   0.41660   0.01882   0.06098   0.00720   0.80626   0.00000   0.41503   0.00000   0.35528   0.14228   0.23567   0.03511   0.06374   0.03234   0.15407   0.02471   0.19271   0.00975   0.19055   0.03120   0.01654   0.07724   0.02242   0.00000   0.00631   0.47119   0.06088   0.09768   0.01518   0.00000   0.01544   0.07264   0.02819   0.00000   0.00000   0.07978   0.14814   0.00571   0.04779   0.00000   0.01264   0.06386   0.00486   0.02870   0.00506   0.01720   0.02749   0.05224   0.03417   0.04150   0.04681   0.06551   0.00000   0.27285   0.02440   0.21341   0.00000   0.21244   0.05683   0.02571   0.00000   0.04812   0.01913   0.56139   0.06393   0.23794   0.00658   0.23642   0.02902   0.01973   0.10947   0.12909   0.17672   0.11734   0.00000   0.02227   0.00448   0.01540   0.02930   0.05116   0.01930   0.14987   0.01111   0.24403   0.12967   0.00000   0.00000   0.39057   0.12173   0.04709   0.92365   1.41229   0.92035   0.59457   0.86584   0.43501   0.57901   1.04779   0.41780   1.17724   1.09281   1.63167   0.99999   0.29009   2.52727   1.64842  
101 117.5821  11912.841101  x:  0.91341   2.25974   0.90073   1.95489   0.82067   1.20706   2.01474   1.70329   1.39913   0.35920   0.26621   0.10661   0.00000   0.03541   0.29234   0.20237   0.36506   0.35452   0.15877   0.12297   0.14857   0.66810   0.07047   0.00000   0.59194   0.00000   1.13472   0.03403   0.48152   0.07771   0.14014   0.22356   0.38799   0.50302   1.08578   0.70890   0.51257   0.19520   0.00000   0.06952   0.23117   0.75613   0.00000   0.65546   0.35661   0.77140   0.06296   0.08267   0.17284   0.97167   0.00000   0.41587   0.02251   0.06331   0.00680   0.80521   0.00000   0.41446   0.00000   0.35479   0.14295   0.23548   0.03549   0.06416   0.03275   0.15423   0.02488   0.19277   0.00946   0.19069   0.03352   0.01930   0.07726   0.02247   0.00000   0.00817   0.47035   0.06176   0.09761   0.01613   0.00000   0.01627   0.07311   0.03050   0.00000   0.00000   0.08006   0.14822   0.00698   0.04969   0.00000   0.01123   0.05425   0.00338   0.03042   0.00781   0.01062   0.03399   0.05364   0.03515   0.03202   0.04419   0.06585   0.00000   0.27248   0.02501   0.21353   0.00000   0.21242   0.05710   0.02557   0.00000   0.04892   0.01926   0.56023   0.06386   0.23751   0.00169   0.23633   0.02920   0.02158   0.10957   0.12911   0.17676   0.11770   0.00000   0.02264   0.00958   0.01705   0.03012   0.05197   0.02063   0.15009   0.01336   0.24408   0.12983   0.00000   0.00000   0.38982   0.12177   0.04744   0.92595   1.41581   0.92260   0.59548   0.86751   0.43450   0.57870   1.04898   0.41757   1.17999   1.09464   1.63309   0.99999   0.29120   2.53282   1.64841  
102 147.7409  11912.108259  x:  0.91510   2.26507   0.90242   1.95910   0.82184   1.20951   2.01882   1.70654   1.40179   0.35921   0.26597   0.10687   0.00000   0.03542   0.29222   0.20245   0.36471   0.35418   0.15901   0.12297   0.14866   0.66744   0.07031   0.00000   0.59089   0.00000   1.13496   0.03403   0.48058   0.07805   0.14026   0.22358   0.38766   0.50260   1.08666   0.70888   0.51277   0.19440   0.00000   0.06966   0.23008   0.75557   0.00000   0.65488   0.35684   0.77152   0.06305   0.08262   0.17248   0.97103   0.00000   0.41536   0.02335   0.06389   0.00678   0.80444   0.00000   0.41402   0.00000   0.35438   0.14329   0.23536   0.03566   0.06434   0.03291   0.15431   0.02499   0.19281   0.00947   0.19078   0.03416   0.01753   0.07724   0.02247   0.00000   0.00891   0.46974   0.06205   0.09753   0.01514   0.00000   0.01629   0.07330   0.03108   0.00000   0.00000   0.08013   0.14831   0.00909   0.05017   0.00000   0.01215   0.04969   0.00131   0.03114   0.00817   0.01316   0.03519   0.05445   0.03601   0.02808   0.04304   0.06588   0.00000   0.27223   0.02528   0.21378   0.00000   0.21241   0.05726   0.02556   0.00000   0.04923   0.01923   0.55940   0.06390   0.23740   0.00000   0.23628   0.02933   0.02218   0.10962   0.12913   0.17680   0.11784   0.00000   0.02260   0.00900   0.01594   0.03019   0.05230   0.02105   0.15019   0.01298   0.24410   0.12982   0.00000   0.00000   0.38930   0.12183   0.04754   0.92765   1.41840   0.92425   0.59615   0.86873   0.43412   0.57848   1.04985   0.41739   1.18202   1.09599   1.63412   0.99999   0.29133   2.53695   1.64840  
103 142.3729  11911.763108  x:  0.91597   2.26781   0.90328   1.96126   0.82245   1.21077   2.02091   1.70822   1.40315   0.35923   0.26584   0.10700   0.00000   0.03543   0.29216   0.20248   0.36454   0.35402   0.15912   0.12296   0.14871   0.66711   0.07023   0.00000   0.59035   0.00000   1.13509   0.03403   0.48010   0.07822   0.14032   0.22360   0.38750   0.50240   1.08712   0.70887   0.51289   0.19400   0.00000   0.06970   0.22953   0.75528   0.00000   0.65459   0.35697   0.77158   0.06310   0.08259   0.17230   0.97070   0.00000   0.41512   0.02328   0.06387   0.00689   0.80406   0.00000   0.41379   0.00000   0.35416   0.14341   0.23530   0.03571   0.06436   0.03293   0.15433   0.02503   0.19282   0.00948   0.19081   0.03418   0.01685   0.07723   0.02246   0.00000   0.00902   0.46944   0.06207   0.09750   0.01506   0.00000   0.01620   0.07333   0.03105   0.00000   0.00000   0.08012   0.14836   0.01039   0.04983   0.00000   0.01223   0.04897   0.00000   0.03112   0.00787   0.01249   0.03493   0.05467   0.03668   0.02744   0.04278   0.06581   0.00000   0.27212   0.02535   0.21396   0.00000   0.21241   0.05731   0.02557   0.00000   0.04928   0.01920   0.55898   0.06398   0.23742   0.00000   0.23627   0.02939   0.02225   0.10964   0.12913   0.17682   0.11786   0.00000   0.02255   0.00895   0.01571   0.03013   0.05236   0.02111   0.15022   0.01260   0.24410   0.12980   0.00000   0.00000   0.38905   0.12187   0.04752   0.92852   1.41973   0.92510   0.59649   0.86936   0.43394   0.57837   1.05030   0.41730   1.18306   1.09668   1.63463   0.99999   0.29138   2.53907   1.64839  
104 238.8615  11907.878943  x:  0.93936   2.34152   0.92650   2.01950   0.83866   1.24468   2.07727   1.75321   1.43989   0.35953   0.26259   0.11023   0.00000   0.03561   0.29064   0.20339   0.36000   0.34965   0.16216   0.12282   0.14986   0.65838   0.06816   0.00000   0.57618   0.00000   1.13848   0.03406   0.46749   0.08269   0.14188   0.22396   0.38334   0.49697   1.09945   0.70877   0.51601   0.18349   0.00000   0.07046   0.21490   0.74760   0.00000   0.64688   0.36038   0.77344   0.06425   0.08175   0.16772   0.96210   0.00000   0.40884   0.02155   0.06332   0.00988   0.79389   0.00000   0.40773   0.00000   0.34815   0.14582   0.23388   0.03651   0.06457   0.03301   0.15484   0.02536   0.19320   0.00925   0.19161   0.03434   0.01886   0.07733   0.02244   0.00000   0.00972   0.46148   0.06212   0.09722   0.01811   0.00000   0.01536   0.07351   0.03014   0.00000   0.00000   0.07995   0.14966   0.03691   0.03402   0.00000   0.01109   0.04933   0.00000   0.03130   0.01679   0.01127   0.03301   0.05775   0.05692   0.01070   0.03757   0.06388   0.00000   0.26925   0.02641   0.21867   0.00000   0.21227   0.05858   0.02583   0.00000   0.05005   0.01908   0.54801   0.06555   0.23826   0.00065   0.23594   0.03019   0.02299   0.11001   0.12927   0.17722   0.11822   0.00000   0.02236   0.00546   0.01894   0.02957   0.05323   0.02185   0.15080   0.00979   0.24438   0.12970   0.00000   0.00000   0.38252   0.12288   0.04688   0.95190   1.45550   0.94798   0.60579   0.88634   0.42901   0.57548   1.06239   0.41484   1.21111   1.11533   1.64796   0.99999   0.29523   2.59565   1.64826  
105 775.0310  11906.844118  x:  0.94268   2.35198   0.92979   2.02777   0.84096   1.24949   2.08527   1.75959   1.44511   0.35958   0.26213   0.11067   0.00000   0.03564   0.29044   0.20352   0.35938   0.34905   0.16258   0.12280   0.15002   0.65716   0.06787   0.00000   0.57420   0.00000   1.13897   0.03406   0.46574   0.08331   0.14209   0.22401   0.38277   0.49622   1.10121   0.70877   0.51647   0.18203   0.00000   0.07054   0.21285   0.74652   0.00000   0.64580   0.36088   0.77370   0.06440   0.08164   0.16709   0.96089   0.00000   0.40796   0.02186   0.06357   0.01018   0.79246   0.00000   0.40691   0.00000   0.34734   0.14615   0.23369   0.03659   0.06461   0.03304   0.15492   0.02537   0.19325   0.00923   0.19172   0.03458   0.01966   0.07734   0.02245   0.00000   0.00984   0.46039   0.06221   0.09723   0.01812   0.00000   0.01548   0.07353   0.03034   0.00000   0.00000   0.07997   0.14985   0.03906   0.03320   0.00000   0.01136   0.04896   0.00000   0.03124   0.01679   0.01173   0.03379   0.05808   0.05863   0.01238   0.03683   0.06372   0.00000   0.26887   0.02654   0.21925   0.00000   0.21224   0.05875   0.02581   0.00000   0.05017   0.01910   0.54649   0.06568   0.23831   0.00000   0.23590   0.03021   0.02320   0.11006   0.12929   0.17728   0.11830   0.00000   0.02244   0.00581   0.01916   0.02967   0.05335   0.02200   0.15089   0.01028   0.24442   0.12973   0.00000   0.00000   0.38163   0.12300   0.04687   0.95522   1.46057   0.95123   0.60711   0.88875   0.42833   0.57509   1.06411   0.41449   1.21509   1.11798   1.64979   0.99999   0.29595   2.60364   1.64824  
106 855.9205  11906.844118  x:  0.94268   2.35198   0.92979   2.02777   0.84096   1.24949   2.08527   1.75959   1.44511   0.35958   0.26213   0.11067   0.00000   0.03564   0.29044   0.20352   0.35938   0.34905   0.16258   0.12280   0.15002   0.65716   0.06787   0.00000   0.57420   0.00000   1.13897   0.03406   0.46574   0.08331   0.14209   0.22401   0.38277   0.49622   1.10121   0.70877   0.51647   0.18203   0.00000   0.07054   0.21285   0.74652   0.00000   0.64580   0.36088   0.77370   0.06440   0.08164   0.16709   0.96089   0.00000   0.40796   0.02186   0.06357   0.01018   0.79246   0.00000   0.40691   0.00000   0.34734   0.14615   0.23369   0.03659   0.06461   0.03304   0.15492   0.02537   0.19325   0.00923   0.19172   0.03458   0.01966   0.07734   0.02245   0.00000   0.00984   0.46039   0.06221   0.09723   0.01812   0.00000   0.01548   0.07353   0.03034   0.00000   0.00000   0.07997   0.14985   0.03906   0.03320   0.00000   0.01136   0.04896   0.00000   0.03124   0.01679   0.01173   0.03379   0.05808   0.05863   0.01238   0.03683   0.06372   0.00000   0.26887   0.02654   0.21925   0.00000   0.21224   0.05875   0.02581   0.00000   0.05017   0.01910   0.54649   0.06568   0.23831   0.00000   0.23590   0.03021   0.02320   0.11006   0.12929   0.17728   0.11830   0.00000   0.02244   0.00581   0.01916   0.02967   0.05335   0.02200   0.15089   0.01028   0.24442   0.12973   0.00000   0.00000   0.38163   0.12300   0.04687   0.95522   1.46057   0.95123   0.60711   0.88875   0.42833   0.57509   1.06411   0.41449   1.21509   1.11798   1.64979   0.99999   0.29595   2.60364   1.64824  
107 1039.2324  11903.769842  x:  0.94386   2.35577   0.93097   2.03076   0.84176   1.25123   2.08816   1.76188   1.44698   0.35963   0.26207   0.11070   0.00000   0.03568   0.29051   0.20350   0.35932   0.34901   0.16262   0.12280   0.15002   0.65690   0.06783   0.00000   0.57372   0.00000   1.13920   0.03406   0.46537   0.08345   0.14209   0.22407   0.38274   0.49612   1.10189   0.70886   0.51678   0.18182   0.00000   0.07027   0.21233   0.74625   0.00000   0.64555   0.36116   0.77386   0.06437   0.08161   0.16703   0.96055   0.00000   0.40789   0.02087   0.06294   0.01034   0.79212   0.00000   0.40685   0.00000   0.34722   0.14581   0.23377   0.03619   0.06432   0.03277   0.15488   0.02509   0.19325   0.00973   0.19169   0.03339   0.01433   0.07728   0.02245   0.00000   0.00841   0.46031   0.06185   0.09756   0.01327   0.00000   0.01559   0.07306   0.02975   0.00000   0.00000   0.07993   0.14993   0.02528   0.04027   0.00000   0.01591   0.05256   0.00000   0.02862   0.00669   0.01719   0.03132   0.05653   0.05180   0.03981   0.03869   0.06375   0.00000   0.26897   0.02601   0.21930   0.00000   0.21218   0.05863   0.02575   0.00000   0.04958   0.01910   0.54625   0.06544   0.23851   0.00072   0.23594   0.02971   0.02208   0.10996   0.12929   0.17728   0.11814   0.00000   0.02237   0.01095   0.01392   0.02965   0.05272   0.02100   0.15077   0.01084   0.24445   0.12975   0.00000   0.00000   0.38163   0.12298   0.04684   0.95641   1.46239   0.95240   0.60759   0.88963   0.42821   0.57507   1.06472   0.41435   1.21653   1.11894   1.64999   0.99999   0.29567   2.60639   1.64823  
108 203.9404  11902.427120  x:  0.94540   2.36072   0.93250   2.03466   0.84281   1.25349   2.09193   1.76488   1.44942   0.35970   0.26199   0.11073   0.00000   0.03572   0.29059   0.20349   0.35925   0.34896   0.16267   0.12279   0.15003   0.65656   0.06777   0.00000   0.57310   0.00000   1.13950   0.03407   0.46490   0.08363   0.14208   0.22414   0.38271   0.49600   1.10278   0.70899   0.51718   0.18154   0.00000   0.07000   0.21166   0.74590   0.00000   0.64524   0.36153   0.77406   0.06435   0.08158   0.16696   0.96011   0.00000   0.40780   0.02021   0.06251   0.01048   0.79168   0.00000   0.40679   0.00000   0.34711   0.14552   0.23387   0.03586   0.06408   0.03259   0.15484   0.02484   0.19324   0.00972   0.19166   0.03256   0.01397   0.07728   0.02245   0.00000   0.00726   0.46020   0.06162   0.09785   0.01451   0.00000   0.01563   0.07269   0.02936   0.00000   0.00000   0.07992   0.14987   0.00974   0.04482   0.00000   0.01427   0.05447   0.00000   0.02858   0.00764   0.01569   0.02969   0.05426   0.04387   0.04152   0.04087   0.06385   0.00000   0.26909   0.02554   0.21934   0.00000   0.21211   0.05852   0.02570   0.00000   0.04908   0.01914   0.54593   0.06519   0.23870   0.00117   0.23600   0.02934   0.02119   0.10988   0.12930   0.17727   0.11802   0.00000   0.02230   0.00412   0.01402   0.02957   0.05218   0.02018   0.15066   0.01099   0.24449   0.12975   0.00000   0.00000   0.38163   0.12296   0.04683   0.95795   1.46477   0.95392   0.60823   0.89077   0.42805   0.57504   1.06552   0.41417   1.21841   1.12019   1.65019   0.99999   0.29582   2.60994   1.64822  
109 120.5306  11902.091786  x:  0.94620   2.36326   0.93329   2.03667   0.84335   1.25466   2.09386   1.76642   1.45067   0.35974   0.26195   0.11075   0.00000   0.03573   0.29063   0.20348   0.35922   0.34894   0.16269   0.12278   0.15004   0.65638   0.06775   0.00000   0.57279   0.00000   1.13966   0.03407   0.46466   0.08373   0.14207   0.22417   0.38269   0.49594   1.10324   0.70905   0.51738   0.18140   0.00000   0.06990   0.21132   0.74573   0.00000   0.64508   0.36172   0.77416   0.06434   0.08157   0.16693   0.95989   0.00000   0.40775   0.02003   0.06238   0.01054   0.79145   0.00000   0.40676   0.00000   0.34708   0.14544   0.23392   0.03575   0.06399   0.03253   0.15482   0.02476   0.19324   0.00970   0.19164   0.03232   0.01433   0.07729   0.02245   0.00000   0.00694   0.46014   0.06157   0.09793   0.01490   0.00000   0.01564   0.07260   0.02926   0.00000   0.00000   0.07992   0.14983   0.00491   0.04634   0.00000   0.01332   0.05501   0.00000   0.02889   0.00763   0.01495   0.02929   0.05350   0.04068   0.04034   0.04195   0.06392   0.00000   0.26916   0.02536   0.21935   0.00000   0.21207   0.05848   0.02568   0.00000   0.04891   0.01915   0.54578   0.06509   0.23878   0.00130   0.23603   0.02924   0.02091   0.10985   0.12930   0.17727   0.11799   0.00000   0.02229   0.00691   0.01455   0.02958   0.05200   0.01992   0.15063   0.01100   0.24450   0.12975   0.00000   0.00000   0.38164   0.12294   0.04683   0.95874   1.46599   0.95470   0.60856   0.89136   0.42797   0.57503   1.06593   0.41408   1.21938   1.12083   1.65029   0.99999   0.29589   2.61175   1.64821  
110 172.8936  11901.045188  x:  0.95083   2.37811   0.93788   2.04839   0.84649   1.26146   2.10517   1.77540   1.45800   0.35995   0.26172   0.11085   0.00000   0.03581   0.29087   0.20344   0.35902   0.34880   0.16283   0.12275   0.15006   0.65538   0.06758   0.00000   0.57095   0.00000   1.14057   0.03407   0.46326   0.08426   0.14204   0.22437   0.38258   0.49558   1.10592   0.70943   0.51858   0.18058   0.00000   0.06935   0.20935   0.74470   0.00000   0.64414   0.36284   0.77475   0.06428   0.08151   0.16671   0.95857   0.00000   0.40748   0.01934   0.06185   0.01088   0.79013   0.00000   0.40660   0.00000   0.34691   0.14509   0.23419   0.03523   0.06359   0.03232   0.15476   0.02443   0.19323   0.00973   0.19156   0.03125   0.01531   0.07731   0.02245   0.00000   0.00585   0.45979   0.06152   0.09819   0.01455   0.00000   0.01567   0.07242   0.02886   0.00000   0.00000   0.07995   0.14964   0.00227   0.05388   0.00000   0.01061   0.05738   0.01010   0.03069   0.00351   0.01383   0.02795   0.05061   0.02571   0.03651   0.04843   0.06430   0.00000   0.26953   0.02452   0.21943   0.00000   0.21187   0.05828   0.02561   0.00000   0.04807   0.01924   0.54486   0.06457   0.23921   0.00185   0.23623   0.02886   0.01971   0.10972   0.12933   0.17727   0.11786   0.00000   0.02229   0.01025   0.01536   0.02958   0.05114   0.01877   0.15046   0.01109   0.24460   0.12976   0.00000   0.00000   0.38167   0.12287   0.04682   0.96338   1.47312   0.95927   0.61046   0.89480   0.42752   0.57496   1.06832   0.41353   1.22503   1.12459   1.65083   0.99999   0.29619   2.62236   1.64817  
111 134.3740  11900.351889  x:  0.95551   2.39311   0.94252   2.06022   0.84965   1.26832   2.11659   1.78447   1.46540   0.36017   0.26150   0.11096   0.00000   0.03587   0.29110   0.20341   0.35882   0.34866   0.16297   0.12272   0.15009   0.65439   0.06742   0.00000   0.56914   0.00000   1.14150   0.03407   0.46188   0.08478   0.14201   0.22457   0.38248   0.49523   1.10863   0.70983   0.51977   0.17976   0.00000   0.06903   0.20739   0.74367   0.00000   0.64321   0.36397   0.77536   0.06425   0.08147   0.16650   0.95726   0.00000   0.40721   0.01943   0.06180   0.01115   0.78882   0.00000   0.40647   0.00000   0.34682   0.14500   0.23444   0.03507   0.06343   0.03231   0.15475   0.02436   0.19323   0.00984   0.19151   0.03109   0.01556   0.07731   0.02245   0.00000   0.00590   0.45943   0.06179   0.09820   0.01302   0.00000   0.01565   0.07261   0.02889   0.00000   0.00000   0.08002   0.14934   0.00028   0.05955   0.00000   0.01205   0.05625   0.01680   0.03200   0.00982   0.01746   0.02804   0.05022   0.01862   0.03540   0.05232   0.06472   0.00000   0.26991   0.02409   0.21950   0.00000   0.21170   0.05819   0.02558   0.00000   0.04773   0.01928   0.54397   0.06423   0.23955   0.00195   0.23643   0.02896   0.01951   0.10966   0.12937   0.17727   0.11788   0.00000   0.02235   0.01306   0.01485   0.02960   0.05080   0.01855   0.15040   0.01107   0.24471   0.12978   0.00000   0.00000   0.38171   0.12281   0.04684   0.96806   1.48031   0.96388   0.61239   0.89827   0.42707   0.57490   1.07073   0.41297   1.23072   1.12839   1.65134   0.99999   0.29663   2.63302   1.64813  
112 257.2469  11900.192599  x:  0.95603   2.39477   0.94303   2.06153   0.85000   1.26908   2.11785   1.78547   1.46622   0.36019   0.26148   0.11097   0.00000   0.03588   0.29113   0.20341   0.35880   0.34865   0.16299   0.12272   0.15009   0.65429   0.06740   0.00000   0.56894   0.00000   1.14160   0.03407   0.46174   0.08484   0.14201   0.22459   0.38247   0.49519   1.10893   0.70987   0.51991   0.17967   0.00000   0.06901   0.20717   0.74356   0.00000   0.64311   0.36409   0.77542   0.06425   0.08146   0.16648   0.95712   0.00000   0.40718   0.01948   0.06182   0.01117   0.78867   0.00000   0.40646   0.00000   0.34682   0.14500   0.23446   0.03507   0.06343   0.03232   0.15475   0.02437   0.19323   0.00984   0.19151   0.03112   0.01560   0.07732   0.02245   0.00000   0.00598   0.45939   0.06183   0.09819   0.01302   0.00000   0.01564   0.07266   0.02892   0.00000   0.00000   0.08002   0.14931   0.00000   0.05993   0.00000   0.01215   0.05592   0.01715   0.03203   0.00969   0.01772   0.02807   0.05032   0.01871   0.03519   0.05254   0.06477   0.00000   0.26995   0.02407   0.21951   0.00000   0.21168   0.05818   0.02558   0.00000   0.04773   0.01929   0.54388   0.06421   0.23959   0.00193   0.23645   0.02899   0.01955   0.10966   0.12937   0.17728   0.11789   0.00000   0.02236   0.01312   0.01484   0.02960   0.05080   0.01858   0.15039   0.01106   0.24472   0.12978   0.00000   0.00000   0.38171   0.12280   0.04684   0.96857   1.48111   0.96439   0.61261   0.89865   0.42702   0.57490   1.07100   0.41291   1.23135   1.12881   1.65140   0.99999   0.29671   2.63420   1.64813  
113 352.4413  11892.457120  x:  0.99362   2.51558   0.98028   2.15681   0.87540   1.32434   2.20978   1.85842   1.52574   0.36197   0.26000   0.11184   0.00000   0.03616   0.29284   0.20326   0.35748   0.34779   0.16409   0.12263   0.15048   0.64679   0.06618   0.00000   0.55499   0.00000   1.14920   0.03405   0.45127   0.08897   0.14185   0.22608   0.38183   0.49272   1.13086   0.71320   0.52947   0.17336   0.00000   0.06889   0.19202   0.73566   0.00000   0.63599   0.37319   0.78033   0.06434   0.08144   0.16487   0.94692   0.00000   0.40523   0.02092   0.06233   0.01236   0.77855   0.00000   0.40578   0.00000   0.34643   0.14562   0.23624   0.03595   0.06393   0.03269   0.15495   0.02475   0.19335   0.00936   0.19139   0.03291   0.01245   0.07737   0.02250   0.00000   0.01210   0.45651   0.06472   0.09598   0.01495   0.00000   0.01546   0.07639   0.02949   0.00000   0.00000   0.08043   0.14662   0.00000   0.07027   0.00000   0.00000   0.03412   0.01939   0.02777   0.01208   0.00958   0.02409   0.05719   0.01850   0.04048   0.05528   0.06740   0.00000   0.27266   0.02372   0.22029   0.00000   0.21077   0.05847   0.02572   0.00000   0.04876   0.01919   0.53734   0.06347   0.24161   0.00083   0.23779   0.03091   0.02131   0.10958   0.12974   0.17740   0.11858   0.00000   0.02215   0.01439   0.01625   0.02972   0.05192   0.02059   0.15041   0.01109   0.24554   0.12997   0.00000   0.00000   0.38218   0.12259   0.04706   1.00617   1.53900   1.00151   0.62817   0.92659   0.42366   0.57472   1.09037   0.40839   1.27724   1.15935   1.65496   0.99999   0.30230   2.71948   1.64779  
114 961.5334  11888.982742  x:  1.01273   2.57700   0.99921   2.20524   0.88830   1.35244   2.25651   1.89551   1.55600   0.36288   0.25928   0.11230   0.00000   0.03630   0.29370   0.20321   0.35683   0.34737   0.16464   0.12260   0.15069   0.64303   0.06556   0.00000   0.54796   0.00000   1.15307   0.03403   0.44601   0.09105   0.14178   0.22683   0.38152   0.49150   1.14202   0.71492   0.53432   0.17017   0.00000   0.06895   0.18439   0.73168   0.00000   0.63240   0.37782   0.78283   0.06441   0.08144   0.16405   0.94178   0.00000   0.40425   0.02124   0.06239   0.01289   0.77346   0.00000   0.40547   0.00000   0.34621   0.14587   0.23713   0.03637   0.06419   0.03279   0.15506   0.02485   0.19341   0.00904   0.19134   0.03354   0.01130   0.07741   0.02252   0.00000   0.01488   0.45506   0.06600   0.09481   0.01666   0.00000   0.01542   0.07819   0.02954   0.00000   0.00000   0.08060   0.14540   0.00000   0.07356   0.00000   0.00308   0.02503   0.01780   0.02555   0.01260   0.00261   0.02165   0.06029   0.01669   0.04236   0.05529   0.06861   0.00000   0.27400   0.02358   0.22071   0.00000   0.21034   0.05867   0.02580   0.00000   0.04932   0.01912   0.53408   0.06319   0.24262   0.00040   0.23843   0.03166   0.02187   0.10953   0.12992   0.17748   0.11889   0.00000   0.02197   0.01432   0.01781   0.02977   0.05251   0.02138   0.15040   0.01116   0.24595   0.13007   0.00000   0.00000   0.38242   0.12250   0.04717   1.02528   1.56843   1.02037   0.63609   0.94080   0.42198   0.57466   1.10022   0.40608   1.30057   1.17488   1.65674   0.99999   0.30506   2.76281   1.64762  
115 6667.1465  11880.807781  x:  1.05401   2.70979   1.04010   2.30995   0.91615   1.41316   2.35751   1.97565   1.62139   0.36487   0.25784   0.11330   0.00000   0.03658   0.29551   0.20316   0.35554   0.34656   0.16584   0.12259   0.15121   0.63512   0.06426   0.00000   0.53311   0.00000   1.16151   0.03396   0.43495   0.09552   0.14168   0.22842   0.38095   0.48903   1.16618   0.71871   0.54477   0.16342   0.00000   0.06963   0.16821   0.72322   0.00000   0.62483   0.38780   0.78826   0.06465   0.08156   0.16231   0.93083   0.00000   0.40225   0.02017   0.06172   0.01375   0.76268   0.00000   0.40491   0.00000   0.34565   0.14620   0.23897   0.03719   0.06481   0.03258   0.15529   0.02470   0.19360   0.00815   0.19132   0.03372   0.01097   0.07756   0.02257   0.00000   0.01986   0.45196   0.06804   0.09196   0.02248   0.00000   0.01548   0.08185   0.02863   0.00000   0.00000   0.08084   0.14307   0.00000   0.07069   0.00000   0.00543   0.01628   0.00247   0.02078   0.01104   0.00811   0.01670   0.06435   0.00811   0.04473   0.04941   0.07066   0.00000   0.27673   0.02353   0.22175   0.00000   0.20959   0.05933   0.02601   0.00000   0.05068   0.01891   0.52733   0.06300   0.24469   0.00010   0.23963   0.03235   0.02163   0.10941   0.13029   0.17770   0.11934   0.00000   0.02132   0.01029   0.02376   0.02981   0.05392   0.02212   0.15035   0.01152   0.24683   0.13027   0.00000   0.00000   0.38299   0.12244   0.04739   1.06655   1.63201   1.06114   0.65322   0.97151   0.41848   0.57465   1.12147   0.40108   1.35099   1.20844   1.66040   0.99999   0.31073   2.85631   1.64726  
116 4096.8965  11854.886033  x:  1.22461   3.25906   1.20910   2.74303   1.03112   1.66425   2.77523   2.30698   1.89171   0.37315   0.25246   0.11755   0.00000   0.03768   0.30273   0.20325   0.35071   0.34366   0.17073   0.12279   0.15360   0.60343   0.05902   0.00000   0.47325   0.00000   1.19671   0.03357   0.39062   0.11376   0.14140   0.23485   0.37897   0.47956   1.26631   0.73476   0.58778   0.13614   0.00000   0.07342   0.10282   0.68898   0.00000   0.59427   0.42899   0.81087   0.06588   0.08227   0.15524   0.88639   0.00000   0.39450   0.01093   0.05687   0.01641   0.71918   0.00000   0.40312   0.00000   0.34279   0.14611   0.24626   0.03894   0.06675   0.02992   0.15634   0.02254   0.19461   0.00745   0.19158   0.02962   0.02092   0.07836   0.02272   0.00000   0.03270   0.43951   0.07296   0.08051   0.03993   0.00000   0.01626   0.09415   0.02199   0.00000   0.00000   0.08151   0.13489   0.00000   0.03701   0.00000   0.00671   0.06470   0.00066   0.01450   0.01730   0.00872   0.01597   0.06862   0.01523   0.05682   0.01163   0.07667   0.00000   0.28730   0.02310   0.22640   0.00000   0.20713   0.06254   0.02678   0.00000   0.05490   0.01832   0.50075   0.06352   0.25285   0.00211   0.24390   0.03143   0.01487   0.10882   0.13170   0.17882   0.12036   0.00000   0.01971   0.01023   0.04472   0.02981   0.05814   0.02059   0.14991   0.01309   0.25036   0.13106   0.00000   0.00000   0.38542   0.12260   0.04822   1.23716   1.89488   1.22968   0.72413   1.09853   0.40456   0.57522   1.20921   0.38027   1.55953   1.34720   1.67498   0.99999   0.33166   3.24240   1.64573  
117 3765.2780  11853.359643  x:  1.24538   3.32597   1.22967   2.79578   1.04509   1.69482   2.82610   2.34732   1.92462   0.37417   0.25188   0.11808   0.00000   0.03780   0.30357   0.20330   0.35020   0.34336   0.17132   0.12284   0.15392   0.59973   0.05841   0.00000   0.46621   0.00000   1.20103   0.03352   0.38544   0.11596   0.14138   0.23560   0.37879   0.47851   1.27853   0.73678   0.59299   0.13292   0.00000   0.07414   0.09511   0.68492   0.00000   0.59067   0.43400   0.81365   0.06608   0.08240   0.15440   0.88110   0.00000   0.39363   0.01001   0.05647   0.01659   0.71405   0.00000   0.40298   0.00000   0.34245   0.14614   0.24710   0.03923   0.06710   0.02956   0.15652   0.02229   0.19477   0.00735   0.19167   0.02920   0.02115   0.07845   0.02274   0.00000   0.03428   0.43805   0.07341   0.07899   0.04305   0.00000   0.01638   0.09564   0.02126   0.00000   0.00000   0.08159   0.13404   0.00662   0.02904   0.00000   0.00715   0.06824   0.00278   0.01394   0.01774   0.00939   0.01555   0.06909   0.01489   0.05854   0.00836   0.07714   0.00000   0.28849   0.02334   0.22699   0.00000   0.20693   0.06306   0.02689   0.00000   0.05564   0.01823   0.49771   0.06387   0.25372   0.00230   0.24434   0.03123   0.01418   0.10881   0.13187   0.17898   0.12049   0.00000   0.01957   0.01068   0.04808   0.02982   0.05887   0.02055   0.14991   0.01328   0.25078   0.13116   0.00000   0.00000   0.38574   0.12268   0.04833   1.25793   1.92688   1.25020   0.73278   1.11400   0.40294   0.57538   1.21988   0.37772   1.58493   1.36409   1.67664   0.99999   0.33429   3.28930   1.64554  
118 10045.3524  11849.096328  x:  1.26775   3.39818   1.25182   2.85269   1.06012   1.72780   2.88098   2.39081   1.96010   0.37531   0.25142   0.11868   0.00000   0.03790   0.30439   0.20344   0.34980   0.34317   0.17192   0.12296   0.15433   0.59607   0.05778   0.00000   0.45916   0.00000   1.20578   0.03347   0.38034   0.11827   0.14142   0.23637   0.37870   0.47762   1.29178   0.73909   0.59853   0.12969   0.00000   0.07510   0.08742   0.68079   0.00000   0.58705   0.43938   0.81668   0.06632   0.08258   0.15354   0.87567   0.00000   0.39289   0.00993   0.05662   0.01657   0.70887   0.00000   0.40301   0.00000   0.34204   0.14610   0.24788   0.03932   0.06745   0.02907   0.15679   0.02195   0.19499   0.00795   0.19189   0.02865   0.01999   0.07854   0.02275   0.00000   0.03502   0.43662   0.07343   0.07757   0.04444   0.00000   0.01656   0.09675   0.02088   0.00000   0.00000   0.08172   0.13366   0.01401   0.01782   0.00000   0.00757   0.07476   0.00000   0.01649   0.01875   0.00898   0.01791   0.06831   0.01731   0.06117   0.01617   0.07709   0.00000   0.28957   0.02379   0.22765   0.00000   0.20687   0.06378   0.02697   0.00000   0.05627   0.01822   0.49486   0.06463   0.25444   0.00270   0.24468   0.03070   0.01346   0.10889   0.13203   0.17922   0.12062   0.00000   0.01991   0.00976   0.05011   0.02980   0.05945   0.02040   0.14997   0.01337   0.25121   0.13126   0.00000   0.00000   0.38613   0.12286   0.04845   1.28030   1.96138   1.27232   0.74213   1.13069   0.40138   0.57573   1.23134   0.37494   1.61233   1.38232   1.67822   0.99999   0.33689   3.33969   1.64533  
119 4421.3327  11844.685120  x:  1.30151   3.50808   1.28523   2.93920   1.08256   1.77782   2.96430   2.45667   2.01380   0.37728   0.25193   0.11976   0.00000   0.03793   0.30501   0.20428   0.35038   0.34386   0.17263   0.12353   0.15538   0.59319   0.05716   0.00000   0.45289   0.00000   1.21362   0.03344   0.37649   0.12142   0.14183   0.23708   0.37948   0.47808   1.31231   0.74374   0.60636   0.12679   0.00000   0.07705   0.08084   0.67648   0.00000   0.58370   0.44736   0.82159   0.06685   0.08305   0.15261   0.86962   0.00000   0.39324   0.01751   0.06164   0.01531   0.70391   0.00000   0.40435   0.00000   0.34123   0.14565   0.24821   0.03761   0.06755   0.02802   0.15787   0.02121   0.19577   0.01105   0.19308   0.02842   0.00858   0.07857   0.02270   0.00000   0.02950   0.43569   0.07053   0.07791   0.03499   0.00000   0.01685   0.09473   0.02453   0.00000   0.00000   0.08243   0.13594   0.04372   0.01928   0.00000   0.00682   0.08891   0.00000   0.02565   0.01953   0.00540   0.02957   0.05417   0.02335   0.05907   0.00776   0.07301   0.00000   0.28969   0.02554   0.22860   0.00000   0.20790   0.06567   0.02672   0.00000   0.05546   0.01887   0.49387   0.06821   0.25385   0.00381   0.24420   0.02843   0.01438   0.10983   0.13218   0.17998   0.12085   0.00000   0.02320   0.00651   0.04362   0.02976   0.05829   0.02009   0.15060   0.01239   0.25166   0.13133   0.00000   0.00000   0.38700   0.12373   0.04867   1.31406   2.01354   1.30578   0.75645   1.15602   0.40037   0.57768   1.24842   0.37049   1.65394   1.40993   1.67897   0.99999   0.34025   3.41457   1.64497  
120 969.6254  11844.617674  x:  1.30156   3.50826   1.28528   2.93934   1.08260   1.77790   2.96444   2.45678   2.01389   0.37728   0.25194   0.11976   0.00000   0.03793   0.30501   0.20429   0.35039   0.34387   0.17263   0.12354   0.15538   0.59320   0.05716   0.00000   0.45291   0.00000   1.21363   0.03344   0.37651   0.12142   0.14183   0.23708   0.37949   0.47809   1.31235   0.74375   0.60637   0.12680   0.00000   0.07705   0.08087   0.67649   0.00000   0.58371   0.44737   0.82160   0.06685   0.08305   0.15261   0.86963   0.00000   0.39325   0.01750   0.06165   0.01530   0.70392   0.00000   0.40437   0.00000   0.34123   0.14565   0.24820   0.03760   0.06755   0.02803   0.15787   0.02121   0.19578   0.01102   0.19308   0.02843   0.00869   0.07858   0.02270   0.00000   0.02946   0.43570   0.07051   0.07793   0.03494   0.00000   0.01685   0.09470   0.02453   0.00000   0.00000   0.08243   0.13597   0.04379   0.01929   0.00000   0.00682   0.08894   0.00000   0.02553   0.01954   0.00540   0.02950   0.05411   0.02338   0.05907   0.00779   0.07298   0.00000   0.28968   0.02555   0.22860   0.00000   0.20791   0.06568   0.02672   0.00000   0.05546   0.01887   0.49389   0.06822   0.25384   0.00381   0.24419   0.02842   0.01439   0.10984   0.13218   0.17999   0.12085   0.00000   0.02318   0.00651   0.04357   0.02976   0.05829   0.02009   0.15061   0.01239   0.25166   0.13133   0.00000   0.00000   0.38701   0.12374   0.04867   1.31411   2.01363   1.30584   0.75648   1.15606   0.40038   0.57769   1.24845   0.37048   1.65401   1.40998   1.67896   0.99956   0.34026   3.41469   1.64497  
121 387.8100  11841.907363  x:  1.32177   3.57496   1.30525   2.99174   1.09581   1.80811   3.01483   2.49642   2.04622   0.37859   0.25322   0.12040   0.00000   0.03773   0.30470   0.20523   0.35175   0.34509   0.17276   0.12413   0.15620   0.59392   0.05700   0.00000   0.45321   0.00000   1.21891   0.03334   0.37773   0.12279   0.14226   0.23699   0.38068   0.47996   1.32511   0.74762   0.61042   0.12687   0.00000   0.07852   0.08176   0.67575   0.00000   0.58365   0.45188   0.82480   0.06716   0.08334   0.15233   0.86805   0.00000   0.39463   0.01838   0.06358   0.01338   0.70362   0.00000   0.40631   0.00000   0.34075   0.14551   0.24755   0.03601   0.06777   0.02718   0.15880   0.02071   0.19634   0.00825   0.19429   0.02992   0.01924   0.07853   0.02253   0.00000   0.02195   0.43640   0.06675   0.08056   0.02491   0.00000   0.01684   0.09010   0.02617   0.00000   0.00000   0.08240   0.14080   0.06418   0.02119   0.00000   0.00641   0.09814   0.00000   0.01260   0.02171   0.00354   0.02355   0.04107   0.03030   0.05701   0.00780   0.06738   0.00000   0.28821   0.02778   0.22905   0.00000   0.20936   0.06730   0.02630   0.00000   0.05466   0.01883   0.49629   0.07178   0.25179   0.00326   0.24303   0.02632   0.01705   0.11092   0.13207   0.18064   0.12105   0.00000   0.02227   0.00494   0.03388   0.02996   0.05730   0.02058   0.15152   0.00945   0.25172   0.13149   0.00000   0.00000   0.38775   0.12461   0.04869   1.33432   2.04498   1.32597   0.76529   1.17132   0.40090   0.58017   1.25849   0.36760   1.67921   1.42665   1.67828   0.99950   0.34129   3.45853   1.64392  
122 852.0014  11840.601260  x:  1.32962   3.60195   1.31295   3.01282   1.10066   1.82015   3.03499   2.51206   2.05899   0.37916   0.25473   0.12046   0.00000   0.03742   0.30372   0.20600   0.35341   0.34644   0.17238   0.12451   0.15655   0.59709   0.05711   0.00000   0.45818   0.00000   1.22163   0.03312   0.38233   0.12257   0.14255   0.23627   0.38195   0.48250   1.33055   0.75038   0.61113   0.12902   0.00000   0.07861   0.08789   0.67771   0.00000   0.58598   0.45322   0.82632   0.06707   0.08325   0.15255   0.86994   0.00000   0.39654   0.01358   0.06219   0.01192   0.70676   0.00000   0.40826   0.00000   0.34085   0.14596   0.24627   0.03516   0.06805   0.02695   0.15945   0.02121   0.19655   0.00696   0.19504   0.03110   0.01450   0.07814   0.02244   0.00000   0.01534   0.43828   0.06365   0.08445   0.02215   0.00000   0.01638   0.08450   0.02514   0.00000   0.00000   0.08154   0.14648   0.06601   0.01866   0.00000   0.00637   0.09892   0.00000   0.01468   0.02221   0.00382   0.01320   0.03782   0.03290   0.05376   0.00731   0.06234   0.00000   0.28585   0.02937   0.22894   0.00000   0.21065   0.06793   0.02608   0.00000   0.05407   0.01852   0.50067   0.07383   0.24914   0.00127   0.24170   0.02494   0.01926   0.11163   0.13176   0.18095   0.12099   0.00000   0.01968   0.00528   0.02578   0.03018   0.05682   0.02090   0.15243   0.00664   0.25151   0.13185   0.00000   0.00000   0.38825   0.12515   0.04838   1.34217   2.05729   1.33390   0.76902   1.17733   0.40237   0.58268   1.26217   0.36623   1.68936   1.43332   1.67696   0.99922   0.34066   3.47439   1.64205  
123 248.5536  11839.668238  x:  1.33334   3.61512   1.31658   3.02307   1.10286   1.82598   3.04476   2.51956   2.06511   0.37944   0.25577   0.12039   0.00000   0.03719   0.30296   0.20648   0.35456   0.34735   0.17204   0.12472   0.15668   0.59958   0.05721   0.00000   0.46215   0.00000   1.22314   0.03293   0.38588   0.12215   0.14270   0.23567   0.38280   0.48431   1.33328   0.75211   0.61114   0.13071   0.00000   0.07857   0.09270   0.67941   0.00000   0.58788   0.45369   0.82713   0.06698   0.08315   0.15276   0.87171   0.00000   0.39792   0.01074   0.06131   0.01119   0.70936   0.00000   0.40954   0.00000   0.34107   0.14644   0.24532   0.03490   0.06827   0.02680   0.15978   0.02170   0.19662   0.00706   0.19543   0.03162   0.01300   0.07787   0.02239   0.00000   0.01160   0.43970   0.06179   0.08684   0.02250   0.00000   0.01612   0.08092   0.02436   0.00000   0.00000   0.08086   0.15020   0.06561   0.01717   0.00000   0.00631   0.09805   0.00000   0.01283   0.02213   0.00377   0.01541   0.03789   0.03250   0.05279   0.00706   0.05918   0.00000   0.28415   0.03039   0.22882   0.00000   0.21146   0.06817   0.02604   0.00000   0.05393   0.01838   0.50387   0.07500   0.24733   0.00000   0.24079   0.02411   0.02030   0.11200   0.13153   0.18108   0.12085   0.00000   0.01887   0.00547   0.02241   0.03022   0.05681   0.02098   0.15302   0.00496   0.25135   0.13218   0.00000   0.00000   0.38853   0.12547   0.04808   1.34589   2.06318   1.33770   0.77089   1.18020   0.40347   0.58439   1.26384   0.36550   1.69431   1.43655   1.67607   0.99908   0.33991   3.48151   1.64051  
124 359.4340  11837.139311  x:  1.34771   3.66731   1.33053   3.06353   1.11103   1.84888   3.08322   2.54882   2.08908   0.38035   0.26052   0.11952   0.00000   0.03617   0.29916   0.20847   0.35994   0.35155   0.17019   0.12551   0.15691   0.61198   0.05764   0.00000   0.48195   0.00000   1.22961   0.03174   0.40320   0.11930   0.14322   0.23259   0.38672   0.49289   1.34418   0.75988   0.61005   0.13884   0.00000   0.07898   0.11621   0.68829   0.00000   0.59750   0.45484   0.83053   0.06665   0.08272   0.15392   0.88119   0.00000   0.40479   0.01191   0.06293   0.00973   0.72276   0.00000   0.41514   0.00000   0.34299   0.14964   0.24080   0.03539   0.06917   0.02563   0.16056   0.02401   0.19659   0.00889   0.19664   0.03177   0.02158   0.07696   0.02229   0.00000   0.00000   0.44668   0.05457   0.09455   0.02973   0.00000   0.01584   0.06755   0.02423   0.00000   0.00000   0.07803   0.16540   0.06577   0.01772   0.00000   0.00561   0.09640   0.00000   0.02028   0.02255   0.00335   0.01701   0.04353   0.03213   0.05735   0.00545   0.04634   0.00000   0.27628   0.03544   0.22844   0.00000   0.21497   0.06877   0.02628   0.00000   0.05493   0.01864   0.51931   0.08030   0.23948   0.00000   0.23667   0.02063   0.02237   0.11323   0.13043   0.18138   0.11970   0.00000   0.02331   0.00553   0.02357   0.02972   0.05836   0.02067   0.15572   0.00005   0.25070   0.13423   0.00000   0.00000   0.38969   0.12693   0.04623   1.36026   2.08613   1.35254   0.77853   1.19133   0.40877   0.59254   1.27009   0.36240   1.71389   1.44930   1.67228   0.99899   0.33611   3.50779   1.63187  
125 403.9135  11837.139311  x:  1.34771   3.66731   1.33053   3.06353   1.11103   1.84888   3.08322   2.54882   2.08908   0.38035   0.26052   0.11952   0.00000   0.03617   0.29916   0.20847   0.35994   0.35155   0.17019   0.12551   0.15691   0.61198   0.05764   0.00000   0.48195   0.00000   1.22961   0.03174   0.40320   0.11930   0.14322   0.23259   0.38672   0.49289   1.34418   0.75988   0.61005   0.13884   0.00000   0.07898   0.11621   0.68829   0.00000   0.59750   0.45484   0.83053   0.06665   0.08272   0.15392   0.88119   0.00000   0.40479   0.01191   0.06293   0.00973   0.72276   0.00000   0.41514   0.00000   0.34299   0.14964   0.24080   0.03539   0.06917   0.02563   0.16056   0.02401   0.19659   0.00889   0.19664   0.03177   0.02158   0.07696   0.02229   0.00000   0.00000   0.44668   0.05457   0.09455   0.02973   0.00000   0.01584   0.06755   0.02423   0.00000   0.00000   0.07803   0.16540   0.06577   0.01772   0.00000   0.00561   0.09640   0.00000   0.02028   0.02255   0.00335   0.01701   0.04353   0.03213   0.05735   0.00545   0.04634   0.00000   0.27628   0.03544   0.22844   0.00000   0.21497   0.06877   0.02628   0.00000   0.05493   0.01864   0.51931   0.08030   0.23948   0.00000   0.23667   0.02063   0.02237   0.11323   0.13043   0.18138   0.11970   0.00000   0.02331   0.00553   0.02357   0.02972   0.05836   0.02067   0.15572   0.00005   0.25070   0.13423   0.00000   0.00000   0.38969   0.12693   0.04623   1.36026   2.08613   1.35254   0.77853   1.19133   0.40877   0.59254   1.27009   0.36240   1.71389   1.44930   1.67228   0.99899   0.33611   3.50779   1.63187  
126 457.5296  11830.348233  x:  1.34786   3.66796   1.33067   3.06403   1.11109   1.84916   3.08367   2.54915   2.08936   0.38029   0.26048   0.11934   0.00000   0.03623   0.29907   0.20840   0.35997   0.35155   0.17009   0.12541   0.15675   0.61225   0.05760   0.00000   0.48239   0.00000   1.22968   0.03168   0.40350   0.11909   0.14314   0.23247   0.38672   0.49299   1.34425   0.76000   0.60987   0.13895   0.00000   0.07803   0.11673   0.68856   0.00000   0.59774   0.45472   0.83056   0.06651   0.08256   0.15395   0.88149   0.00000   0.40491   0.01369   0.06358   0.01037   0.72314   0.00000   0.41508   0.00000   0.34327   0.14982   0.24078   0.03511   0.06863   0.02575   0.16035   0.02406   0.19645   0.00926   0.19644   0.03183   0.01927   0.07691   0.02227   0.00000   0.00068   0.44695   0.05523   0.09501   0.02547   0.00000   0.01582   0.06764   0.02551   0.00000   0.00000   0.07817   0.16551   0.06186   0.02806   0.00000   0.01207   0.09355   0.00000   0.02199   0.01955   0.02659   0.02369   0.04441   0.03344   0.05374   0.03131   0.04724   0.00000   0.27622   0.03473   0.22827   0.00000   0.21476   0.06822   0.02612   0.00000   0.05410   0.01875   0.51951   0.07946   0.23958   0.00000   0.23680   0.02114   0.02270   0.11311   0.13041   0.18126   0.11969   0.00000   0.02299   0.00747   0.02071   0.02970   0.05748   0.02056   0.15570   0.00110   0.25073   0.13438   0.00000   0.00000   0.38966   0.12679   0.04617   1.36041   2.08639   1.35271   0.77865   1.19142   0.40881   0.59269   1.27015   0.36236   1.71414   1.44947   1.67256   0.99628   0.33617   3.50802   1.63119  
127 648.3421  11829.023178  x:  1.34788   3.66807   1.33069   3.06411   1.11110   1.84920   3.08375   2.54921   2.08941   0.38028   0.26048   0.11931   0.00000   0.03624   0.29905   0.20839   0.35998   0.35155   0.17008   0.12540   0.15672   0.61230   0.05760   0.00000   0.48247   0.00000   1.22969   0.03168   0.40355   0.11906   0.14313   0.23246   0.38672   0.49301   1.34426   0.76002   0.60984   0.13897   0.00000   0.07788   0.11682   0.68861   0.00000   0.59778   0.45470   0.83057   0.06649   0.08254   0.15396   0.88155   0.00000   0.40493   0.01396   0.06367   0.01048   0.72321   0.00000   0.41507   0.00000   0.34332   0.14985   0.24078   0.03508   0.06855   0.02577   0.16032   0.02407   0.19643   0.00931   0.19641   0.03185   0.01894   0.07690   0.02227   0.00000   0.00081   0.44699   0.05535   0.09509   0.02480   0.00000   0.01583   0.06767   0.02570   0.00000   0.00000   0.07820   0.16548   0.06109   0.02919   0.00000   0.01267   0.09307   0.00000   0.02222   0.01905   0.02818   0.02439   0.04453   0.03364   0.05315   0.03353   0.04739   0.00000   0.27621   0.03461   0.22825   0.00000   0.21473   0.06813   0.02610   0.00000   0.05397   0.01877   0.51955   0.07933   0.23960   0.00000   0.23682   0.02123   0.02276   0.11309   0.13041   0.18125   0.11969   0.00000   0.02295   0.00760   0.02028   0.02970   0.05735   0.02055   0.15570   0.00108   0.25074   0.13441   0.00000   0.00000   0.38966   0.12677   0.04617   1.36044   2.08644   1.35274   0.77867   1.19144   0.40881   0.59272   1.27016   0.36236   1.71419   1.44950   1.67261   0.99925   0.33621   3.50805   1.63106  
128 846.8095  11824.056841  x:  1.34859   3.67107   1.33134   3.06639   1.11140   1.85048   3.08589   2.55072   2.09071   0.38008   0.26040   0.11858   0.00000   0.03659   0.29872   0.20812   0.36020   0.35161   0.16972   0.12505   0.15609   0.61362   0.05748   0.00000   0.48457   0.00000   1.23008   0.03152   0.40502   0.11817   0.14286   0.23202   0.38683   0.49356   1.34461   0.76059   0.60906   0.13952   0.00000   0.07405   0.11923   0.68988   0.00000   0.59895   0.45426   0.83077   0.06599   0.08199   0.15416   0.88300   0.00000   0.40549   0.01962   0.06560   0.01320   0.72502   0.00000   0.41490   0.00000   0.34461   0.15070   0.24075   0.03428   0.06649   0.02667   0.15950   0.02428   0.19593   0.01023   0.19563   0.03224   0.01157   0.07687   0.02237   0.00000   0.00414   0.44821   0.05818   0.09697   0.00863   0.00000   0.01571   0.06842   0.02999   0.00000   0.00000   0.07884   0.16337   0.03799   0.04342   0.00000   0.01597   0.08014   0.00000   0.02662   0.00628   0.01482   0.03181   0.04678   0.03816   0.03794   0.04072   0.05133   0.00000   0.27602   0.03162   0.22760   0.00000   0.21392   0.06586   0.02565   0.00000   0.05075   0.01929   0.52056   0.07572   0.24012   0.00000   0.23749   0.02342   0.02391   0.11262   0.13041   0.18080   0.11971   0.00000   0.02206   0.00569   0.01045   0.02959   0.05395   0.02006   0.15564   0.00765   0.25088   0.13498   0.00000   0.00000   0.38961   0.12629   0.04603   1.36115   2.08764   1.35353   0.77923   1.19189   0.40905   0.59347   1.27042   0.36218   1.71537   1.45027   1.67357   0.99939   0.33812   3.50897   1.62812  
129 206.6049  11821.639802  x:  1.34941   3.67453   1.33209   3.06902   1.11175   1.85194   3.08835   2.55248   2.09220   0.37993   0.26038   0.11784   0.00000   0.03697   0.29841   0.20788   0.36050   0.35173   0.16936   0.12473   0.15549   0.61516   0.05740   0.00000   0.48699   0.00000   1.23054   0.03139   0.40673   0.11722   0.14263   0.23159   0.38700   0.49422   1.34505   0.76122   0.60820   0.14015   0.00000   0.07073   0.12194   0.69132   0.00000   0.60031   0.45382   0.83102   0.06561   0.08155   0.15440   0.88465   0.00000   0.40603   0.02240   0.06610   0.01560   0.72709   0.00000   0.41481   0.00000   0.34589   0.15139   0.24076   0.03404   0.06485   0.02780   0.15870   0.02426   0.19548   0.01014   0.19489   0.03268   0.01381   0.07704   0.02248   0.00000   0.00670   0.44955   0.06056   0.09870   0.01600   0.00000   0.01560   0.06930   0.03216   0.00000   0.00000   0.07934   0.16093   0.01271   0.05119   0.00000   0.01542   0.06650   0.00000   0.03089   0.00709   0.00863   0.03476   0.04977   0.04071   0.02529   0.04508   0.05519   0.00000   0.27582   0.02873   0.22700   0.00000   0.21319   0.06370   0.02542   0.00000   0.04827   0.01959   0.52178   0.07206   0.24067   0.00000   0.23822   0.02537   0.02419   0.11210   0.13045   0.18040   0.11970   0.00000   0.02195   0.01096   0.01492   0.02970   0.05143   0.01923   0.15549   0.00868   0.25088   0.13508   0.00000   0.00000   0.38964   0.12587   0.04596   1.36197   2.08902   1.35443   0.77984   1.19245   0.40940   0.59434   1.27070   0.36196   1.71671   1.45115   1.67445   0.99933   0.33985   3.51003   1.62528  
130 222.6808  11821.110637  x:  1.34978   3.67608   1.33243   3.07020   1.11190   1.85259   3.08945   2.55327   2.09286   0.37987   0.26039   0.11754   0.00000   0.03710   0.29828   0.20778   0.36063   0.35178   0.16922   0.12462   0.15527   0.61584   0.05737   0.00000   0.48806   0.00000   1.23075   0.03134   0.40748   0.11682   0.14255   0.23142   0.38709   0.49452   1.34524   0.76150   0.60782   0.14043   0.00000   0.06987   0.12310   0.69196   0.00000   0.60091   0.45364   0.83112   0.06552   0.08144   0.15450   0.88538   0.00000   0.40621   0.02231   0.06571   0.01630   0.72800   0.00000   0.41480   0.00000   0.34636   0.15156   0.24077   0.03419   0.06447   0.02807   0.15841   0.02417   0.19532   0.00994   0.19463   0.03272   0.01472   0.07711   0.02248   0.00000   0.00737   0.45008   0.06118   0.09909   0.01541   0.00000   0.01552   0.06972   0.03203   0.00000   0.00000   0.07942   0.15981   0.00540   0.05125   0.00000   0.01323   0.06187   0.00000   0.03150   0.00704   0.01138   0.03382   0.05107   0.04080   0.02431   0.04338   0.05652   0.00000   0.27573   0.02781   0.22683   0.00000   0.21296   0.06300   0.02542   0.00000   0.04786   0.01959   0.52232   0.07078   0.24088   0.00000   0.23848   0.02597   0.02401   0.11189   0.13048   0.18026   0.11968   0.00000   0.02213   0.00801   0.01516   0.02970   0.05102   0.01894   0.15541   0.00780   0.25085   0.13499   0.00000   0.00000   0.38967   0.12574   0.04595   1.36233   2.08964   1.35483   0.78012   1.19270   0.40957   0.59472   1.27082   0.36186   1.71731   1.45153   1.67479   0.99930   0.34008   3.51054   1.62409  
131 144.1080  11820.448014  x:  1.35127   3.68241   1.33381   3.07501   1.11253   1.85525   3.09395   2.55648   2.09557   0.37963   0.26042   0.11637   0.00000   0.03751   0.29775   0.20739   0.36115   0.35199   0.16865   0.12420   0.15439   0.61856   0.05722   0.00000   0.49233   0.00000   1.23157   0.03113   0.41047   0.11520   0.14222   0.23074   0.38741   0.49570   1.34600   0.76260   0.60628   0.14154   0.00000   0.06723   0.12774   0.69453   0.00000   0.60330   0.45283   0.83152   0.06524   0.08105   0.15483   0.88827   0.00000   0.40687   0.02155   0.06404   0.01863   0.73162   0.00000   0.41473   0.00000   0.34807   0.15212   0.24077   0.03478   0.06321   0.02853   0.15730   0.02378   0.19468   0.00960   0.19359   0.03268   0.01572   0.07729   0.02241   0.00000   0.00974   0.45212   0.06319   0.10000   0.01493   0.00000   0.01523   0.07149   0.03099   0.00000   0.00000   0.07959   0.15580   0.00837   0.05211   0.00000   0.01007   0.04625   0.00000   0.03291   0.00516   0.01178   0.03077   0.05618   0.04053   0.02459   0.04382   0.06132   0.00000   0.27539   0.02466   0.22621   0.00000   0.21213   0.06056   0.02547   0.00000   0.04692   0.01950   0.52449   0.06623   0.24167   0.00000   0.23939   0.02807   0.02334   0.11105   0.13055   0.17969   0.11963   0.00000   0.02255   0.00715   0.01584   0.02972   0.05012   0.01828   0.15508   0.00282   0.25075   0.13470   0.00000   0.00000   0.38977   0.12523   0.04591   1.36383   2.09215   1.35647   0.78123   1.19371   0.41018   0.59627   1.27130   0.36144   1.71975   1.45310   1.67629   0.99892   0.33967   3.51273   1.61906  
132 69.8246  11820.184728  x:  1.35233   3.68687   1.33477   3.07840   1.11297   1.85713   3.09712   2.55874   2.09749   0.37941   0.26043   0.11556   0.00000   0.03764   0.29732   0.20709   0.36146   0.35209   0.16823   0.12393   0.15377   0.62039   0.05707   0.00000   0.49521   0.00000   1.23211   0.03094   0.41247   0.11404   0.14195   0.23023   0.38758   0.49646   1.34648   0.76335   0.60515   0.14229   0.00000   0.06624   0.13091   0.69631   0.00000   0.60492   0.45219   0.83174   0.06508   0.08082   0.15498   0.89025   0.00000   0.40724   0.02114   0.06313   0.01971   0.73406   0.00000   0.41463   0.00000   0.34901   0.15225   0.24070   0.03502   0.06255   0.02805   0.15657   0.02355   0.19420   0.00975   0.19287   0.03246   0.01448   0.07725   0.02229   0.00000   0.01042   0.45342   0.06397   0.10011   0.01338   0.00000   0.01503   0.07231   0.03019   0.00000   0.00000   0.07954   0.15328   0.00827   0.05184   0.00000   0.01274   0.04142   0.00000   0.03246   0.00928   0.01169   0.02976   0.05810   0.04002   0.02606   0.04339   0.06396   0.00000   0.27513   0.02319   0.22591   0.00000   0.21164   0.05926   0.02545   0.00000   0.04683   0.01940   0.52595   0.06385   0.24213   0.00000   0.23978   0.02915   0.02319   0.11051   0.13054   0.17928   0.11958   0.00000   0.02242   0.00807   0.01448   0.02964   0.05004   0.01851   0.15487   0.00100   0.25078   0.13478   0.00000   0.00000   0.38976   0.12490   0.04582   1.36488   2.09392   1.35763   0.78202   1.19440   0.41053   0.59732   1.27166   0.36115   1.72149   1.45423   1.67754   0.99873   0.33834   3.51439   1.61515  
133 106.8058  11819.674645  x:  1.35392   3.69365   1.33624   3.08355   1.11364   1.85999   3.10193   2.56218   2.10041   0.37903   0.26042   0.11438   0.00000   0.03766   0.29665   0.20661   0.36188   0.35219   0.16757   0.12356   0.15285   0.62308   0.05684   0.00000   0.49943   0.00000   1.23290   0.03067   0.41536   0.11228   0.14152   0.22944   0.38777   0.49754   1.34717   0.76445   0.60339   0.14336   0.00000   0.06565   0.13557   0.69897   0.00000   0.60730   0.45114   0.83202   0.06490   0.08053   0.15511   0.89316   0.00000   0.40770   0.02086   0.06216   0.02072   0.73765   0.00000   0.41442   0.00000   0.35014   0.15225   0.24055   0.03521   0.06185   0.02675   0.15554   0.02333   0.19347   0.01002   0.19184   0.03211   0.01356   0.07705   0.02214   0.00000   0.01050   0.45524   0.06453   0.09977   0.01451   0.00000   0.01481   0.07313   0.02919   0.00000   0.00000   0.07935   0.14989   0.00730   0.05051   0.00000   0.01518   0.04117   0.00000   0.03072   0.00720   0.01184   0.02949   0.05899   0.03910   0.02761   0.04311   0.06708   0.00000   0.27473   0.02180   0.22561   0.00000   0.21104   0.05782   0.02542   0.00000   0.04713   0.01927   0.52805   0.06124   0.24273   0.00000   0.24011   0.03029   0.02321   0.10977   0.13047   0.17868   0.11947   0.00000   0.02205   0.00884   0.01407   0.02949   0.05031   0.01942   0.15455   0.00000   0.25092   0.13518   0.00000   0.00000   0.38968   0.12445   0.04566   1.36648   2.09661   1.35939   0.78324   1.19542   0.41096   0.59887   1.27221   0.36072   1.72413   1.45594   1.67956   0.99861   0.33606   3.51696   1.60888  
134 110.5947  11817.793506  x:  1.36404   3.73662   1.34546   3.11621   1.11784   1.87816   3.13243   2.58388   2.11893   0.37666   0.26048   0.10733   0.00000   0.03743   0.29239   0.20373   0.36433   0.35269   0.16356   0.12153   0.14738   0.63971   0.05547   0.00000   0.52538   0.00000   1.23777   0.02926   0.43310   0.10136   0.13895   0.22455   0.38885   0.50408   1.35138   0.77127   0.59230   0.14993   0.00000   0.06379   0.16430   0.71560   0.00000   0.62200   0.44436   0.83365   0.06399   0.07896   0.15565   0.91134   0.00000   0.41032   0.02261   0.05905   0.02514   0.75979   0.00000   0.41295   0.00000   0.35644   0.15238   0.23976   0.03591   0.05837   0.01976   0.14963   0.02340   0.18907   0.00998   0.18579   0.03108   0.01749   0.07586   0.02206   0.00000   0.00988   0.46616   0.06743   0.09699   0.01328   0.00000   0.01442   0.07715   0.02721   0.00000   0.00000   0.07861   0.13107   0.00946   0.04630   0.00000   0.01042   0.04861   0.00000   0.02649   0.01083   0.01026   0.03245   0.05884   0.03638   0.02471   0.04745   0.08347   0.00000   0.27224   0.01590   0.22426   0.00000   0.20781   0.05082   0.02545   0.00000   0.04811   0.01899   0.54090   0.04857   0.24625   0.00000   0.24120   0.03554   0.02325   0.10559   0.12990   0.17513   0.11861   0.00000   0.02151   0.00380   0.01719   0.02905   0.05106   0.02447   0.15249   0.00000   0.25203   0.13819   0.00000   0.00000   0.38899   0.12195   0.04475   1.37659   2.11371   1.37057   0.79100   1.20184   0.41339   0.60854   1.27578   0.35805   1.74097   1.46689   1.69218   0.99860   0.32916   3.53280   1.56828  
135 273.6781  11817.110110  x:  1.36868   3.75632   1.34969   3.13118   1.11978   1.88650   3.14642   2.59384   2.12744   0.37567   0.26067   0.10450   0.00000   0.03733   0.29057   0.20259   0.36543   0.35293   0.16191   0.12089   0.14526   0.64711   0.05500   0.00000   0.53686   0.00000   1.23996   0.02891   0.44091   0.09666   0.13797   0.22250   0.38934   0.50698   1.35324   0.77431   0.58729   0.15283   0.00000   0.06387   0.17700   0.72310   0.00000   0.62857   0.44124   0.83438   0.06385   0.07855   0.15580   0.91951   0.00000   0.41138   0.02345   0.05825   0.02612   0.76962   0.00000   0.41232   0.00000   0.35887   0.15262   0.23964   0.03646   0.05763   0.01825   0.14747   0.02423   0.18738   0.00964   0.18352   0.03116   0.01855   0.07551   0.02222   0.00000   0.00916   0.47085   0.06846   0.09567   0.01062   0.00000   0.01461   0.07852   0.02732   0.00000   0.00000   0.07854   0.12434   0.01002   0.04434   0.00000   0.00661   0.05118   0.00000   0.02769   0.01096   0.01269   0.03206   0.05769   0.03638   0.02404   0.04587   0.08918   0.00000   0.27122   0.01498   0.22400   0.00000   0.20681   0.04902   0.02566   0.00000   0.04834   0.01897   0.54657   0.04522   0.24774   0.00000   0.24129   0.03693   0.02259   0.10410   0.12967   0.17383   0.11820   0.00000   0.02220   0.00963   0.01692   0.02925   0.05122   0.02569   0.15149   0.00000   0.25251   0.13929   0.00000   0.00000   0.38871   0.12118   0.04454   1.38123   2.12157   1.37571   0.79458   1.20480   0.41442   0.61289   1.27744   0.35685   1.74871   1.47194   1.69761   0.99870   0.33041   3.53976   1.54953  
136 502.6673  11815.052514  x:  1.38288   3.81661   1.36261   3.17700   1.12569   1.91204   3.18924   2.62429   2.15351   0.37308   0.26191   0.09745   0.00000   0.03727   0.28559   0.19990   0.36874   0.35375   0.15763   0.12010   0.14025   0.66895   0.05411   0.00000   0.57049   0.00000   1.24651   0.02894   0.46368   0.08352   0.13576   0.21704   0.39083   0.51549   1.35868   0.78329   0.57226   0.16132   0.00000   0.06661   0.21407   0.74552   0.00000   0.64804   0.43167   0.83652   0.06438   0.07833   0.15593   0.94391   0.00000   0.41424   0.02623   0.05804   0.02584   0.79855   0.00000   0.41054   0.00000   0.36478   0.15403   0.24019   0.03869   0.05797   0.01984   0.14284   0.02913   0.18353   0.00840   0.17852   0.03315   0.02048   0.07526   0.02308   0.00000   0.00592   0.48413   0.07091   0.09207   0.01469   0.00000   0.01615   0.08111   0.03071   0.00000   0.00000   0.07927   0.11154   0.01482   0.04335   0.00000   0.01402   0.05341   0.00000   0.04008   0.01049   0.01836   0.02786   0.05254   0.04045   0.02276   0.03942   0.10058   0.00000   0.26860   0.01793   0.22446   0.00000   0.20546   0.04834   0.02665   0.00000   0.04797   0.01923   0.56307   0.04351   0.25182   0.00000   0.24032   0.03814   0.01873   0.10123   0.12917   0.17110   0.11702   0.00000   0.02570   0.00789   0.01540   0.03039   0.05067   0.02562   0.14839   0.00000   0.25384   0.14151   0.00000   0.00000   0.38808   0.12015   0.04473   1.39543   2.14565   1.39148   0.80560   1.21387   0.41729   0.62597   1.28262   0.35323   1.77245   1.48744   1.71307   0.99904   0.34545   3.56028   1.49177  
137 468.2682  11812.082396  x:  1.40005   3.88955   1.37822   3.23245   1.13283   1.94293   3.24101   2.66113   2.18507   0.37105   0.26496   0.09306   0.00000   0.03852   0.28123   0.19865   0.37269   0.35504   0.15456   0.12187   0.13779   0.69355   0.05412   0.00000   0.60789   0.00000   1.25408   0.03060   0.48878   0.07118   0.13512   0.21275   0.39279   0.52502   1.36466   0.79334   0.55496   0.17102   0.00000   0.07190   0.25499   0.77143   0.00000   0.67009   0.42006   0.83896   0.06661   0.07990   0.15561   0.97211   0.00000   0.41718   0.02524   0.05895   0.02005   0.83098   0.00000   0.40895   0.00000   0.36918   0.15547   0.24229   0.04083   0.06111   0.02696   0.14110   0.03458   0.18214   0.01292   0.17698   0.03498   0.01282   0.07649   0.02224   0.00000   0.00000   0.49785   0.07196   0.08962   0.01691   0.00000   0.01688   0.08130   0.03089   0.00000   0.00000   0.08056   0.11324   0.01191   0.04680   0.00000   0.00776   0.05045   0.00000   0.04133   0.01155   0.01499   0.02717   0.04814   0.04297   0.03520   0.04395   0.10286   0.00000   0.26642   0.02605   0.22688   0.00000   0.20715   0.05463   0.02650   0.00000   0.04836   0.01916   0.58103   0.05426   0.25565   0.00000   0.23771   0.03615   0.01676   0.10214   0.12952   0.17078   0.11689   0.00000   0.02252   0.00616   0.01786   0.03051   0.05122   0.02282   0.14588   0.00000   0.25536   0.14237   0.00000   0.00000   0.38789   0.12152   0.04658   1.41261   2.17476   1.41055   0.81897   1.22485   0.42007   0.64112   1.28898   0.34891   1.80122   1.50625   1.73051   0.99834   0.35139   3.58624   1.42055  
138 365.6097  11808.621159  x:  1.42587   3.99919   1.40169   3.31580   1.14352   1.98932   3.31880   2.71652   2.23248   0.36969   0.27109   0.09125   0.00000   0.04109   0.27701   0.19918   0.37853   0.35737   0.15267   0.12693   0.13804   0.72804   0.05565   0.00000   0.65977   0.00000   1.26499   0.03435   0.52326   0.05797   0.13676   0.20949   0.39603   0.53834   1.37289   0.80739   0.53046   0.18482   0.00000   0.07623   0.31151   0.80871   0.00000   0.70133   0.40298   0.84271   0.06980   0.08242   0.15496   1.01266   0.00000   0.42148   0.01904   0.06094   0.00712   0.87646   0.00000   0.40719   0.00000   0.37365   0.15615   0.24608   0.04066   0.06467   0.03588   0.14139   0.03616   0.18339   0.00457   0.17946   0.03482   0.03133   0.07932   0.02264   0.00000   0.00000   0.51546   0.07280   0.08967   0.00880   0.00000   0.01626   0.07954   0.02683   0.00000   0.00000   0.08235   0.12994   0.01057   0.04696   0.00000   0.01437   0.04276   0.00000   0.03266   0.00914   0.01342   0.02784   0.05110   0.03975   0.03334   0.04407   0.09443   0.00000   0.26393   0.03237   0.23049   0.00000   0.21177   0.06493   0.02535   0.00000   0.04885   0.01981   0.60500   0.07196   0.25943   0.00000   0.23357   0.03144   0.02021   0.10758   0.13097   0.17326   0.11832   0.00000   0.02219   0.00823   0.02126   0.02978   0.05233   0.01804   0.14471   0.00000   0.25727   0.14164   0.00000   0.00000   0.38787   0.12506   0.04921   1.43842   2.21848   1.43921   0.83909   1.24147   0.42356   0.66301   1.29861   0.34247   1.84444   1.53451   1.75413   0.99732   0.34800   3.62653   1.31360  
139 588.7461  11806.476605  x:  1.43948   4.05702   1.41407   3.35978   1.14914   2.01378   3.35982   2.74574   2.25748   0.36997   0.27484   0.09235   0.00000   0.04205   0.27612   0.20061   0.38148   0.35880   0.15308   0.13020   0.13976   0.74476   0.05735   0.00000   0.68463   0.00000   1.27048   0.03663   0.53956   0.05423   0.13888   0.20949   0.39789   0.54474   1.37683   0.81423   0.51860   0.19173   0.00000   0.07504   0.33864   0.82740   0.00000   0.71673   0.39434   0.84485   0.07054   0.08294   0.15475   1.03297   0.00000   0.42401   0.01695   0.06327   0.00000   0.89864   0.00000   0.40656   0.00000   0.37542   0.15547   0.24787   0.03859   0.06484   0.03715   0.14313   0.03367   0.18572   0.01253   0.18274   0.03372   0.03301   0.08021   0.02320   0.00000   0.00000   0.52302   0.07292   0.09168   0.01327   0.00000   0.01544   0.07813   0.02602   0.00000   0.00000   0.08314   0.14159   0.01310   0.04610   0.00000   0.01291   0.03907   0.00000   0.02881   0.00992   0.01666   0.02850   0.05604   0.03741   0.02465   0.04047   0.08565   0.00000   0.26318   0.03076   0.23157   0.00000   0.21433   0.06804   0.02505   0.00000   0.04836   0.02024   0.61572   0.07832   0.26014   0.00000   0.23200   0.02961   0.02386   0.11132   0.13199   0.17556   0.11958   0.00000   0.02463   0.00839   0.01292   0.02963   0.05213   0.01641   0.14588   0.00000   0.25796   0.14056   0.00000   0.00000   0.38787   0.12683   0.04962   1.45204   2.24153   1.45434   0.84973   1.25035   0.42502   0.67403   1.30375   0.33912   1.86725   1.54943   1.76479   0.99706   0.34372   3.64816   1.25736  
140 683.7732  11806.476605  x:  1.43948   4.05702   1.41407   3.35978   1.14914   2.01378   3.35982   2.74574   2.25748   0.36997   0.27484   0.09235   0.00000   0.04205   0.27612   0.20061   0.38148   0.35880   0.15308   0.13020   0.13976   0.74476   0.05735   0.00000   0.68463   0.00000   1.27048   0.03663   0.53956   0.05423   0.13888   0.20949   0.39789   0.54474   1.37683   0.81423   0.51860   0.19173   0.00000   0.07504   0.33864   0.82740   0.00000   0.71673   0.39434   0.84485   0.07054   0.08294   0.15475   1.03297   0.00000   0.42401   0.01695   0.06327   0.00000   0.89864   0.00000   0.40656   0.00000   0.37542   0.15547   0.24787   0.03859   0.06484   0.03715   0.14313   0.03367   0.18572   0.01253   0.18274   0.03372   0.03301   0.08021   0.02320   0.00000   0.00000   0.52302   0.07292   0.09168   0.01327   0.00000   0.01544   0.07813   0.02602   0.00000   0.00000   0.08314   0.14159   0.01310   0.04610   0.00000   0.01291   0.03907   0.00000   0.02881   0.00992   0.01666   0.02850   0.05604   0.03741   0.02465   0.04047   0.08565   0.00000   0.26318   0.03076   0.23157   0.00000   0.21433   0.06804   0.02505   0.00000   0.04836   0.02024   0.61572   0.07832   0.26014   0.00000   0.23200   0.02961   0.02386   0.11132   0.13199   0.17556   0.11958   0.00000   0.02463   0.00839   0.01292   0.02963   0.05213   0.01641   0.14588   0.00000   0.25796   0.14056   0.00000   0.00000   0.38787   0.12683   0.04962   1.45204   2.24153   1.45434   0.84973   1.25035   0.42502   0.67403   1.30375   0.33912   1.86725   1.54943   1.76479   0.99706   0.34372   3.64816   1.25736  
141 444.2319  11806.302715  x:  1.43950   4.05709   1.41408   3.35983   1.14915   2.01381   3.35987   2.74578   2.25751   0.36999   0.27485   0.09240   0.00000   0.04202   0.27616   0.20064   0.38148   0.35881   0.15312   0.13020   0.13979   0.74473   0.05737   0.00000   0.68458   0.00000   1.27048   0.03663   0.53951   0.05433   0.13892   0.20954   0.39790   0.54472   1.37682   0.81422   0.51862   0.19172   0.00000   0.07498   0.33859   0.82739   0.00000   0.71672   0.39434   0.84486   0.07051   0.08292   0.15476   1.03296   0.00000   0.42403   0.01701   0.06331   0.00002   0.89861   0.00000   0.40656   0.00000   0.37541   0.15543   0.24786   0.03855   0.06480   0.03701   0.14317   0.03358   0.18576   0.01241   0.18279   0.03369   0.03252   0.08018   0.02317   0.00000   0.00000   0.52297   0.07288   0.09172   0.01337   0.00000   0.01544   0.07810   0.02608   0.00000   0.00000   0.08312   0.14162   0.01290   0.04609   0.00000   0.01293   0.03943   0.00000   0.02883   0.00968   0.01656   0.02855   0.05601   0.03744   0.02484   0.04051   0.08554   0.00000   0.26320   0.03066   0.23155   0.00000   0.21433   0.06796   0.02506   0.00000   0.04837   0.02023   0.61567   0.07824   0.26010   0.00000   0.23203   0.02964   0.02387   0.11133   0.13200   0.17558   0.11959   0.00000   0.02455   0.00827   0.01307   0.02963   0.05214   0.01648   0.14594   0.00000   0.25796   0.14055   0.00000   0.00000   0.38787   0.12682   0.04958   1.45205   2.24155   1.45436   0.84975   1.25037   0.42500   0.67402   1.30376   0.33912   1.86728   1.54945   1.76475   0.99826   0.34363   3.64820   1.25728  
142 201.6286  11804.735833  x:  1.43995   4.05899   1.41448   3.36128   1.14931   2.01460   3.36120   2.74674   2.25833   0.37077   0.27513   0.09372   0.00000   0.04122   0.27719   0.20146   0.38135   0.35895   0.15418   0.13037   0.14073   0.74388   0.05810   0.00000   0.68307   0.00000   1.27038   0.03662   0.53825   0.05688   0.13979   0.21085   0.39799   0.54425   1.37654   0.81396   0.51922   0.19163   0.00000   0.07323   0.33713   0.82711   0.00000   0.71624   0.39439   0.84507   0.06961   0.08211   0.15493   1.03262   0.00000   0.42441   0.01874   0.06421   0.00043   0.89769   0.00000   0.40672   0.00000   0.37496   0.15438   0.24754   0.03751   0.06384   0.03317   0.14418   0.03099   0.18664   0.00934   0.18400   0.03277   0.01921   0.07918   0.02234   0.00000   0.00000   0.52160   0.07174   0.09268   0.01577   0.00000   0.01531   0.07733   0.02750   0.00000   0.00000   0.08261   0.14257   0.00767   0.04580   0.00000   0.01316   0.04905   0.00000   0.02950   0.00353   0.01380   0.02973   0.05532   0.03830   0.02972   0.04170   0.08247   0.00000   0.26383   0.02771   0.23086   0.00000   0.21421   0.06583   0.02533   0.00000   0.04858   0.01974   0.61419   0.07608   0.25893   0.00000   0.23256   0.03029   0.02407   0.11139   0.13200   0.17605   0.11969   0.00000   0.02233   0.00520   0.01700   0.02979   0.05224   0.01836   0.14746   0.00000   0.25774   0.14038   0.00000   0.00000   0.38779   0.12647   0.04855   1.45250   2.24231   1.45487   0.85014   1.25073   0.42462   0.67387   1.30400   0.33906   1.86805   1.54998   1.76371   0.99799   0.34102   3.64929   1.25513  
143 178.0231  11804.219186  x:  1.44026   4.06032   1.41476   3.36229   1.14943   2.01516   3.36213   2.74741   2.25890   0.37128   0.27531   0.09459   0.00000   0.04070   0.27789   0.20201   0.38125   0.35903   0.15489   0.13046   0.14135   0.74328   0.05858   0.00000   0.68202   0.00000   1.27031   0.03660   0.53736   0.05856   0.14036   0.21173   0.39805   0.54392   1.37635   0.81378   0.51964   0.19156   0.00000   0.07217   0.33612   0.82692   0.00000   0.71590   0.39443   0.84521   0.06906   0.08160   0.15506   1.03238   0.00000   0.42465   0.01955   0.06461   0.00070   0.89705   0.00000   0.40683   0.00000   0.37467   0.15376   0.24732   0.03693   0.06330   0.03081   0.14492   0.02948   0.18725   0.00846   0.18479   0.03237   0.01231   0.07860   0.02204   0.00000   0.00000   0.52065   0.07099   0.09328   0.01605   0.00000   0.01521   0.07684   0.02818   0.00000   0.00000   0.08225   0.14317   0.00654   0.04578   0.00000   0.01308   0.05364   0.00000   0.03001   0.00771   0.01349   0.03035   0.05489   0.03866   0.03167   0.04257   0.08044   0.00000   0.26426   0.02587   0.23041   0.00000   0.21414   0.06446   0.02546   0.00000   0.04870   0.01952   0.61317   0.07465   0.25815   0.00000   0.23290   0.03063   0.02409   0.11141   0.13199   0.17637   0.11974   0.00000   0.02152   0.00682   0.01769   0.02987   0.05230   0.01941   0.14841   0.00000   0.25758   0.14025   0.00000   0.00000   0.38775   0.12626   0.04790   1.45281   2.24284   1.45522   0.85041   1.25098   0.42435   0.67377   1.30418   0.33902   1.86860   1.55034   1.76299   0.99795   0.33951   3.65002   1.25363  
144 205.1683  11803.641719  x:  1.44121   4.06436   1.41561   3.36537   1.14978   2.01686   3.36497   2.74945   2.26065   0.37275   0.27576   0.09697   0.00000   0.03934   0.27991   0.20354   0.38094   0.35925   0.15688   0.13061   0.14305   0.74148   0.05996   0.00000   0.67883   0.00000   1.27009   0.03643   0.53466   0.06321   0.14192   0.21422   0.39820   0.54289   1.37577   0.81325   0.52087   0.19133   0.00000   0.06973   0.33307   0.82635   0.00000   0.71491   0.39456   0.84565   0.06772   0.08040   0.15544   1.03165   0.00000   0.42528   0.02046   0.06489   0.00146   0.89515   0.00000   0.40718   0.00000   0.37386   0.15246   0.24676   0.03579   0.06231   0.02526   0.14727   0.02632   0.18907   0.01062   0.18693   0.03229   0.01066   0.07741   0.02219   0.00000   0.00000   0.51782   0.06894   0.09487   0.01337   0.00000   0.01489   0.07552   0.02905   0.00000   0.00000   0.08120   0.14484   0.01349   0.04585   0.00000   0.01228   0.05980   0.00000   0.03065   0.00609   0.01570   0.03070   0.05397   0.03883   0.03251   0.04467   0.07485   0.00000   0.26560   0.02147   0.22924   0.00000   0.21400   0.06091   0.02567   0.00000   0.04897   0.01935   0.61015   0.07074   0.25596   0.00000   0.23378   0.03116   0.02370   0.11140   0.13189   0.17723   0.11980   0.00000   0.02191   0.00876   0.01408   0.02985   0.05234   0.02148   0.15079   0.00000   0.25711   0.13980   0.00000   0.00000   0.38766   0.12578   0.04633   1.45376   2.24445   1.45630   0.85123   1.25176   0.42354   0.67346   1.30471   0.33889   1.87025   1.55146   1.76077   0.99795   0.33664   3.65211   1.24909  
145 85.6693  11803.021903  x:  1.44267   4.07059   1.41691   3.37012   1.15032   2.01948   3.36934   2.75260   2.26334   0.37485   0.27635   0.10028   0.00000   0.03758   0.28288   0.20571   0.38045   0.35955   0.15973   0.13070   0.14543   0.73873   0.06195   0.00000   0.67395   0.00000   1.26976   0.03606   0.53050   0.06974   0.14404   0.21780   0.39839   0.54130   1.37489   0.81245   0.52274   0.19095   0.00000   0.06705   0.32841   0.82547   0.00000   0.71341   0.39478   0.84633   0.06614   0.07900   0.15604   1.03054   0.00000   0.42615   0.02094   0.06475   0.00261   0.89224   0.00000   0.40774   0.00000   0.37270   0.15119   0.24609   0.03476   0.06153   0.01933   0.15071   0.02301   0.19156   0.01107   0.18988   0.03241   0.01716   0.07615   0.02243   0.00000   0.00000   0.51359   0.06612   0.09722   0.01385   0.00000   0.01449   0.07356   0.02965   0.00000   0.00000   0.07980   0.14711   0.01208   0.04575   0.00000   0.01284   0.06481   0.00000   0.03085   0.00847   0.01574   0.03060   0.05276   0.03878   0.03192   0.04559   0.06721   0.00000   0.26771   0.01671   0.22773   0.00000   0.21389   0.05643   0.02583   0.00000   0.04926   0.01922   0.60559   0.06555   0.25289   0.00000   0.23499   0.03157   0.02285   0.11135   0.13172   0.17844   0.11980   0.00000   0.02254   0.00529   0.01322   0.02974   0.05234   0.02370   0.15382   0.00000   0.25643   0.13911   0.00000   0.00000   0.38760   0.12527   0.04445   1.45522   2.24695   1.45798   0.85251   1.25295   0.42230   0.67300   1.30553   0.33869   1.87280   1.55318   1.75738   0.99793   0.33434   3.65516   1.24208  
146 130.2526  11802.604361  x:  1.44416   4.07696   1.41824   3.37497   1.15087   2.02216   3.37381   2.75581   2.26610   0.37677   0.27679   0.10315   0.00000   0.03633   0.28569   0.20765   0.37993   0.35978   0.16232   0.13058   0.14750   0.73595   0.06376   0.00000   0.66900   0.00000   1.26943   0.03552   0.52627   0.07551   0.14583   0.22105   0.39853   0.53965   1.37400   0.81167   0.52460   0.19054   0.00000   0.06584   0.32370   0.82458   0.00000   0.71191   0.39505   0.84702   0.06525   0.07822   0.15669   1.02942   0.00000   0.42686   0.02056   0.06405   0.00378   0.88935   0.00000   0.40835   0.00000   0.37169   0.15102   0.24567   0.03454   0.06163   0.01721   0.15397   0.02197   0.19372   0.01067   0.19235   0.03259   0.02011   0.07548   0.02265   0.00000   0.00000   0.50945   0.06382   0.09930   0.01469   0.00000   0.01420   0.07192   0.02956   0.00000   0.00000   0.07872   0.14904   0.00890   0.04548   0.00000   0.01308   0.06462   0.00000   0.03024   0.00691   0.01483   0.02991   0.05211   0.03841   0.02971   0.04507   0.06103   0.00000   0.26989   0.01512   0.22664   0.00000   0.21395   0.05340   0.02586   0.00000   0.04941   0.01920   0.60111   0.06162   0.25019   0.00000   0.23601   0.03156   0.02178   0.11125   0.13150   0.17950   0.11975   0.00000   0.02313   0.01117   0.01500   0.02969   0.05230   0.02486   0.15605   0.00000   0.25579   0.13842   0.00000   0.00000   0.38767   0.12509   0.04333   1.45671   2.24950   1.45969   0.85381   1.25417   0.42105   0.67255   1.30637   0.33848   1.87540   1.55495   1.75398   0.99793   0.33452   3.65809   1.23493  
147 145.0034  11801.086050  x:  1.44989   4.10144   1.42334   3.39362   1.15300   2.03248   3.39101   2.76814   2.27670   0.38322   0.27787   0.11223   0.00000   0.03358   0.29562   0.21403   0.37784   0.36039   0.17102   0.12942   0.15415   0.72544   0.06982   0.00000   0.65017   0.00000   1.26823   0.03289   0.51006   0.09448   0.15128   0.23211   0.39882   0.53332   1.37066   0.80877   0.53156   0.18884   0.00000   0.06584   0.30584   0.82124   0.00000   0.70629   0.39623   0.84961   0.06414   0.07737   0.15927   1.02515   0.00000   0.42902   0.01836   0.06089   0.00832   0.87847   0.00000   0.41086   0.00000   0.36848   0.15375   0.24492   0.03562   0.06418   0.02099   0.16502   0.02438   0.20055   0.00916   0.19994   0.03300   0.01312   0.07477   0.02277   0.00000   0.00000   0.49429   0.05730   0.10576   0.01312   0.00000   0.01378   0.06745   0.02844   0.00000   0.00000   0.07615   0.15508   0.00872   0.04527   0.00000   0.01146   0.05191   0.00000   0.02837   0.00671   0.01465   0.02782   0.05225   0.03705   0.02225   0.04194   0.04378   0.00000   0.27822   0.02018   0.22410   0.00000   0.21479   0.04755   0.02587   0.00000   0.04957   0.01909   0.58465   0.05184   0.24156   0.00000   0.23934   0.03037   0.01796   0.11085   0.13065   0.18287   0.11952   0.00000   0.02357   0.00706   0.01575   0.02941   0.05201   0.02648   0.16175   0.00000   0.25369   0.13605   0.00000   0.00000   0.38844   0.12548   0.04171   1.46244   2.25933   1.46628   0.85882   1.25885   0.41633   0.67089   1.30961   0.33769   1.88543   1.56174   1.74134   0.99800   0.34019   3.66898   1.20748  
148 154.3774  11799.957721  x:  1.45575   4.12655   1.42855   3.41274   1.15515   2.04305   3.40864   2.78077   2.28756   0.38839   0.27808   0.11877   0.00000   0.03354   0.30425   0.21876   0.37562   0.36059   0.17793   0.12746   0.15904   0.71499   0.07450   0.00000   0.63130   0.00000   1.26709   0.02974   0.49380   0.10964   0.15480   0.24114   0.39881   0.52691   1.36732   0.80591   0.53836   0.18696   0.00000   0.06856   0.28786   0.81786   0.00000   0.70072   0.39764   0.85216   0.06517   0.07849   0.16199   1.02081   0.00000   0.43039   0.02132   0.06115   0.01270   0.86776   0.00000   0.41361   0.00000   0.36613   0.15737   0.24437   0.03586   0.06581   0.02682   0.17224   0.02578   0.20518   0.00928   0.20490   0.03252   0.01478   0.07592   0.02195   0.00000   0.00000   0.48014   0.05374   0.10952   0.01878   0.00000   0.01557   0.06625   0.03066   0.00000   0.00000   0.07613   0.15938   0.01151   0.04611   0.00000   0.01621   0.04590   0.00000   0.03038   0.00700   0.01508   0.03078   0.05493   0.03878   0.03549   0.04131   0.03742   0.00000   0.28563   0.03091   0.22337   0.00000   0.21637   0.04880   0.02643   0.00000   0.04969   0.01860   0.56918   0.04889   0.23565   0.00000   0.24242   0.02787   0.01768   0.11092   0.13010   0.18529   0.11970   0.00000   0.02107   0.00800   0.01445   0.02995   0.05213   0.02712   0.16433   0.00000   0.25232   0.13464   0.00000   0.00000   0.39009   0.12671   0.04284   1.46830   2.26938   1.47302   0.86391   1.26362   0.41162   0.66930   1.31287   0.33682   1.89568   1.56865   1.72979   0.99779   0.34045   3.68054   1.17941  
149 175.9153  11798.668415  x:  1.46227   4.15456   1.43435   3.43406   1.15754   2.05483   3.42831   2.79483   2.29964   0.39237   0.27724   0.12274   0.00000   0.03532   0.31171   0.22169   0.37310   0.36032   0.18305   0.12458   0.16224   0.70387   0.07784   0.00000   0.61101   0.00000   1.26602   0.02642   0.47639   0.12169   0.15630   0.24829   0.39840   0.51999   1.36379   0.80293   0.54546   0.18469   0.00000   0.07171   0.26841   0.81421   0.00000   0.69480   0.39944   0.85481   0.06732   0.08071   0.16493   1.01603   0.00000   0.43081   0.02423   0.06220   0.01602   0.85642   0.00000   0.41672   0.00000   0.36449   0.16089   0.24352   0.03482   0.06600   0.03023   0.17527   0.02372   0.20744   0.01009   0.20714   0.03161   0.01741   0.07792   0.02270   0.00000   0.00000   0.46638   0.05306   0.11012   0.00962   0.00000   0.01614   0.06772   0.03270   0.00000   0.00000   0.07775   0.16147   0.00778   0.04621   0.00000   0.00968   0.05057   0.00000   0.03092   0.00708   0.01503   0.03179   0.05604   0.03949   0.03816   0.04273   0.04182   0.00000   0.29167   0.04072   0.22424   0.00000   0.21842   0.05479   0.02652   0.00000   0.04977   0.01900   0.55391   0.05116   0.23268   0.00000   0.24543   0.02361   0.02079   0.11148   0.12994   0.18663   0.12008   0.00000   0.02307   0.00847   0.01549   0.03017   0.05253   0.02576   0.16402   0.00000   0.25172   0.13440   0.00000   0.00000   0.39276   0.12821   0.04547   1.47482   2.28056   1.48051   0.86954   1.26891   0.40663   0.66775   1.31645   0.33580   1.90708   1.57630   1.71860   0.99765   0.33848   3.69361   1.14810  
150 184.6676  11796.924776  x:  1.47338   4.20238   1.44423   3.47045   1.16160   2.07492   3.46187   2.81882   2.32024   0.39728   0.27477   0.12618   0.00000   0.03821   0.32189   0.22412   0.36882   0.35939   0.18900   0.11933   0.16553   0.68565   0.08160   0.00000   0.57750   0.00000   1.26446   0.02190   0.44785   0.13751   0.15646   0.25729   0.39733   0.50864   1.35806   0.79810   0.55700   0.18061   0.00000   0.07473   0.23609   0.80813   0.00000   0.68508   0.40266   0.85910   0.07025   0.08389   0.16955   1.00794   0.00000   0.43044   0.02437   0.06235   0.01897   0.83777   0.00000   0.42176   0.00000   0.36237   0.16578   0.24161   0.03248   0.06543   0.03094   0.17596   0.01732   0.20845   0.01087   0.20784   0.03084   0.01709   0.08051   0.02402   0.00000   0.00000   0.44548   0.05484   0.10774   0.01958   0.00000   0.01478   0.07155   0.03254   0.00000   0.00000   0.08050   0.16242   0.01025   0.04694   0.00000   0.00971   0.06141   0.00000   0.02987   0.00738   0.01547   0.02926   0.05612   0.03818   0.02588   0.04569   0.05460   0.00000   0.29898   0.04968   0.22675   0.00000   0.22141   0.06494   0.02555   0.00000   0.04955   0.02004   0.53021   0.05732   0.23101   0.00000   0.24994   0.01672   0.02747   0.11257   0.13013   0.18746   0.12058   0.00000   0.02680   0.00856   0.01438   0.02968   0.05297   0.02078   0.16132   0.00000   0.25147   0.13523   0.00000   0.00000   0.39775   0.13001   0.04903   1.48594   2.29961   1.49327   0.87909   1.27791   0.39844   0.66542   1.32249   0.33399   1.92649   1.58929   1.70135   0.99748   0.33711   3.71579   1.09467  
151 332.0507  11795.689145  x:  1.48246   4.24156   1.45228   3.50025   1.16490   2.09136   3.48934   2.83842   2.33709   0.39902   0.27180   0.12546   0.00000   0.03837   0.32676   0.22305   0.36551   0.35815   0.19043   0.11547   0.16598   0.67198   0.08236   0.00000   0.55213   0.00000   1.26363   0.02112   0.42679   0.14522   0.15406   0.26074   0.39603   0.50025   1.35386   0.79460   0.56557   0.17702   0.00000   0.07308   0.21124   0.80340   0.00000   0.67767   0.40538   0.86222   0.07001   0.08416   0.17248   1.00151   0.00000   0.42918   0.01986   0.06119   0.01766   0.82349   0.00000   0.42510   0.00000   0.36094   0.16873   0.23964   0.03135   0.06597   0.02702   0.17310   0.01384   0.20631   0.00967   0.20529   0.03214   0.01627   0.08035   0.02171   0.00000   0.00000   0.43240   0.05939   0.10322   0.01263   0.00000   0.01457   0.07414   0.02879   0.00000   0.00000   0.08131   0.16023   0.01032   0.04714   0.00000   0.02429   0.06230   0.00000   0.02981   0.00715   0.01485   0.02852   0.05500   0.03780   0.02327   0.04470   0.06286   0.00000   0.30091   0.04568   0.22914   0.00000   0.22220   0.06885   0.02489   0.00000   0.04883   0.01939   0.51430   0.06188   0.23290   0.00000   0.25268   0.01625   0.03174   0.11306   0.13080   0.18644   0.12055   0.00000   0.02135   0.00842   0.01451   0.02953   0.05268   0.01578   0.15871   0.00000   0.25184   0.13701   0.00000   0.00000   0.40160   0.12982   0.04856   1.49501   2.31516   1.50369   0.88683   1.28524   0.39229   0.66399   1.32734   0.33241   1.94232   1.59984   1.68975   0.99753   0.34080   3.73361   1.05105  
152 247.6957  11793.560854  x:  1.49310   4.28768   1.46172   3.53531   1.16873   2.11068   3.52168   2.86145   2.35689   0.39918   0.26784   0.12220   0.00000   0.03689   0.32943   0.21949   0.36195   0.35638   0.18934   0.11200   0.16500   0.65724   0.08130   0.00000   0.52463   0.00000   1.26309   0.02280   0.40471   0.15011   0.14945   0.26153   0.39421   0.49147   1.34944   0.79093   0.57478   0.17257   0.00000   0.06905   0.18380   0.79806   0.00000   0.66949   0.40859   0.86551   0.06773   0.08274   0.17504   0.99420   0.00000   0.42718   0.01541   0.06132   0.01363   0.80771   0.00000   0.42820   0.00000   0.35936   0.17171   0.23746   0.03096   0.06791   0.02207   0.16840   0.01491   0.20194   0.01057   0.20033   0.03406   0.01551   0.07858   0.02172   0.00000   0.00000   0.42101   0.06675   0.09692   0.01458   0.00000   0.01508   0.07621   0.02521   0.00000   0.00000   0.08137   0.15530   0.01014   0.04521   0.00000   0.01807   0.05599   0.00000   0.02919   0.00714   0.01577   0.02933   0.05220   0.03821   0.02965   0.04295   0.06887   0.00000   0.29989   0.03278   0.23190   0.00000   0.22143   0.06909   0.02537   0.00000   0.04823   0.01952   0.49909   0.06635   0.23701   0.00000   0.25487   0.02026   0.03393   0.11299   0.13189   0.18403   0.12018   0.00000   0.01988   0.00802   0.01520   0.02980   0.05215   0.01234   0.15644   0.00000   0.25264   0.13959   0.00000   0.00000   0.40555   0.12847   0.04556   1.50565   2.33342   1.51591   0.89584   1.29382   0.38561   0.66279   1.33294   0.33044   1.96089   1.61214   1.67870   0.99763   0.34514   3.75454   1.00000  
153 311.8544  11792.575122  x:  1.50240   4.32827   1.46996   3.56613   1.17202   2.12763   3.55009   2.88163   2.37422   0.39778   0.26493   0.11870   0.00000   0.03607   0.32883   0.21529   0.35961   0.35487   0.18625   0.11153   0.16366   0.64631   0.07868   0.00000   0.50435   0.00000   1.26316   0.02568   0.38977   0.15098   0.14476   0.25945   0.39255   0.48557   1.34628   0.78837   0.58177   0.16856   0.00000   0.06884   0.16272   0.79366   0.00000   0.66303   0.41131   0.86797   0.06589   0.08176   0.17621   0.98830   0.00000   0.42568   0.02285   0.06689   0.01022   0.79543   0.00000   0.42982   0.00000   0.35795   0.17373   0.23727   0.03270   0.06902   0.02536   0.16495   0.01951   0.19787   0.00678   0.19599   0.03241   0.01482   0.07757   0.02236   0.00000   0.00000   0.41601   0.07272   0.09378   0.01400   0.00000   0.01546   0.07681   0.03117   0.00000   0.00000   0.08195   0.15067   0.01006   0.04671   0.00000   0.01937   0.05102   0.00000   0.03184   0.00684   0.01132   0.03074   0.05428   0.03870   0.02756   0.04344   0.06928   0.00000   0.29685   0.02226   0.23373   0.00000   0.21908   0.06639   0.02546   0.00000   0.04899   0.01921   0.49051   0.06953   0.24039   0.00000   0.25490   0.02548   0.03019   0.11191   0.13273   0.18165   0.11986   0.00000   0.02572   0.00814   0.01263   0.02992   0.05246   0.01732   0.15654   0.00000   0.25361   0.14094   0.00000   0.00000   0.40765   0.12771   0.04366   1.51495   2.34936   1.52657   0.90357   1.30126   0.38050   0.66238   1.33766   0.32849   1.97708   1.62276   1.67243   0.99768   0.34080   3.77341   1.00000  
154 196.0057  11792.037796  x:  1.50845   4.35484   1.47531   3.58629   1.17412   2.13870   3.56869   2.89479   2.38553   0.39627   0.26359   0.11662   0.00000   0.03617   0.32704   0.21247   0.35861   0.35402   0.18346   0.11270   0.16275   0.64040   0.07629   0.00000   0.49356   0.00000   1.26349   0.02776   0.38279   0.15007   0.14179   0.25689   0.39151   0.48287   1.34467   0.78716   0.58569   0.16593   0.00000   0.07049   0.15100   0.79096   0.00000   0.65929   0.41302   0.86935   0.06533   0.08176   0.17638   0.98480   0.00000   0.42486   0.02585   0.06851   0.00861   0.78843   0.00000   0.43030   0.00000   0.35706   0.17394   0.23792   0.03423   0.06839   0.02922   0.16339   0.02195   0.19572   0.01126   0.19382   0.03113   0.01468   0.07756   0.02204   0.00000   0.00000   0.41536   0.07505   0.09357   0.01417   0.00000   0.01554   0.07638   0.03356   0.00000   0.00000   0.08195   0.14813   0.00879   0.04807   0.00000   0.02057   0.05102   0.00000   0.03225   0.00664   0.01799   0.03059   0.05665   0.03877   0.02535   0.04435   0.06757   0.00000   0.29418   0.01887   0.23450   0.00000   0.21689   0.06417   0.02543   0.00000   0.04965   0.01910   0.48765   0.07031   0.24216   0.00000   0.25361   0.02787   0.02517   0.11087   0.13297   0.18033   0.11970   0.00000   0.02397   0.00773   0.01690   0.02978   0.05280   0.02158   0.15705   0.00000   0.25426   0.14097   0.00000   0.00000   0.40817   0.12771   0.04361   1.52101   2.35974   1.53350   0.90854   1.30608   0.37760   0.66249   1.34065   0.32711   1.98760   1.62961   1.67011   0.99766   0.33740   3.78568   1.00000  
155 215.8087  11790.875091  x:  1.52079   4.40939   1.48618   3.62762   1.17832   2.16136   3.60680   2.92170   2.40865   0.39224   0.26232   0.11344   0.00000   0.03774   0.32068   0.20724   0.35781   0.35275   0.17665   0.11787   0.16100   0.63117   0.07040   0.00000   0.47731   0.00000   1.26483   0.03161   0.37497   0.14554   0.13661   0.24962   0.38963   0.48001   1.34244   0.78579   0.59230   0.16068   0.00000   0.07555   0.13208   0.78590   0.00000   0.65279   0.41637   0.87175   0.06569   0.08320   0.17548   0.97854   0.00000   0.42356   0.02302   0.06442   0.00731   0.77653   0.00000   0.43011   0.00000   0.35547   0.17091   0.24043   0.03678   0.06377   0.03571   0.16095   0.02173   0.19273   0.01083   0.19150   0.02964   0.01674   0.07879   0.02143   0.00000   0.00000   0.41935   0.07534   0.09669   0.01439   0.00000   0.01549   0.07428   0.03082   0.00000   0.00000   0.08076   0.14485   0.00970   0.04935   0.00000   0.01735   0.05749   0.00000   0.02889   0.00710   0.01399   0.02779   0.06036   0.03826   0.02499   0.04638   0.06130   0.00000   0.28784   0.02176   0.23505   0.00000   0.21159   0.06050   0.02554   0.00000   0.05035   0.01932   0.48785   0.06816   0.24470   0.00000   0.24826   0.02929   0.01302   0.10874   0.13262   0.17866   0.11979   0.00000   0.01496   0.00854   0.01383   0.02921   0.05310   0.02851   0.15785   0.00000   0.25556   0.13908   0.00000   0.00000   0.40740   0.12860   0.04610   1.53334   2.38093   1.54764   0.91853   1.31582   0.37269   0.66361   1.34658   0.32402   2.00905   1.64346   1.66885   0.99775   0.33700   3.81006   1.00000  
156 182.0156  11789.724622  x:  1.53568   4.47549   1.49928   3.67767   1.18332   2.18880   3.65297   2.95422   2.43660   0.38732   0.26177   0.11075   0.00000   0.03984   0.31198   0.20207   0.35765   0.35171   0.16864   0.12483   0.15899   0.62190   0.06318   0.00000   0.46167   0.00000   1.26681   0.03511   0.36960   0.13920   0.13169   0.24041   0.38772   0.47833   1.34044   0.78492   0.59942   0.15459   0.00000   0.07927   0.11292   0.78013   0.00000   0.64576   0.42033   0.87443   0.06643   0.08514   0.17375   0.97159   0.00000   0.42220   0.01756   0.05793   0.00754   0.76380   0.00000   0.42935   0.00000   0.35384   0.16502   0.24331   0.03825   0.05813   0.03845   0.15879   0.01925   0.19060   0.00976   0.19045   0.03060   0.01676   0.08015   0.02145   0.00000   0.00000   0.42678   0.07289   0.10111   0.01385   0.00000   0.01587   0.07210   0.02570   0.00000   0.00000   0.07939   0.14304   0.01022   0.04921   0.00000   0.01951   0.06342   0.00000   0.02813   0.00732   0.01527   0.02812   0.06174   0.03810   0.02890   0.04640   0.05344   0.00000   0.28030   0.02895   0.23487   0.00000   0.20570   0.05844   0.02570   0.00000   0.05019   0.01877   0.49152   0.06286   0.24718   0.00000   0.24122   0.02967   0.00662   0.10760   0.13182   0.17775   0.12072   0.00000   0.02711   0.00847   0.01466   0.02944   0.05300   0.03442   0.15769   0.00000   0.25713   0.13620   0.00000   0.00000   0.40565   0.12940   0.04947   1.54824   2.40653   1.56470   0.93050   1.32755   0.36740   0.66552   1.35364   0.32013   2.03493   1.66011   1.66927   0.99776   0.34146   3.83900   1.00000  
157 344.8039  11787.318326  x:  1.56707   4.61556   1.52683   3.78365   1.19365   2.24681   3.75072   3.02291   2.49564   0.37832   0.26313   0.10922   0.00000   0.04338   0.29318   0.19608   0.35948   0.35129   0.15497   0.13886   0.15532   0.60735   0.04915   0.00000   0.43970   0.00000   1.27187   0.03805   0.36868   0.12608   0.12678   0.22257   0.38518   0.47942   1.33810   0.78528   0.61233   0.14305   0.00000   0.07730   0.08331   0.76899   0.00000   0.63321   0.42854   0.87960   0.06718   0.08792   0.16878   0.95866   0.00000   0.42012   0.02533   0.05749   0.01364   0.74154   0.00000   0.42682   0.00000   0.35162   0.14968   0.24790   0.03739   0.05470   0.03114   0.15811   0.01907   0.19116   0.01257   0.19307   0.03588   0.01655   0.08118   0.02502   0.00000   0.00000   0.44723   0.06267   0.10847   0.01460   0.00000   0.01585   0.07092   0.03016   0.00000   0.00000   0.07982   0.14588   0.00962   0.04472   0.00000   0.01819   0.06165   0.00000   0.03591   0.00702   0.01472   0.03417   0.05435   0.03797   0.02484   0.04188   0.04065   0.00000   0.26666   0.04506   0.23247   0.00000   0.19722   0.06208   0.02635   0.00000   0.04861   0.01922   0.50671   0.04684   0.25080   0.00000   0.22852   0.02761   0.02662   0.11065   0.12985   0.17926   0.12481   0.00000   0.02318   0.00862   0.01347   0.03060   0.05199   0.04084   0.15423   0.00000   0.26035   0.13054   0.00000   0.00000   0.40072   0.12881   0.05433   1.57962   2.46054   1.60065   0.95545   1.35216   0.35785   0.67095   1.36820   0.31141   2.08947   1.69499   1.67466   0.99775   0.35004   3.89959   1.00000  
158 289.7644  11785.296806  x:  1.59188   4.72691   1.54858   3.86783   1.20164   2.29281   3.82835   3.07735   2.54240   0.37416   0.26533   0.11128   0.00000   0.04365   0.28115   0.19658   0.36242   0.35273   0.14970   0.14649   0.15311   0.59988   0.04089   0.00000   0.43140   0.00000   1.27644   0.03728   0.37474   0.11907   0.12878   0.21311   0.38497   0.48358   1.33780   0.78743   0.62109   0.13589   0.00000   0.07061   0.06990   0.76125   0.00000   0.62538   0.43514   0.88332   0.06569   0.08720   0.16443   0.94984   0.00000   0.41891   0.02981   0.05917   0.02019   0.72806   0.00000   0.42462   0.00000   0.35134   0.14065   0.25040   0.03673   0.06133   0.02279   0.15947   0.02608   0.19479   0.00497   0.19720   0.03257   0.01739   0.07967   0.01795   0.00000   0.00000   0.46428   0.05517   0.11107   0.01404   0.00000   0.01421   0.07105   0.03381   0.00000   0.00000   0.08019   0.15191   0.01393   0.04642   0.00000   0.01707   0.05726   0.00000   0.02916   0.00768   0.01615   0.02703   0.05121   0.03878   0.02677   0.04456   0.04131   0.00000   0.25943   0.05035   0.23144   0.00000   0.19604   0.06524   0.02471   0.00000   0.04921   0.01905   0.52135   0.03936   0.25169   0.00000   0.22279   0.01552   0.02758   0.11246   0.12885   0.18196   0.12425   0.00000   0.02311   0.00822   0.01975   0.02896   0.05258   0.03079   0.15218   0.00000   0.26147   0.12871   0.00000   0.00000   0.39727   0.12622   0.05285   1.60443   2.50323   1.62905   0.97494   1.37151   0.35150   0.67626   1.37944   0.30411   2.13256   1.72238   1.68098   0.99774   0.34473   3.94792   1.00000  
159 329.9124  11783.851115  x:  1.61230   4.81885   1.56645   3.93730   1.20812   2.33074   3.89241   3.12220   2.58093   0.37250   0.26727   0.11399   0.00000   0.04261   0.27336   0.19920   0.36542   0.35468   0.14827   0.15059   0.15158   0.59570   0.03587   0.00000   0.42885   0.00000   1.28046   0.03589   0.38233   0.11528   0.13294   0.20804   0.38570   0.48832   1.33834   0.79014   0.62763   0.13116   0.00000   0.06588   0.06413   0.75553   0.00000   0.62005   0.44068   0.88625   0.06396   0.08559   0.16081   0.94330   0.00000   0.41805   0.03017   0.05941   0.02534   0.71903   0.00000   0.42282   0.00000   0.35164   0.13622   0.25230   0.03638   0.06658   0.01935   0.16078   0.03197   0.19870   0.01545   0.20078   0.02984   0.01490   0.07789   0.02135   0.00000   0.00000   0.47804   0.05071   0.11204   0.01411   0.00000   0.01386   0.07075   0.03444   0.00000   0.00000   0.07978   0.15742   0.00922   0.04818   0.00000   0.01934   0.05498   0.00000   0.02514   0.00726   0.01196   0.02494   0.05171   0.03911   0.02847   0.04602   0.04485   0.00000   0.25552   0.05153   0.23149   0.00000   0.19755   0.06619   0.02451   0.00000   0.04992   0.01903   0.53381   0.03862   0.25149   0.00000   0.22107   0.00890   0.02461   0.11332   0.12850   0.18430   0.12268   0.00000   0.02538   0.00798   0.01455   0.02853   0.05310   0.02090   0.15225   0.00000   0.26149   0.12900   0.00000   0.00000   0.39508   0.12394   0.04955   1.62485   2.53838   1.65242   0.99088   1.38740   0.34687   0.68112   1.38858   0.29793   2.16802   1.74486   1.68649   0.99772   0.34118   3.98738   1.00000  
160 603.6786  11780.195668  x:  1.65976   5.03331   1.60794   4.09926   1.22298   2.41910   4.04174   3.22660   2.67065   0.37334   0.27159   0.12202   0.00000   0.03841   0.26159   0.20998   0.37357   0.36088   0.15187   0.15451   0.14889   0.59086   0.02908   0.00000   0.43317   0.00000   1.29044   0.03167   0.40526   0.11155   0.14782   0.20332   0.38962   0.50215   1.34155   0.79876   0.64120   0.12328   0.00000   0.06213   0.06397   0.74401   0.00000   0.61059   0.45382   0.89284   0.06063   0.08114   0.15261   0.92997   0.00000   0.41643   0.02451   0.05788   0.03597   0.70322   0.00000   0.41887   0.00000   0.35332   0.13397   0.25686   0.03569   0.07261   0.02337   0.16180   0.03715   0.20804   0.00712   0.20865   0.02645   0.01540   0.07440   0.02900   0.00000   0.00000   0.50819   0.04617   0.11188   0.01497   0.00000   0.01495   0.06931   0.03143   0.00000   0.00000   0.07754   0.16976   0.00405   0.05069   0.00000   0.01818   0.05738   0.00000   0.03233   0.00565   0.02121   0.03465   0.05873   0.03814   0.02619   0.04842   0.05668   0.00000   0.25196   0.04907   0.23360   0.00000   0.20641   0.06396   0.02669   0.00000   0.05105   0.01953   0.56270   0.05079   0.24849   0.00000   0.22526   0.01961   0.02144   0.11430   0.12905   0.18930   0.11886   0.00000   0.02332   0.00906   0.00629   0.03055   0.05378   0.00854   0.15833   0.00000   0.25924   0.13419   0.00000   0.00000   0.39209   0.12040   0.03987   1.67231   2.62013   1.70675   1.02774   1.42430   0.33756   0.69362   1.40963   0.28314   2.25047   1.79697   1.69895   0.99737   0.34388   4.07778   1.00000  
161 593.1300  11776.958330  x:  1.71346   5.27625   1.65488   4.28270   1.23973   2.51916   4.21087   3.34478   2.77222   0.37579   0.27601   0.13083   0.00000   0.03406   0.25084   0.22274   0.38296   0.36814   0.15758   0.15702   0.14613   0.58703   0.02295   0.00000   0.44102   0.00000   1.30192   0.02734   0.43205   0.10860   0.16526   0.20009   0.39468   0.51831   1.34580   0.80921   0.65601   0.11550   0.00000   0.06120   0.06777   0.73170   0.00000   0.60092   0.46877   0.90027   0.05812   0.07695   0.14357   0.91552   0.00000   0.41468   0.01912   0.05772   0.04658   0.68714   0.00000   0.41460   0.00000   0.35551   0.13371   0.26164   0.03472   0.07602   0.02927   0.16218   0.03958   0.21799   0.00882   0.21662   0.02682   0.01774   0.07162   0.03617   0.00000   0.00000   0.54109   0.04356   0.11086   0.01474   0.00000   0.01617   0.06778   0.02911   0.00000   0.00000   0.07536   0.18234   0.01314   0.05235   0.00000   0.01677   0.06045   0.00000   0.03937   0.00758   0.01245   0.04274   0.06607   0.03726   0.02451   0.04998   0.06982   0.00000   0.24958   0.04373   0.23619   0.00000   0.21734   0.06004   0.02842   0.00000   0.05166   0.01959   0.59472   0.06650   0.24428   0.00000   0.23199   0.03382   0.02022   0.11505   0.13007   0.19429   0.11520   0.00000   0.02226   0.00835   0.02021   0.03253   0.05406   0.00250   0.16623   0.00000   0.25652   0.14084   0.00000   0.00000   0.38940   0.11807   0.03104   1.72601   2.71266   1.76823   1.06939   1.46605   0.32751   0.70816   1.43339   0.26628   2.34379   1.85591   1.71271   0.99674   0.35101   4.17960   1.00000  
162 2324.3699  11770.786098  x:  1.79444   5.64356   1.72560   4.55995   1.26471   2.67028   4.46647   3.52320   2.92558   0.38438   0.28011   0.14107   0.00000   0.03331   0.24496   0.24107   0.39700   0.37899   0.16941   0.15463   0.14317   0.58720   0.01871   0.00000   0.46217   0.00000   1.31989   0.02466   0.47333   0.10696   0.19039   0.20146   0.40420   0.54345   1.35434   0.82711   0.67631   0.10808   0.00000   0.07127   0.08579   0.71616   0.00000   0.59030   0.49148   0.91150   0.06217   0.07735   0.13134   0.89619   0.00000   0.41235   0.01889   0.06631   0.05583   0.66988   0.00000   0.40935   0.00000   0.35967   0.13920   0.26649   0.03359   0.07106   0.03501   0.15961   0.03171   0.22808   0.01582   0.22346   0.03753   0.01696   0.07438   0.01363   0.00000   0.00000   0.58505   0.04830   0.10739   0.01602   0.00000   0.01355   0.06669   0.03310   0.00000   0.00000   0.07591   0.19278   0.01121   0.04935   0.00000   0.01522   0.05793   0.00000   0.02910   0.00810   0.01169   0.02710   0.06625   0.03921   0.02992   0.04286   0.08650   0.00000   0.25122   0.02675   0.23875   0.00000   0.23419   0.05141   0.02286   0.00000   0.04996   0.01722   0.63946   0.08733   0.23572   0.00000   0.24533   0.04641   0.02658   0.11478   0.13275   0.19816   0.11457   0.00000   0.02500   0.00840   0.01510   0.02778   0.05265   0.02089   0.17757   0.00000   0.25334   0.15051   0.00000   0.00000   0.38731   0.12394   0.03703   1.80699   2.85224   1.86096   1.13196   1.52903   0.31420   0.73150   1.46897   0.24039   2.48456   1.94464   1.73217   0.99600   0.37028   4.33195   1.00000  
163 1089.4784  11767.532061  x:  1.84509   5.87412   1.76978   4.73390   1.28010   2.76497   4.62678   3.63497   3.02163   0.39303   0.28001   0.14320   0.00000   0.03866   0.25005   0.24868   0.40491   0.38463   0.17660   0.14964   0.14307   0.59228   0.01916   0.00000   0.48126   0.00000   1.33160   0.02743   0.49761   0.10650   0.20200   0.20575   0.41121   0.55860   1.36129   0.83960   0.68720   0.10714   0.00000   0.07893   0.10432   0.70943   0.00000   0.58713   0.50558   0.91864   0.06934   0.08213   0.12523   0.88662   0.00000   0.41124   0.02147   0.07349   0.05399   0.66549   0.00000   0.40751   0.00000   0.36266   0.14556   0.26718   0.03499   0.06343   0.03329   0.15688   0.02185   0.22841   0.01005   0.22209   0.03760   0.01563   0.08012   0.03513   0.00000   0.00000   0.60678   0.05515   0.10615   0.01510   0.00000   0.01441   0.06789   0.03661   0.00000   0.00000   0.07909   0.19050   0.01259   0.04679   0.00000   0.01788   0.05159   0.00000   0.02115   0.00822   0.01634   0.01895   0.05860   0.04099   0.03552   0.03888   0.09008   0.00000   0.25623   0.01260   0.23766   0.00000   0.24200   0.04737   0.02581   0.00000   0.04887   0.02312   0.66342   0.08996   0.23146   0.00000   0.25186   0.03827   0.02253   0.11280   0.13414   0.19734   0.11695   0.00000   0.02312   0.00776   0.01661   0.02849   0.05226   0.02724   0.17953   0.00000   0.25268   0.15226   0.00000   0.00000   0.38671   0.13186   0.05051   1.85764   2.93954   1.91896   1.17089   1.56847   0.30746   0.74724   1.49097   0.22383   2.57262   1.99997   1.74310   0.99555   0.37999   4.42706   1.00000  
164 951.8272  11763.387316  x:  1.90370   6.14182   1.82083   4.93577   1.29763   2.87472   4.81281   3.76451   3.13293   0.40628   0.27697   0.14049   0.00000   0.04637   0.26461   0.25213   0.41263   0.38949   0.18359   0.14072   0.14526   0.60381   0.02258   0.00000   0.50916   0.00000   1.34567   0.03394   0.52320   0.10564   0.20986   0.21369   0.42018   0.57500   1.37112   0.85529   0.69754   0.11008   0.00000   0.08355   0.13263   0.70540   0.00000   0.58760   0.52167   0.92712   0.07770   0.08798   0.12024   0.87893   0.00000   0.41048   0.01983   0.07745   0.04324   0.66819   0.00000   0.40749   0.00000   0.36640   0.15627   0.26508   0.03877   0.05676   0.02734   0.15548   0.01727   0.22251   0.01073   0.21454   0.03070   0.01516   0.08665   0.02896   0.00000   0.00000   0.62490   0.06480   0.10564   0.01588   0.00000   0.01441   0.07030   0.03552   0.00000   0.00000   0.08344   0.17821   0.01263   0.04555   0.00000   0.01561   0.04569   0.00000   0.03181   0.00759   0.01547   0.03959   0.04711   0.04062   0.03284   0.04129   0.08683   0.00000   0.26651   0.00183   0.23430   0.00000   0.24717   0.04649   0.02633   0.00000   0.04899   0.02058   0.68611   0.08300   0.22950   0.00000   0.25700   0.01768   0.00997   0.10925   0.13548   0.19309   0.12201   0.00000   0.02169   0.00759   0.01732   0.03115   0.05324   0.02714   0.17580   0.00000   0.25368   0.14938   0.00000   0.00000   0.38684   0.14033   0.06520   1.91625   3.04051   1.98607   1.21569   1.61417   0.30154   0.76678   1.51613   0.20426   2.67451   2.06379   1.75421   0.99518   0.38697   4.53707   1.00000  
165 987.5964  11755.386061  x:  2.02036   6.67674   1.92225   5.33895   1.33188   3.09355   5.18422   4.02279   3.35473   0.43831   0.26518   0.12344   0.00000   0.05132   0.30746   0.24545   0.42378   0.39476   0.19264   0.11779   0.15438   0.63874   0.03397   0.00000   0.57516   0.00000   1.37463   0.05067   0.56690   0.10164   0.21168   0.23357   0.43892   0.60403   1.39450   0.88858   0.71251   0.12366   0.00000   0.07072   0.20126   0.70634   0.00000   0.59795   0.55279   0.94452   0.08103   0.08753   0.11534   0.87239   0.00000   0.41082   0.01552   0.07900   0.00436   0.69122   0.00000   0.41289   0.00000   0.37352   0.18265   0.25476   0.04674   0.05964   0.00764   0.15771   0.03737   0.19831   0.01318   0.18891   0.01678   0.01711   0.08705   0.02740   0.00000   0.00000   0.64449   0.08565   0.10251   0.01630   0.00000   0.01483   0.07567   0.02769   0.00000   0.00000   0.08809   0.13591   0.01156   0.05010   0.00000   0.01557   0.05268   0.00000   0.03461   0.00770   0.01390   0.03353   0.04668   0.03900   0.03159   0.05512   0.06094   0.00000   0.29537   0.03314   0.22647   0.00000   0.24721   0.04828   0.03186   0.00000   0.05431   0.01856   0.71861   0.05976   0.23707   0.00000   0.26594   0.03138   0.01744   0.10544   0.13923   0.17889   0.13744   0.00000   0.02389   0.00812   0.01697   0.03420   0.05633   0.02670   0.16109   0.00000   0.25959   0.13759   0.00000   0.00000   0.39090   0.14471   0.07027   2.03291   3.24134   2.11959   1.30424   1.70534   0.29398   0.80854   1.56546   0.16438   2.87725   2.19025   1.77296   0.99437   0.38514   4.75639   1.00000  
166 904.6341  11753.069607  x:  2.04608   6.79537   1.94454   5.42829   1.33921   3.14193   5.26648   4.07989   3.40372   0.44587   0.26294   0.11825   0.00000   0.04927   0.31741   0.24047   0.42470   0.39442   0.19222   0.11427   0.15762   0.64918   0.03650   0.00000   0.59120   0.00000   1.38112   0.05198   0.57404   0.09866   0.20763   0.23721   0.44251   0.60889   1.40059   0.89609   0.71385   0.12769   0.00000   0.06835   0.21802   0.70921   0.00000   0.60284   0.55895   0.94873   0.07882   0.08493   0.11589   0.87449   0.00000   0.41283   0.01850   0.07733   0.00000   0.70137   0.00000   0.41551   0.00000   0.37522   0.18677   0.25377   0.04651   0.05960   0.01062   0.15817   0.03708   0.19290   0.01206   0.18496   0.03465   0.01726   0.08454   0.02842   0.00000   0.00000   0.64401   0.08679   0.10151   0.01639   0.00000   0.01322   0.07801   0.02952   0.00000   0.00000   0.08817   0.12889   0.01156   0.04975   0.00000   0.01481   0.05601   0.00000   0.03443   0.00777   0.01453   0.03421   0.05247   0.03945   0.03152   0.05379   0.05509   0.00000   0.30136   0.03665   0.22446   0.00000   0.24470   0.05025   0.02869   0.00000   0.05378   0.01956   0.72214   0.05448   0.24105   0.00000   0.26573   0.02748   0.01572   0.10613   0.13950   0.17650   0.13809   0.00000   0.02385   0.00833   0.01676   0.03195   0.05565   0.02294   0.15655   0.00000   0.26187   0.13486   0.00000   0.00000   0.39262   0.14137   0.06490   2.05863   3.28560   2.14903   1.32358   1.72551   0.29342   0.81843   1.57610   0.15530   2.92195   2.21797   1.77607   0.99424   0.38415   4.80457   1.00000  
167 740.7083  11748.329952  x:  2.10915   7.08858   1.99900   5.64885   1.35647   3.26100   5.46948   4.22039   3.52418   0.46496   0.26062   0.10286   0.00000   0.03702   0.34055   0.21834   0.42182   0.38878   0.18318   0.11225   0.16801   0.68284   0.04170   0.00000   0.63418   0.00000   1.39720   0.04791   0.58318   0.08439   0.18342   0.24246   0.44880   0.61545   1.41845   0.91487   0.71040   0.13985   0.00000   0.07167   0.26357   0.72485   0.00000   0.62319   0.57166   0.96041   0.06853   0.07512   0.12276   0.89176   0.00000   0.42406   0.02810   0.06446   0.01268   0.74190   0.00000   0.42621   0.00000   0.37946   0.18703   0.25501   0.03475   0.05947   0.02663   0.15796   0.01734   0.18120   0.01286   0.18006   0.01870   0.01840   0.07517   0.02787   0.00000   0.00000   0.62731   0.07874   0.09899   0.01663   0.00000   0.01700   0.08482   0.03374   0.00000   0.00000   0.08434   0.12629   0.01304   0.04467   0.00000   0.01229   0.05716   0.00000   0.03043   0.00822   0.01607   0.03312   0.06279   0.04092   0.03307   0.03750   0.04449   0.00000   0.31229   0.03584   0.22118   0.00000   0.23121   0.05581   0.02157   0.00000   0.04708   0.02133   0.71881   0.04999   0.25647   0.00000   0.25979   0.01443   0.02015   0.11340   0.13871   0.17418   0.13265   0.00000   0.02421   0.00857   0.01628   0.02848   0.05115   0.02616   0.14727   0.00000   0.26988   0.13182   0.00000   0.00000   0.40065   0.12462   0.03889   2.12170   3.39407   2.22119   1.37045   1.77520   0.29552   0.84472   1.60144   0.13208   3.03155   2.28547   1.78049   0.99409   0.38905   4.92148   1.00000  
168 566.0552  11744.435471  x:  2.16911   7.37008   2.05053   5.86029   1.37203   3.37472   5.66397   4.35456   3.63906   0.48187   0.26631   0.09134   0.00000   0.03573   0.35667   0.19399   0.41422   0.37940   0.16798   0.11825   0.17672   0.72160   0.04345   0.00000   0.67697   0.00000   1.41249   0.03925   0.58362   0.06619   0.14858   0.24248   0.45107   0.61598   1.43836   0.93251   0.69936   0.15194   0.00000   0.07784   0.30917   0.74867   0.00000   0.65077   0.58079   0.97249   0.06828   0.07676   0.13368   0.92003   0.00000   0.43725   0.03275   0.05295   0.03286   0.79496   0.00000   0.43945   0.00000   0.38341   0.17774   0.25445   0.02967   0.07374   0.03000   0.16459   0.01100   0.17954   0.01378   0.18590   0.02673   0.01725   0.07746   0.02459   0.00000   0.00000   0.59632   0.06372   0.09891   0.01693   0.00000   0.01714   0.08410   0.02929   0.00000   0.00000   0.08050   0.14247   0.01075   0.05197   0.00000   0.01261   0.05022   0.00000   0.03108   0.00778   0.01526   0.02883   0.05062   0.03922   0.03393   0.05336   0.04446   0.00000   0.31553   0.02870   0.22285   0.00000   0.21443   0.05928   0.04729   0.00000   0.05118   0.02111   0.70352   0.05620   0.27273   0.00000   0.25004   0.01770   0.01866   0.11974   0.13653   0.17697   0.12282   0.00000   0.02436   0.00824   0.01583   0.04101   0.05582   0.03684   0.14810   0.00000   0.27682   0.13468   0.00000   0.00000   0.41255   0.12001   0.03584   2.18167   3.49711   2.28976   1.41431   1.82268   0.30070   0.87135   1.62455   0.10887   3.13573   2.34900   1.78304   0.99364   0.38784   5.03219   1.00000  
169 503.9630  11741.471015  x:  2.20904   7.55952   2.08466   6.00234   1.38179   3.45082   5.79455   4.44433   3.71585   0.49115   0.27656   0.08796   0.00000   0.04278   0.35990   0.18208   0.40674   0.37191   0.15618   0.12538   0.17875   0.75057   0.04124   0.00000   0.70551   0.00000   1.42267   0.03501   0.57953   0.05527   0.12287   0.23913   0.44962   0.61288   1.45351   0.94386   0.68663   0.15925   0.00000   0.07497   0.33974   0.77030   0.00000   0.67406   0.58456   0.98084   0.07177   0.08243   0.14243   0.94560   0.00000   0.44465   0.03109   0.05465   0.04005   0.83812   0.00000   0.44893   0.00000   0.38691   0.16856   0.25269   0.02660   0.08235   0.02556   0.17311   0.02225   0.18556   0.01317   0.19403   0.02636   0.01758   0.08182   0.03093   0.00000   0.00000   0.56805   0.05551   0.10169   0.01703   0.00000   0.01443   0.07760   0.03066   0.00000   0.00000   0.08071   0.15712   0.01169   0.04985   0.00000   0.01264   0.05266   0.00000   0.03044   0.00806   0.01541   0.03223   0.04847   0.03983   0.03507   0.05346   0.04829   0.00000   0.31118   0.02341   0.22739   0.00000   0.20391   0.05842   0.03024   0.00000   0.05548   0.01092   0.68633   0.05972   0.28232   0.00000   0.24244   0.02930   0.01399   0.12144   0.13462   0.18164   0.11741   0.00000   0.02391   0.00834   0.01625   0.02829   0.05635   0.03674   0.15317   0.00000   0.27972   0.13880   0.00000   0.00000   0.42183   0.12682   0.04917   2.22159   3.56567   2.33541   1.44304   1.85447   0.30599   0.88985   1.63922   0.09263   3.20508   2.39086   1.78416   0.99333   0.39359   5.10493   1.00000  
170 489.7140  11740.429043  x:  2.22720   7.64638   2.10010   6.06739   1.38601   3.48556   5.85432   4.48530   3.75086   0.49436   0.28321   0.08780   0.00000   0.04641   0.35790   0.17946   0.40280   0.36855   0.15116   0.12923   0.17779   0.76450   0.03868   0.00000   0.71817   0.00000   1.42731   0.03495   0.57653   0.05225   0.11253   0.23657   0.44789   0.61041   1.46107   0.94881   0.67894   0.16210   0.00000   0.07205   0.35330   0.78207   0.00000   0.68619   0.58531   0.98466   0.07293   0.08487   0.14654   0.95937   0.00000   0.44708   0.02921   0.05869   0.03980   0.85998   0.00000   0.45308   0.00000   0.38898   0.16369   0.25213   0.02875   0.08383   0.02289   0.17635   0.02719   0.19005   0.01387   0.19817   0.02509   0.01753   0.08318   0.02865   0.00000   0.00000   0.55358   0.05360   0.10431   0.01699   0.00000   0.01538   0.07360   0.03242   0.00000   0.00000   0.08144   0.16331   0.01211   0.04827   0.00000   0.01294   0.05455   0.00000   0.03192   0.00821   0.01497   0.03355   0.05109   0.04027   0.03538   0.05097   0.05043   0.00000   0.30668   0.02180   0.23062   0.00000   0.20045   0.05789   0.02370   0.00000   0.05658   0.02753   0.67660   0.06034   0.28568   0.00000   0.23887   0.03374   0.01159   0.12117   0.13380   0.18437   0.11664   0.00000   0.02436   0.00832   0.01623   0.02724   0.05575   0.03451   0.15607   0.00000   0.28036   0.14085   0.00000   0.00000   0.42590   0.13064   0.05438   2.23975   3.59682   2.35616   1.45592   1.86900   0.30896   0.89843   1.64560   0.08496   3.23660   2.40972   1.78486   0.99316   0.39761   5.13771   1.00000  
171 610.1717  11738.538645  x:  2.25525   7.78321   2.12370   6.16955   1.39173   3.53971   5.94811   4.54918   3.80532   0.49565   0.29907   0.09118   0.00000   0.05021   0.34244   0.18550   0.39546   0.36420   0.14606   0.13685   0.16977   0.78825   0.02914   0.00000   0.73624   0.00000   1.43453   0.04177   0.56859   0.05589   0.10485   0.22969   0.44164   0.60326   1.47500   0.95557   0.66069   0.16483   0.00000   0.06649   0.37249   0.80671   0.00000   0.70995   0.58293   0.99061   0.07137   0.08616   0.15286   0.98783   0.00000   0.44777   0.02527   0.07311   0.02769   0.90077   0.00000   0.45842   0.00000   0.39380   0.15483   0.25344   0.03977   0.07426   0.02213   0.17638   0.03003   0.20102   0.01430   0.20465   0.02352   0.01801   0.08168   0.02565   0.00000   0.00000   0.52743   0.05708   0.11190   0.01751   0.00000   0.02009   0.06694   0.03816   0.00000   0.00000   0.08361   0.16901   0.01311   0.04751   0.00000   0.01104   0.05766   0.00000   0.03244   0.00854   0.01543   0.02913   0.06246   0.04096   0.03454   0.04190   0.05344   0.00000   0.29144   0.02139   0.23912   0.00000   0.20102   0.06121   0.02913   0.00000   0.04847   0.02163   0.65602   0.05766   0.28693   0.00000   0.23334   0.03284   0.01060   0.11765   0.13305   0.18984   0.12222   0.00000   0.02455   0.00831   0.01582   0.04412   0.05318   0.02633   0.16097   0.00000   0.27915   0.14386   0.00000   0.00000   0.43084   0.13530   0.05413   2.26780   3.64484   2.38819   1.47520   1.89168   0.31537   0.91215   1.65440   0.07213   3.28525   2.43820   1.78702   0.99295   0.40498   5.18765   1.00000  
172 278.2421  11736.588925  x:  2.28231   7.91784   2.14616   6.26977   1.39643   3.59242   6.04005   4.61139   3.85821   0.49353   0.31621   0.09432   0.00000   0.04745   0.31691   0.19832   0.38853   0.36205   0.14623   0.14503   0.15721   0.81249   0.01456   0.00000   0.75131   0.00000   1.44148   0.05023   0.55838   0.06607   0.10946   0.22208   0.43288   0.59365   1.49055   0.96108   0.63757   0.16627   0.00000   0.07060   0.38834   0.83624   0.00000   0.73712   0.57670   0.99643   0.06715   0.08487   0.15830   1.02199   0.00000   0.44693   0.01962   0.08075   0.00961   0.94560   0.00000   0.46182   0.00000   0.39923   0.14742   0.25714   0.04309   0.05839   0.02693   0.16964   0.03243   0.21097   0.01350   0.20867   0.02190   0.01803   0.07891   0.02702   0.00000   0.00000   0.50168   0.06145   0.11681   0.01733   0.00000   0.01278   0.06596   0.03564   0.00000   0.00000   0.08308   0.16930   0.01201   0.05472   0.00000   0.01103   0.05301   0.00000   0.02886   0.00826   0.01545   0.03367   0.06027   0.04022   0.03589   0.04971   0.05341   0.00000   0.27154   0.02370   0.24902   0.00000   0.20643   0.06463   0.03462   0.00000   0.05062   0.02238   0.63218   0.05550   0.28349   0.00000   0.22941   0.02574   0.02006   0.11377   0.13388   0.19432   0.13075   0.00000   0.02455   0.00841   0.01614   0.03024   0.05602   0.02778   0.16530   0.00000   0.27654   0.14525   0.00000   0.00000   0.43378   0.13555   0.04326   2.29486   3.69101   2.41904   1.49314   1.91382   0.32302   0.92550   1.66176   0.05877   3.33207   2.46497   1.79086   0.99287   0.40364   5.23566   1.00000  
173 270.3580  11735.726695  x:  2.29478   7.98197   2.15630   6.31728   1.39797   3.61710   6.08358   4.64053   3.88288   0.49077   0.32283   0.09340   0.00000   0.04327   0.30052   0.20594   0.38656   0.36298   0.15046   0.14897   0.15018   0.82392   0.00457   0.00000   0.75587   0.00000   1.44461   0.05132   0.55213   0.07224   0.11914   0.21920   0.42765   0.58767   1.49910   0.96283   0.62386   0.16668   0.00000   0.07504   0.39321   0.85337   0.00000   0.75211   0.57071   0.99927   0.06687   0.08534   0.16002   1.04227   0.00000   0.44749   0.02113   0.07645   0.00408   0.96905   0.00000   0.46143   0.00000   0.40169   0.14579   0.25999   0.04195   0.05950   0.02621   0.16249   0.03341   0.21237   0.01325   0.20816   0.02398   0.01766   0.08006   0.02807   0.00000   0.00000   0.49197   0.06218   0.11509   0.01747   0.00000   0.02347   0.07222   0.03298   0.00000   0.00000   0.08199   0.16623   0.01157   0.05138   0.00000   0.01113   0.05168   0.00000   0.03543   0.00807   0.01545   0.02886   0.05164   0.04022   0.03564   0.05135   0.05070   0.00000   0.26270   0.02741   0.25297   0.00000   0.21007   0.06384   0.02662   0.00000   0.05470   0.02193   0.61960   0.05634   0.27879   0.00000   0.22952   0.02361   0.01899   0.11228   0.13515   0.19447   0.13162   0.00000   0.02434   0.00836   0.01609   0.03192   0.05624   0.02947   0.16608   0.00000   0.27429   0.14357   0.00000   0.00000   0.43380   0.13541   0.03986   2.30733   3.71221   2.43324   1.50093   1.92422   0.32728   0.93142   1.66429   0.05189   3.35360   2.47680   1.79401   0.99285   0.39935   5.25750   1.00000  
174 176.5649  11735.223080  x:  2.29905   8.00488   2.15967   6.33416   1.39821   3.62574   6.09902   4.65071   3.89147   0.48930   0.32427   0.09209   0.00000   0.04227   0.29396   0.20872   0.38657   0.36405   0.15321   0.15030   0.14779   0.82782   0.00000   0.00000   0.75633   0.00000   1.44563   0.05020   0.54941   0.07428   0.12454   0.21861   0.42552   0.58505   1.50260   0.96312   0.61809   0.16689   0.00000   0.07520   0.39379   0.86061   0.00000   0.75819   0.56730   1.00033   0.06761   0.08603   0.16023   1.05101   0.00000   0.44820   0.02347   0.07276   0.00413   0.97800   0.00000   0.46042   0.00000   0.40242   0.14607   0.26121   0.04099   0.06271   0.02567   0.15943   0.03387   0.21141   0.01331   0.20705   0.02391   0.01778   0.08103   0.02798   0.00000   0.00000   0.48989   0.06179   0.11240   0.01743   0.00000   0.02046   0.07403   0.03331   0.00000   0.00000   0.08197   0.16375   0.01193   0.04867   0.00000   0.01145   0.05237   0.00000   0.03357   0.00817   0.01549   0.03059   0.05066   0.04042   0.03549   0.04964   0.04888   0.00000   0.26054   0.02855   0.25358   0.00000   0.21141   0.06297   0.02718   0.00000   0.05408   0.02219   0.61501   0.05631   0.27614   0.00000   0.23055   0.02460   0.01808   0.11225   0.13572   0.19372   0.13064   0.00000   0.02440   0.00836   0.01609   0.03363   0.05547   0.02944   0.16563   0.00000   0.27321   0.14228   0.00000   0.00000   0.43331   0.13592   0.04146   2.31160   3.71944   2.43810   1.50340   1.92786   0.32898   0.93327   1.66478   0.04921   3.36097   2.48063   1.79559   0.99285   0.39852   5.26471   1.00000  
175 147.5594  11735.223080  x:  2.29905   8.00488   2.15967   6.33416   1.39821   3.62574   6.09902   4.65071   3.89147   0.48930   0.32427   0.09209   0.00000   0.04227   0.29396   0.20872   0.38657   0.36405   0.15321   0.15030   0.14779   0.82782   0.00000   0.00000   0.75633   0.00000   1.44563   0.05020   0.54941   0.07428   0.12454   0.21861   0.42552   0.58505   1.50260   0.96312   0.61809   0.16689   0.00000   0.07520   0.39379   0.86061   0.00000   0.75819   0.56730   1.00033   0.06761   0.08603   0.16023   1.05101   0.00000   0.44820   0.02347   0.07276   0.00413   0.97800   0.00000   0.46042   0.00000   0.40242   0.14607   0.26121   0.04099   0.06271   0.02567   0.15943   0.03387   0.21141   0.01331   0.20705   0.02391   0.01778   0.08103   0.02798   0.00000   0.00000   0.48989   0.06179   0.11240   0.01743   0.00000   0.02046   0.07403   0.03331   0.00000   0.00000   0.08197   0.16375   0.01193   0.04867   0.00000   0.01145   0.05237   0.00000   0.03357   0.00817   0.01549   0.03059   0.05066   0.04042   0.03549   0.04964   0.04888   0.00000   0.26054   0.02855   0.25358   0.00000   0.21141   0.06297   0.02718   0.00000   0.05408   0.02219   0.61501   0.05631   0.27614   0.00000   0.23055   0.02460   0.01808   0.11225   0.13572   0.19372   0.13064   0.00000   0.02440   0.00836   0.01609   0.03363   0.05547   0.02944   0.16563   0.00000   0.27321   0.14228   0.00000   0.00000   0.43331   0.13592   0.04146   2.31160   3.71944   2.43810   1.50340   1.92786   0.32898   0.93327   1.66478   0.04921   3.36097   2.48063   1.79559   0.99285   0.39852   5.26471   1.00000  
176 83.6535  11734.814527  x:  2.29906   8.00498   2.15967   6.33423   1.39820   3.62577   6.09908   4.65075   3.89150   0.48935   0.32415   0.09208   0.00000   0.04227   0.29407   0.20885   0.38666   0.36416   0.15349   0.15015   0.14785   0.82771   0.00002   0.00000   0.75613   0.00000   1.44562   0.05000   0.54931   0.07446   0.12485   0.21883   0.42555   0.58501   1.50261   0.96308   0.61810   0.16691   0.00000   0.07506   0.39363   0.86066   0.00000   0.75819   0.56720   1.00035   0.06763   0.08600   0.16020   1.05107   0.00000   0.44822   0.02316   0.07239   0.00423   0.97793   0.00000   0.46036   0.00000   0.40242   0.14631   0.26120   0.04090   0.06273   0.02576   0.15938   0.03365   0.21131   0.01283   0.20699   0.02490   0.01739   0.08099   0.02735   0.00000   0.00000   0.48997   0.06184   0.11218   0.01689   0.00000   0.01990   0.07400   0.03310   0.00000   0.00000   0.08196   0.16362   0.01140   0.04859   0.00000   0.01195   0.05264   0.00000   0.03331   0.00786   0.01545   0.03064   0.05102   0.04037   0.03506   0.04927   0.04900   0.00000   0.26079   0.02853   0.25353   0.00000   0.21155   0.06299   0.02708   0.00000   0.05386   0.02184   0.61494   0.05639   0.27601   0.00000   0.23080   0.02482   0.01829   0.11233   0.13576   0.19366   0.13056   0.00000   0.02422   0.00795   0.01594   0.03331   0.05538   0.02926   0.16554   0.00000   0.27316   0.14230   0.00000   0.00000   0.43330   0.13592   0.04156   2.31161   3.71946   2.43811   1.50340   1.92788   0.32896   0.93322   1.66476   0.04919   3.36098   2.48063   1.79552   0.99656   0.39912   5.26467   1.00000  
177 153.1517  11734.068687  x:  2.29913   8.00577   2.15968   6.33476   1.39807   3.62600   6.09956   4.65100   3.89170   0.48974   0.32310   0.09188   0.00000   0.04213   0.29483   0.20980   0.38729   0.36496   0.15556   0.14883   0.14820   0.82678   0.00014   0.00000   0.75451   0.00000   1.44544   0.04831   0.54852   0.07576   0.12724   0.22043   0.42564   0.58460   1.50270   0.96277   0.61809   0.16699   0.00000   0.07379   0.39240   0.86100   0.00000   0.75818   0.56643   1.00045   0.06766   0.08560   0.15987   1.05146   0.00000   0.44831   0.02068   0.06942   0.00488   0.97730   0.00000   0.45977   0.00000   0.40231   0.14803   0.26106   0.03996   0.06277   0.02619   0.15890   0.03177   0.21037   0.00918   0.20644   0.03185   0.01444   0.08053   0.02255   0.00000   0.00000   0.49045   0.06205   0.11034   0.01308   0.00000   0.01554   0.07364   0.03138   0.00000   0.00000   0.08180   0.16250   0.00756   0.04784   0.00000   0.01485   0.05449   0.00000   0.03120   0.00580   0.01503   0.03088   0.05357   0.03981   0.03164   0.04630   0.04971   0.00000   0.26267   0.02817   0.25303   0.00000   0.21258   0.06298   0.02621   0.00000   0.05200   0.01916   0.61429   0.05683   0.27483   0.00000   0.23265   0.02632   0.01969   0.11279   0.13586   0.19307   0.12974   0.00000   0.02279   0.00549   0.01484   0.03082   0.05452   0.02757   0.16473   0.00000   0.27266   0.14226   0.00000   0.00000   0.43313   0.13579   0.04217   2.31168   3.71957   2.43820   1.50338   1.92799   0.32872   0.93283   1.66461   0.04905   3.36111   2.48062   1.79501   0.99590   0.40418   5.26431   1.00000  
178 106.7938  11733.764821  x:  2.29920   8.00660   2.15968   6.33533   1.39794   3.62623   6.10007   4.65127   3.89192   0.49013   0.32202   0.09169   0.00000   0.04202   0.29559   0.21074   0.38794   0.36577   0.15764   0.14749   0.14857   0.82581   0.00024   0.00000   0.75279   0.00000   1.44526   0.04659   0.54767   0.07708   0.12963   0.22205   0.42573   0.58417   1.50279   0.96244   0.61808   0.16707   0.00000   0.07273   0.39110   0.86137   0.00000   0.75817   0.56561   1.00054   0.06772   0.08521   0.15953   1.05186   0.00000   0.44839   0.01920   0.06714   0.00550   0.97663   0.00000   0.45916   0.00000   0.40221   0.14975   0.26091   0.03904   0.06300   0.02641   0.15856   0.03017   0.20946   0.00847   0.20579   0.03570   0.01421   0.08017   0.02068   0.00000   0.00000   0.49096   0.06237   0.10864   0.01383   0.00000   0.01318   0.07355   0.03023   0.00000   0.00000   0.08174   0.16144   0.00851   0.04737   0.00000   0.01434   0.05571   0.00000   0.03017   0.00847   0.01527   0.03103   0.05545   0.03947   0.02958   0.04454   0.05044   0.00000   0.26457   0.02780   0.25251   0.00000   0.21362   0.06292   0.02601   0.00000   0.05066   0.01842   0.61361   0.05733   0.27360   0.00000   0.23447   0.02743   0.02078   0.11321   0.13596   0.19248   0.12893   0.00000   0.02238   0.01001   0.01511   0.02956   0.05390   0.02599   0.16397   0.00000   0.27215   0.14224   0.00000   0.00000   0.43293   0.13563   0.04271   2.31175   3.71969   2.43829   1.50336   1.92811   0.32846   0.93242   1.66445   0.04890   3.36124   2.48061   1.79451   0.99594   0.40874   5.26398   1.00000  
179 96.0285  11733.329470  x:  2.29937   8.00855   2.15969   6.33666   1.39764   3.62679   6.10129   4.65192   3.89244   0.49102   0.31958   0.09137   0.00000   0.04185   0.29735   0.21284   0.38941   0.36760   0.16223   0.14450   0.14948   0.82351   0.00047   0.00000   0.74875   0.00000   1.44483   0.04272   0.54565   0.08004   0.13489   0.22568   0.42592   0.58315   1.50301   0.96166   0.61806   0.16728   0.00000   0.07093   0.38803   0.86223   0.00000   0.75814   0.56370   1.00077   0.06796   0.08443   0.15873   1.05278   0.00000   0.44859   0.01827   0.06377   0.00679   0.97507   0.00000   0.45774   0.00000   0.40200   0.15356   0.26058   0.03721   0.06392   0.02654   0.15811   0.02724   0.20748   0.01096   0.20424   0.03930   0.01641   0.07961   0.02204   0.00000   0.00000   0.49217   0.06336   0.10534   0.01733   0.00000   0.01261   0.07386   0.02901   0.00000   0.00000   0.08185   0.15932   0.01269   0.04674   0.00000   0.01106   0.05729   0.00000   0.02954   0.00759   0.01554   0.03105   0.05825   0.03925   0.02805   0.04238   0.05206   0.00000   0.26884   0.02701   0.25135   0.00000   0.21594   0.06274   0.02647   0.00000   0.04889   0.01974   0.61203   0.05856   0.27075   0.00000   0.23844   0.02912   0.02254   0.11406   0.13618   0.19119   0.12715   0.00000   0.02292   0.00709   0.01591   0.02900   0.05301   0.02290   0.16242   0.00000   0.27104   0.14224   0.00000   0.00000   0.43244   0.13525   0.04373   2.31192   3.71996   2.43850   1.50330   1.92839   0.32785   0.93143   1.66406   0.04855   3.36154   2.48057   1.79335   0.99599   0.41773   5.26327   1.00000  
180 85.6043  11732.769249  x:  2.29974   8.01260   2.15969   6.33942   1.39701   3.62795   6.10381   4.65327   3.89352   0.49272   0.31489   0.09111   0.00000   0.04181   0.30081   0.21678   0.39229   0.37112   0.17072   0.13899   0.15153   0.81882   0.00094   0.00000   0.74045   0.00000   1.44400   0.03548   0.54147   0.08569   0.14460   0.23258   0.42629   0.58106   1.50349   0.96002   0.61807   0.16775   0.00000   0.06936   0.38169   0.86402   0.00000   0.75806   0.55978   1.00123   0.06881   0.08328   0.15713   1.05467   0.00000   0.44899   0.02173   0.06176   0.00892   0.97185   0.00000   0.45497   0.00000   0.40160   0.16069   0.25994   0.03480   0.06652   0.02645   0.15814   0.02334   0.20392   0.01169   0.20136   0.03737   0.01641   0.07916   0.02677   0.00000   0.00000   0.49469   0.06567   0.10065   0.01446   0.00000   0.01816   0.07518   0.02961   0.00000   0.00000   0.08266   0.15601   0.00983   0.04721   0.00000   0.01420   0.05817   0.00000   0.03156   0.00777   0.01533   0.03097   0.06040   0.03998   0.03103   0.04115   0.05504   0.00000   0.27699   0.02579   0.24918   0.00000   0.22037   0.06240   0.02711   0.00000   0.04843   0.02241   0.60890   0.06126   0.26521   0.00000   0.24567   0.03064   0.02454   0.11548   0.13668   0.18892   0.12423   0.00000   0.02443   0.00850   0.01575   0.03164   0.05286   0.01896   0.16017   0.00000   0.26909   0.14249   0.00000   0.00000   0.43138   0.13452   0.04517   2.31229   3.72053   2.43895   1.50318   1.92900   0.32659   0.92942   1.66324   0.04784   3.36217   2.48048   1.79100   0.99590   0.43125   5.26201   1.00000  
181 82.4897  11732.432717  x:  2.30007   8.01618   2.15969   6.34188   1.39648   3.62897   6.10607   4.65450   3.89449   0.49402   0.31142   0.09154   0.00000   0.04206   0.30357   0.21954   0.39458   0.37382   0.17656   0.13529   0.15357   0.81480   0.00135   0.00000   0.73325   0.00000   1.44336   0.03077   0.53781   0.08996   0.15130   0.23762   0.42657   0.57925   1.50397   0.95859   0.61815   0.16827   0.00000   0.07044   0.37618   0.86563   0.00000   0.75800   0.55643   1.00163   0.06990   0.08286   0.15585   1.05631   0.00000   0.44926   0.02480   0.06274   0.00987   0.96907   0.00000   0.45287   0.00000   0.40129   0.16590   0.25939   0.03449   0.06880   0.02679   0.15960   0.02283   0.20184   0.00906   0.19974   0.03222   0.01437   0.07962   0.02306   0.00000   0.00000   0.49675   0.06748   0.09874   0.01579   0.00000   0.01739   0.07626   0.03080   0.00000   0.00000   0.08351   0.15418   0.00933   0.04817   0.00000   0.01135   0.05687   0.00000   0.03217   0.00829   0.01569   0.03115   0.05859   0.04040   0.03248   0.04459   0.05685   0.00000   0.28297   0.02537   0.24768   0.00000   0.22360   0.06225   0.02606   0.00000   0.05021   0.01977   0.60643   0.06349   0.26109   0.00000   0.25062   0.03027   0.02488   0.11634   0.13721   0.18762   0.12303   0.00000   0.02310   0.00761   0.01525   0.03194   0.05400   0.01922   0.15962   0.00000   0.26797   0.14306   0.00000   0.00000   0.43046   0.13405   0.04564   2.31262   3.72104   2.43934   1.50305   1.92956   0.32551   0.92772   1.66251   0.04722   3.36273   2.48039   1.78881   0.99599   0.43670   5.26114   1.00000  
182 68.3014  11732.267484  x:  2.30032   8.01888   2.15969   6.34374   1.39609   3.62973   6.10779   4.65544   3.89523   0.49481   0.30931   0.09229   0.00000   0.04228   0.30536   0.22104   0.39607   0.37548   0.17967   0.13339   0.15518   0.81189   0.00163   0.00000   0.72797   0.00000   1.44296   0.02872   0.53509   0.09261   0.15490   0.24055   0.42673   0.57794   1.50438   0.95753   0.61827   0.16871   0.00000   0.07193   0.37211   0.86685   0.00000   0.75796   0.55399   1.00194   0.07073   0.08279   0.15498   1.05752   0.00000   0.44939   0.02475   0.06354   0.00987   0.96704   0.00000   0.45155   0.00000   0.40109   0.16883   0.25899   0.03492   0.06974   0.02684   0.16150   0.02365   0.20117   0.01116   0.19933   0.03090   0.01641   0.08027   0.02159   0.00000   0.00000   0.49815   0.06850   0.09879   0.01527   0.00000   0.01506   0.07690   0.03079   0.00000   0.00000   0.08392   0.15364   0.01009   0.04873   0.00000   0.01368   0.05586   0.00000   0.03167   0.00628   0.01532   0.03126   0.05667   0.04028   0.03169   0.04659   0.05745   0.00000   0.28646   0.02529   0.24679   0.00000   0.22540   0.06211   0.02628   0.00000   0.05157   0.01918   0.60482   0.06464   0.25875   0.00000   0.25327   0.02927   0.02444   0.11671   0.13760   0.18716   0.12302   0.00000   0.02283   0.00864   0.01586   0.03101   0.05477   0.02077   0.15998   0.00000   0.26754   0.14359   0.00000   0.00000   0.42980   0.13388   0.04557   2.31287   3.72142   2.43964   1.50294   1.93001   0.32474   0.92649   1.66195   0.04675   3.36315   2.48032   1.78711   0.99585   0.43691   5.26061   1.00000  
183 59.8665  11732.139054  x:  2.30059   8.02176   2.15968   6.34574   1.39568   3.63055   6.10964   4.65645   3.89602   0.49551   0.30741   0.09332   0.00000   0.04243   0.30702   0.22222   0.39746   0.37699   0.18208   0.13194   0.15687   0.80886   0.00186   0.00000   0.72246   0.00000   1.44258   0.02758   0.53225   0.09500   0.15775   0.24306   0.42685   0.57658   1.50485   0.95643   0.61842   0.16920   0.00000   0.07334   0.36784   0.86815   0.00000   0.75792   0.55145   1.00226   0.07147   0.08279   0.15413   1.05878   0.00000   0.44947   0.02333   0.06421   0.00943   0.96491   0.00000   0.45031   0.00000   0.40088   0.17116   0.25859   0.03548   0.06998   0.02653   0.16361   0.02436   0.20094   0.01206   0.19938   0.03144   0.01704   0.08089   0.02252   0.00000   0.00000   0.49953   0.06930   0.09968   0.01465   0.00000   0.01370   0.07749   0.03029   0.00000   0.00000   0.08415   0.15352   0.00952   0.04877   0.00000   0.01463   0.05519   0.00000   0.03110   0.00921   0.01541   0.03135   0.05489   0.04005   0.03052   0.04751   0.05757   0.00000   0.28947   0.02526   0.24595   0.00000   0.22683   0.06190   0.02694   0.00000   0.05245   0.01983   0.60326   0.06537   0.25685   0.00000   0.25536   0.02804   0.02369   0.11694   0.13796   0.18699   0.12349   0.00000   0.02323   0.00715   0.01586   0.03017   0.05519   0.02249   0.16069   0.00000   0.26734   0.14410   0.00000   0.00000   0.42912   0.13382   0.04533   2.31314   3.72184   2.43995   1.50282   1.93050   0.32395   0.92522   1.66136   0.04626   3.36361   2.48024   1.78528   0.99572   0.43524   5.26011   1.00000  
184 72.8252  11731.922384  x:  2.30112   8.02739   2.15967   6.34964   1.39489   3.63214   6.11325   4.65844   3.89757   0.49663   0.30416   0.09554   0.00000   0.04252   0.30985   0.22384   0.39986   0.37949   0.18544   0.12988   0.15998   0.80309   0.00216   0.00000   0.71189   0.00000   1.44192   0.02685   0.52676   0.09899   0.16187   0.24697   0.42699   0.57396   1.50582   0.95431   0.61872   0.17014   0.00000   0.07513   0.35960   0.87069   0.00000   0.75786   0.54659   1.00289   0.07255   0.08270   0.15256   1.06121   0.00000   0.44959   0.01972   0.06550   0.00808   0.96082   0.00000   0.44815   0.00000   0.40046   0.17445   0.25794   0.03625   0.06933   0.02527   0.16733   0.02463   0.20105   0.01026   0.20006   0.03398   0.01502   0.08169   0.02549   0.00000   0.00000   0.50202   0.07033   0.10211   0.01511   0.00000   0.01443   0.07849   0.02916   0.00000   0.00000   0.08431   0.15387   0.00881   0.04781   0.00000   0.01267   0.05482   0.00000   0.03028   0.00741   0.01550   0.03118   0.05286   0.03973   0.02942   0.04725   0.05709   0.00000   0.29427   0.02520   0.24443   0.00000   0.22887   0.06145   0.02772   0.00000   0.05283   0.02118   0.60049   0.06598   0.25413   0.00000   0.25839   0.02595   0.02220   0.11717   0.13852   0.18707   0.12486   0.00000   0.02411   0.00839   0.01525   0.02995   0.05523   0.02495   0.16223   0.00000   0.26725   0.14487   0.00000   0.00000   0.42783   0.13387   0.04477   2.31367   3.72266   2.44058   1.50259   1.93146   0.32246   0.92280   1.66021   0.04530   3.36451   2.48008   1.78178   0.99559   0.43031   5.25916   1.00000  
185 82.0192  11731.701054  x:  2.30183   8.03500   2.15966   6.35491   1.39382   3.63429   6.11814   4.66113   3.89967   0.49764   0.30055   0.09853   0.00000   0.04210   0.31270   0.22479   0.40238   0.38194   0.18752   0.12820   0.16338   0.79559   0.00212   0.00000   0.69811   0.00000   1.44116   0.02797   0.51960   0.10291   0.16482   0.25034   0.42696   0.57055   1.50716   0.95156   0.61907   0.17128   0.00000   0.07476   0.34875   0.87405   0.00000   0.75778   0.54026   1.00373   0.07296   0.08216   0.15071   1.06438   0.00000   0.44975   0.01748   0.06808   0.00591   0.95546   0.00000   0.44567   0.00000   0.39984   0.17653   0.25733   0.03594   0.06726   0.02311   0.17078   0.02268   0.20189   0.00902   0.20139   0.03550   0.01590   0.08165   0.02332   0.00000   0.00000   0.50485   0.07039   0.10478   0.01545   0.00000   0.01722   0.07893   0.02916   0.00000   0.00000   0.08410   0.15487   0.01142   0.04686   0.00000   0.01414   0.05594   0.00000   0.03186   0.00799   0.01540   0.03095   0.05468   0.03998   0.03178   0.04459   0.05558   0.00000   0.29875   0.02515   0.24248   0.00000   0.23013   0.06091   0.02617   0.00000   0.05101   0.01942   0.59725   0.06548   0.25234   0.00000   0.26065   0.02524   0.02129   0.11717   0.13884   0.18763   0.12674   0.00000   0.02310   0.00772   0.01615   0.03186   0.05413   0.02522   0.16379   0.00000   0.26749   0.14518   0.00000   0.00000   0.42620   0.13417   0.04427   2.31438   3.72375   2.44142   1.50227   1.93277   0.32057   0.91965   1.65864   0.04401   3.36571   2.47985   1.77739   0.99542   0.42366   5.25787   1.00000  
186 62.0799  11731.512152  x:  2.30256   8.04281   2.15964   6.36032   1.39273   3.63650   6.12315   4.66388   3.90183   0.49821   0.29744   0.10127   0.00000   0.04138   0.31466   0.22472   0.40423   0.38357   0.18766   0.12719   0.16586   0.78820   0.00155   0.00000   0.68450   0.00000   1.44046   0.03005   0.51254   0.10552   0.16571   0.25209   0.42670   0.56719   1.50857   0.94886   0.61932   0.17225   0.00000   0.07276   0.33790   0.87740   0.00000   0.75771   0.53400   1.00459   0.07260   0.08136   0.14909   1.06753   0.00000   0.45000   0.01808   0.07057   0.00401   0.95016   0.00000   0.44352   0.00000   0.39916   0.17708   0.25694   0.03507   0.06583   0.02214   0.17279   0.02034   0.20301   0.01256   0.20265   0.03396   0.01606   0.08081   0.02184   0.00000   0.00000   0.50718   0.06923   0.10590   0.01501   0.00000   0.01556   0.07801   0.03009   0.00000   0.00000   0.08360   0.15576   0.00862   0.04666   0.00000   0.01183   0.05697   0.00000   0.03191   0.00791   0.01545   0.03096   0.05714   0.04012   0.03246   0.04261   0.05409   0.00000   0.30156   0.02535   0.24065   0.00000   0.23022   0.06051   0.02597   0.00000   0.04939   0.01989   0.59439   0.06448   0.25199   0.00000   0.26143   0.02630   0.02165   0.11695   0.13873   0.18832   0.12809   0.00000   0.02290   0.00808   0.01507   0.03177   0.05324   0.02352   0.16461   0.00000   0.26790   0.14480   0.00000   0.00000   0.42465   0.13452   0.04412   2.31511   3.72488   2.44229   1.50196   1.93411   0.31877   0.91653   1.65703   0.04269   3.36695   2.47962   1.77341   0.99551   0.41904   5.25646   1.00000  
187 69.3942  11731.286540  x:  2.30357   8.05360   2.15961   6.36779   1.39120   3.63956   6.13007   4.66767   3.90480   0.49850   0.29377   0.10446   0.00000   0.04047   0.31629   0.22365   0.40599   0.38488   0.18595   0.12635   0.16794   0.77842   0.00017   0.00000   0.66642   0.00000   1.43960   0.03294   0.50322   0.10758   0.16487   0.25276   0.42610   0.56279   1.51051   0.94529   0.61952   0.17331   0.00000   0.06994   0.32330   0.88188   0.00000   0.75763   0.52569   1.00575   0.07169   0.08036   0.14725   1.07174   0.00000   0.45046   0.01933   0.07185   0.00226   0.94309   0.00000   0.44100   0.00000   0.39824   0.17676   0.25664   0.03418   0.06585   0.02267   0.17381   0.01797   0.20436   0.01023   0.20401   0.03053   0.01465   0.07939   0.02412   0.00000   0.00000   0.50974   0.06685   0.10583   0.01497   0.00000   0.01231   0.07596   0.03102   0.00000   0.00000   0.08269   0.15684   0.01040   0.04810   0.00000   0.01339   0.05715   0.00000   0.03098   0.00768   0.01536   0.03113   0.05934   0.03989   0.03076   0.04327   0.05296   0.00000   0.30350   0.02595   0.23854   0.00000   0.22924   0.06026   0.02685   0.00000   0.04894   0.02123   0.59096   0.06331   0.25274   0.00000   0.26097   0.02823   0.02289   0.11641   0.13817   0.18915   0.12890   0.00000   0.02367   0.00787   0.01560   0.03002   0.05309   0.02049   0.16485   0.00000   0.26850   0.14374   0.00000   0.00000   0.42271   0.13485   0.04426   2.31612   3.72642   2.44348   1.50153   1.93593   0.31645   0.91236   1.65480   0.04087   3.36865   2.47930   1.76867   0.99564   0.41597   5.25440   1.00000  
188 82.4414  11731.253685  x:  2.30365   8.05453   2.15961   6.36843   1.39107   3.63982   6.13067   4.66799   3.90506   0.49849   0.29350   0.10468   0.00000   0.04044   0.31634   0.22351   0.40607   0.38492   0.18569   0.12631   0.16800   0.77762   0.00000   0.00000   0.66493   0.00000   1.43953   0.03311   0.50246   0.10764   0.16467   0.25269   0.42603   0.56244   1.51068   0.94500   0.61952   0.17337   0.00000   0.06986   0.32208   0.88226   0.00000   0.75762   0.52501   1.00585   0.07163   0.08032   0.14713   1.07209   0.00000   0.45051   0.01929   0.07170   0.00221   0.94250   0.00000   0.44082   0.00000   0.39817   0.17669   0.25661   0.03416   0.06602   0.02281   0.17380   0.01801   0.20445   0.01016   0.20408   0.03057   0.01485   0.07933   0.02412   0.00000   0.00000   0.50991   0.06665   0.10577   0.01498   0.00000   0.01253   0.07581   0.03100   0.00000   0.00000   0.08262   0.15692   0.01029   0.04817   0.00000   0.01335   0.05706   0.00000   0.03092   0.00768   0.01536   0.03113   0.05927   0.03987   0.03062   0.04344   0.05300   0.00000   0.30352   0.02601   0.23841   0.00000   0.22910   0.06027   0.02684   0.00000   0.04905   0.02112   0.59070   0.06329   0.25286   0.00000   0.26083   0.02831   0.02297   0.11634   0.13811   0.18919   0.12887   0.00000   0.02366   0.00788   0.01561   0.03000   0.05316   0.02035   0.16481   0.00000   0.26855   0.14364   0.00000   0.00000   0.42256   0.13485   0.04429   2.31620   3.72655   2.44358   1.50149   1.93609   0.31626   0.91202   1.65460   0.04071   3.36880   2.47927   1.76834   0.99565   0.41599   5.25421   1.00000  
189 85.0197  11731.007904  x:  2.30496   8.06882   2.15955   6.37829   1.38902   3.64386   6.13979   4.67295   3.90895   0.49811   0.28984   0.10738   0.00000   0.04062   0.31651   0.22117   0.40686   0.38505   0.18130   0.12590   0.16802   0.76587   0.00000   0.00000   0.64316   0.00000   1.43858   0.03439   0.49161   0.10791   0.16090   0.25089   0.42491   0.55749   1.51326   0.94071   0.61939   0.17411   0.00000   0.07070   0.30396   0.88778   0.00000   0.75759   0.51495   1.00732   0.07124   0.08053   0.14575   1.07724   0.00000   0.45140   0.01901   0.06895   0.00232   0.93388   0.00000   0.43851   0.00000   0.39727   0.17532   0.25609   0.03379   0.06830   0.02454   0.17305   0.01960   0.20530   0.01315   0.20455   0.03266   0.01070   0.07925   0.02313   0.00000   0.00000   0.51196   0.06428   0.10457   0.01475   0.00000   0.01332   0.07452   0.03067   0.00000   0.00000   0.08217   0.15764   0.01190   0.04796   0.00000   0.01402   0.05603   0.00000   0.03201   0.00788   0.01538   0.03100   0.05744   0.04004   0.03207   0.04429   0.05469   0.00000   0.30265   0.02660   0.23712   0.00000   0.22686   0.06044   0.02684   0.00000   0.05031   0.02108   0.58731   0.06389   0.25467   0.00000   0.25810   0.02797   0.02349   0.11547   0.13723   0.18947   0.12776   0.00000   0.02346   0.00779   0.01517   0.03143   0.05373   0.02043   0.16411   0.00000   0.26909   0.14251   0.00000   0.00000   0.42051   0.13460   0.04460   2.31751   3.72856   2.44514   1.50092   1.93844   0.31363   0.90687   1.65161   0.03827   3.37101   2.47882   1.76398   0.99579   0.41764   5.25127   1.00000  
190 150.5248  11730.795445  x:  2.30621   8.08272   2.15948   6.38786   1.38699   3.64777   6.14866   4.67775   3.91272   0.49748   0.28691   0.10922   0.00000   0.04159   0.31593   0.21911   0.40704   0.38466   0.17714   0.12579   0.16699   0.75526   0.00000   0.00000   0.62352   0.00000   1.43779   0.03370   0.48221   0.10761   0.15698   0.24849   0.42385   0.55339   1.51576   0.93682   0.61908   0.17450   0.00000   0.07332   0.28720   0.89289   0.00000   0.75761   0.50579   1.00867   0.07161   0.08165   0.14498   1.08196   0.00000   0.45236   0.02055   0.06748   0.00319   0.92596   0.00000   0.43681   0.00000   0.39663   0.17343   0.25543   0.03351   0.06871   0.02479   0.17126   0.02022   0.20523   0.01120   0.20413   0.03408   0.01276   0.08046   0.02317   0.00000   0.00000   0.51324   0.06327   0.10361   0.01458   0.00000   0.00982   0.07486   0.03104   0.00000   0.00000   0.08268   0.15763   0.01187   0.04602   0.00000   0.01358   0.05641   0.00000   0.03349   0.00771   0.01550   0.03103   0.05572   0.04060   0.03570   0.04191   0.05719   0.00000   0.30060   0.02632   0.23677   0.00000   0.22497   0.06073   0.02711   0.00000   0.04986   0.02285   0.58466   0.06535   0.25614   0.00000   0.25526   0.02614   0.02288   0.11495   0.13680   0.18929   0.12620   0.00000   0.02374   0.00785   0.01453   0.03275   0.05326   0.02312   0.16346   0.00000   0.26933   0.14224   0.00000   0.00000   0.41888   0.13403   0.04469   2.31876   3.73050   2.44664   1.50036   1.94068   0.31136   0.90211   1.64866   0.03588   3.37315   2.47836   1.76070   0.99599   0.41990   5.24839   1.00000  
191 112.6448  11730.665083  x:  2.30710   8.09279   2.15941   6.39479   1.38549   3.65060   6.15508   4.68121   3.91541   0.49674   0.28558   0.10969   0.00000   0.04262   0.31482   0.21819   0.40656   0.38396   0.17490   0.12606   0.16533   0.74869   0.00000   0.00000   0.61144   0.00000   1.43741   0.03134   0.47701   0.10723   0.15448   0.24641   0.42321   0.55143   1.51759   0.93437   0.61865   0.17442   0.00000   0.07507   0.27628   0.89623   0.00000   0.75769   0.49997   1.00953   0.07223   0.08290   0.14508   1.08497   0.00000   0.45301   0.02227   0.06779   0.00395   0.92083   0.00000   0.43625   0.00000   0.39641   0.17184   0.25495   0.03372   0.06691   0.02324   0.16933   0.01994   0.20432   0.01161   0.20293   0.03291   0.01206   0.08180   0.02331   0.00000   0.00000   0.51342   0.06447   0.10398   0.01561   0.00000   0.01112   0.07688   0.03133   0.00000   0.00000   0.08370   0.15703   0.01118   0.04532   0.00000   0.01401   0.05786   0.00000   0.03184   0.00779   0.01515   0.03131   0.05607   0.04032   0.03424   0.04003   0.05897   0.00000   0.29811   0.02511   0.23745   0.00000   0.22425   0.06124   0.02683   0.00000   0.04808   0.02226   0.58355   0.06649   0.25677   0.00000   0.25356   0.02502   0.02199   0.11521   0.13707   0.18874   0.12508   0.00000   0.02365   0.00773   0.01686   0.03026   0.05242   0.02605   0.16302   0.00000   0.26910   0.14300   0.00000   0.00000   0.41818   0.13346   0.04466   2.31966   3.73187   2.44770   1.49993   1.94226   0.31009   0.89900   1.64648   0.03412   3.37466   2.47799   1.75942   0.99614   0.42109   5.24630   1.00000  
192 62.6597  11730.597480  x:  2.30762   8.09882   2.15935   6.39892   1.38458   3.65227   6.15891   4.68325   3.91701   0.49615   0.28524   0.10952   0.00000   0.04304   0.31386   0.21807   0.40600   0.38339   0.17425   0.12644   0.16402   0.74550   0.00000   0.00000   0.60566   0.00000   1.43730   0.02941   0.47495   0.10716   0.15346   0.24519   0.42295   0.55090   1.51870   0.93316   0.61829   0.17418   0.00000   0.07516   0.27057   0.89799   0.00000   0.75777   0.49702   1.00995   0.07241   0.08349   0.14549   1.08648   0.00000   0.45330   0.02228   0.06806   0.00410   0.91814   0.00000   0.43630   0.00000   0.39637   0.17108   0.25478   0.03433   0.06533   0.02231   0.16809   0.02000   0.20340   0.01181   0.20191   0.03219   0.01231   0.08229   0.02345   0.00000   0.00000   0.51311   0.06608   0.10447   0.01419   0.00000   0.01175   0.07832   0.03104   0.00000   0.00000   0.08426   0.15635   0.01239   0.04578   0.00000   0.01366   0.05851   0.00000   0.03135   0.00786   0.01556   0.03125   0.05713   0.04011   0.03278   0.04050   0.05960   0.00000   0.29631   0.02410   0.23828   0.00000   0.22424   0.06167   0.02663   0.00000   0.04746   0.02178   0.58337   0.06676   0.25692   0.00000   0.25295   0.02527   0.02155   0.11571   0.13750   0.18828   0.12468   0.00000   0.02362   0.00782   0.01432   0.03015   0.05216   0.02703   0.16271   0.00000   0.26871   0.14380   0.00000   0.00000   0.41806   0.13314   0.04471   2.32017   3.73268   2.44832   1.49966   1.94317   0.30958   0.89736   1.64516   0.03304   3.37555   2.47775   1.75924   0.99623   0.42105   5.24507   1.00000  
193 52.0363  11730.490667  x:  2.30862   8.11068   2.15921   6.40705   1.38274   3.65556   6.16643   4.68724   3.92011   0.49475   0.28540   0.10846   0.00000   0.04315   0.31157   0.21862   0.40444   0.38209   0.17444   0.12758   0.16121   0.74063   0.00000   0.00000   0.59711   0.00000   1.43736   0.02569   0.47292   0.10763   0.15260   0.24303   0.42270   0.55109   1.52092   0.93126   0.61742   0.17341   0.00000   0.07342   0.26097   0.90100   0.00000   0.75799   0.49220   1.01059   0.07207   0.08394   0.14692   1.08892   0.00000   0.45365   0.02029   0.06847   0.00361   0.91360   0.00000   0.43708   0.00000   0.39637   0.17023   0.25481   0.03637   0.06256   0.02168   0.16585   0.02141   0.20123   0.01180   0.19968   0.03220   0.01220   0.08214   0.02340   0.00000   0.00000   0.51173   0.07019   0.10533   0.01525   0.00000   0.01047   0.08046   0.02982   0.00000   0.00000   0.08491   0.15453   0.01106   0.04738   0.00000   0.01389   0.05859   0.00000   0.03255   0.00769   0.01530   0.03078   0.05942   0.04018   0.03203   0.04267   0.05986   0.00000   0.29255   0.02229   0.24052   0.00000   0.22496   0.06256   0.02671   0.00000   0.04814   0.02219   0.58385   0.06637   0.25677   0.00000   0.25264   0.02750   0.02100   0.11716   0.13859   0.18723   0.12450   0.00000   0.02361   0.00777   0.01521   0.03306   0.05257   0.02661   0.16194   0.00000   0.26756   0.14562   0.00000   0.00000   0.41835   0.13267   0.04498   2.32117   3.73422   2.44951   1.49910   1.94491   0.30903   0.89456   1.64249   0.03089   3.37725   2.47722   1.75990   0.99627   0.41936   5.24268   1.00000  
194 42.9759  11730.409763  x:  2.30952   8.12166   2.15906   6.41455   1.38101   3.65859   6.17337   4.69090   3.92296   0.49332   0.28618   0.10715   0.00000   0.04256   0.30947   0.21971   0.40278   0.38088   0.17588   0.12886   0.15904   0.73747   0.00000   0.00000   0.59197   0.00000   1.43767   0.02452   0.47280   0.10889   0.15307   0.24162   0.42276   0.55227   1.52303   0.92999   0.61652   0.17253   0.00000   0.07201   0.25373   0.90335   0.00000   0.75826   0.48870   1.01100   0.07116   0.08361   0.14867   1.09065   0.00000   0.45381   0.01972   0.06955   0.00265   0.91015   0.00000   0.43823   0.00000   0.39626   0.16993   0.25532   0.03770   0.06200   0.02216   0.16420   0.02345   0.19956   0.01165   0.19817   0.03304   0.01229   0.08119   0.02322   0.00000   0.00000   0.50989   0.07322   0.10489   0.01373   0.00000   0.01073   0.08091   0.02991   0.00000   0.00000   0.08489   0.15292   0.01168   0.04690   0.00000   0.01301   0.05739   0.00000   0.03248   0.00770   0.01546   0.03137   0.05888   0.04042   0.03428   0.04205   0.05967   0.00000   0.28971   0.02228   0.24269   0.00000   0.22586   0.06287   0.02692   0.00000   0.04902   0.02253   0.58487   0.06574   0.25615   0.00000   0.25298   0.02903   0.02061   0.11816   0.13920   0.18640   0.12485   0.00000   0.02365   0.00782   0.01627   0.03025   0.05302   0.02473   0.16120   0.00000   0.26638   0.14667   0.00000   0.00000   0.41897   0.13244   0.04528   2.32207   3.73562   2.45059   1.49856   1.94646   0.30897   0.89237   1.63999   0.02887   3.37879   2.47670   1.76120   0.99631   0.41738   5.24046   1.00000  
195 34.9309  11730.352303  x:  2.31024   8.13057   2.15892   6.42062   1.37959   3.66104   6.17899   4.69384   3.92525   0.49215   0.28701   0.10609   0.00000   0.04206   0.30791   0.22070   0.40143   0.37994   0.17740   0.12992   0.15767   0.73546   0.00000   0.00000   0.58894   0.00000   1.43801   0.02477   0.47333   0.11017   0.15388   0.24078   0.42291   0.55356   1.52476   0.92916   0.61578   0.17181   0.00000   0.07167   0.24856   0.90507   0.00000   0.75850   0.48624   1.01125   0.07047   0.08329   0.15022   1.09186   0.00000   0.45393   0.01981   0.07033   0.00192   0.90768   0.00000   0.43925   0.00000   0.39605   0.16962   0.25589   0.03805   0.06213   0.02242   0.16305   0.02442   0.19857   0.01166   0.19736   0.03334   0.01229   0.08052   0.02333   0.00000   0.00000   0.50823   0.07474   0.10400   0.01572   0.00000   0.01097   0.08062   0.03013   0.00000   0.00000   0.08468   0.15189   0.01141   0.04617   0.00000   0.01426   0.05671   0.00000   0.03203   0.00774   0.01529   0.03148   0.05768   0.04034   0.03488   0.04092   0.05951   0.00000   0.28787   0.02293   0.24431   0.00000   0.22653   0.06275   0.02683   0.00000   0.04909   0.02224   0.58585   0.06535   0.25543   0.00000   0.25339   0.02942   0.02055   0.11864   0.13939   0.18587   0.12527   0.00000   0.02366   0.00780   0.01444   0.02926   0.05302   0.02355   0.16075   0.00000   0.26550   0.14709   0.00000   0.00000   0.41956   0.13232   0.04543   2.32279   3.73674   2.45145   1.49813   1.94770   0.30910   0.89076   1.63795   0.02722   3.38003   2.47627   1.76244   0.99633   0.41601   5.23863   1.00000  
196 57.4904  11730.217827  x:  2.31208   8.15371   2.15856   6.43638   1.37587   3.66738   6.19356   4.70146   3.93118   0.48919   0.28950   0.10355   0.00000   0.04118   0.30445   0.22328   0.39801   0.37764   0.18176   0.13255   0.15523   0.73151   0.00000   0.00000   0.58367   0.00000   1.43913   0.02780   0.47590   0.11380   0.15672   0.23932   0.42353   0.55749   1.52932   0.92749   0.61390   0.17003   0.00000   0.07287   0.23685   0.90908   0.00000   0.75919   0.48073   1.01173   0.06935   0.08277   0.15440   1.09453   0.00000   0.45428   0.02042   0.07112   0.00050   0.90204   0.00000   0.44195   0.00000   0.39517   0.16835   0.25756   0.03700   0.06312   0.02225   0.16066   0.02429   0.19708   0.01185   0.19645   0.03275   0.01221   0.07969   0.02370   0.00000   0.00000   0.50363   0.07597   0.10085   0.01463   0.00000   0.01077   0.07877   0.03025   0.00000   0.00000   0.08386   0.15013   0.01191   0.04445   0.00000   0.01401   0.05654   0.00000   0.03088   0.00783   0.01536   0.03056   0.05431   0.03963   0.03236   0.03952   0.05915   0.00000   0.28436   0.02551   0.24784   0.00000   0.22794   0.06157   0.02636   0.00000   0.04766   0.02125   0.58860   0.06465   0.25320   0.00000   0.25465   0.02814   0.02121   0.11888   0.13910   0.18493   0.12643   0.00000   0.02351   0.00773   0.01532   0.03262   0.05216   0.02253   0.16022   0.00000   0.26364   0.14708   0.00000   0.00000   0.42126   0.13214   0.04546   2.32463   3.73961   2.45367   1.49698   1.95084   0.30985   0.88694   1.63261   0.02292   3.38320   2.47512   1.76595   0.99647   0.41342   5.23380   1.00000  
197 58.0728  11730.074938  x:  2.31423   8.18109   2.15810   6.45501   1.37143   3.67486   6.21076   4.71042   3.93816   0.48607   0.29246   0.10133   0.00000   0.04148   0.30159   0.22565   0.39439   0.37522   0.18623   0.13500   0.15406   0.72829   0.00000   0.00000   0.58024   0.00000   1.44060   0.03126   0.47964   0.11720   0.16001   0.23836   0.42444   0.56231   1.53472   0.92611   0.61188   0.16831   0.00000   0.07462   0.22517   0.91328   0.00000   0.76005   0.47522   1.01205   0.06963   0.08330   0.15922   1.09722   0.00000   0.45484   0.01992   0.06933   0.00015   0.89630   0.00000   0.44481   0.00000   0.39369   0.16674   0.25930   0.03512   0.06390   0.02160   0.15965   0.02208   0.19704   0.01158   0.19695   0.03276   0.01228   0.08055   0.02183   0.00000   0.00000   0.49838   0.07444   0.09879   0.01484   0.00000   0.01192   0.07747   0.02961   0.00000   0.00000   0.08353   0.14991   0.01143   0.04596   0.00000   0.01399   0.05840   0.00000   0.03295   0.00768   0.01527   0.03127   0.05583   0.04030   0.03251   0.04261   0.05854   0.00000   0.28205   0.02714   0.25032   0.00000   0.22890   0.05980   0.02732   0.00000   0.04735   0.02390   0.59179   0.06379   0.25073   0.00000   0.25605   0.02530   0.02245   0.11796   0.13812   0.18458   0.12715   0.00000   0.02356   0.00771   0.01522   0.03083   0.05190   0.02418   0.16079   0.00000   0.26236   0.14588   0.00000   0.00000   0.42331   0.13206   0.04508   2.32678   3.74297   2.45627   1.49565   1.95449   0.31122   0.88286   1.62629   0.01783   3.38692   2.47374   1.77007   0.99645   0.41180   5.22801   1.00000  
198 58.4205  11729.952643  x:  2.31619   8.20626   2.15766   6.47212   1.36730   3.68172   6.22654   4.71861   3.94454   0.48371   0.29488   0.10011   0.00000   0.04238   0.30017   0.22687   0.39160   0.37333   0.18906   0.13635   0.15430   0.72641   0.00000   0.00000   0.57909   0.00000   1.44200   0.03240   0.48312   0.11884   0.16229   0.23796   0.42532   0.56649   1.53966   0.92534   0.61031   0.16725   0.00000   0.07464   0.21629   0.91668   0.00000   0.76086   0.47094   1.01214   0.07057   0.08419   0.16327   1.09933   0.00000   0.45544   0.02062   0.06758   0.00086   0.89181   0.00000   0.44695   0.00000   0.39214   0.16614   0.26034   0.03480   0.06467   0.02238   0.16094   0.02181   0.19822   0.01223   0.19826   0.03340   0.01224   0.08176   0.02489   0.00000   0.00000   0.49414   0.07200   0.09929   0.01484   0.00000   0.01077   0.07777   0.02988   0.00000   0.00000   0.08400   0.15103   0.01104   0.04741   0.00000   0.01360   0.05892   0.00000   0.03277   0.00763   0.01535   0.03128   0.05886   0.04063   0.03435   0.04327   0.05774   0.00000   0.28149   0.02696   0.25100   0.00000   0.22921   0.05897   0.02556   0.00000   0.04837   0.02045   0.59449   0.06268   0.24928   0.00000   0.25712   0.02391   0.02271   0.11658   0.13722   0.18490   0.12695   0.00000   0.02335   0.00785   0.01531   0.03011   0.05265   0.02553   0.16199   0.00000   0.26203   0.14433   0.00000   0.00000   0.42513   0.13220   0.04469   2.32874   3.74604   2.45864   1.49445   1.95781   0.31285   0.87945   1.62049   0.01317   3.39033   2.47246   1.77351   0.99638   0.41166   5.22262   1.00000  
199 68.1504  11729.720086  x:  2.32013   8.25741   2.15674   6.50686   1.35886   3.69566   6.25858   4.73521   3.95748   0.47989   0.29895   0.09895   0.00000   0.04392   0.29929   0.22758   0.38702   0.37020   0.19231   0.13740   0.15641   0.72421   0.00000   0.00000   0.57958   0.00000   1.44490   0.03086   0.48976   0.11944   0.16523   0.23775   0.42709   0.57424   1.54965   0.92455   0.60771   0.16608   0.00000   0.07250   0.20132   0.92289   0.00000   0.76257   0.46348   1.01197   0.07218   0.08535   0.17061   1.10309   0.00000   0.45663   0.02393   0.06555   0.00317   0.88393   0.00000   0.45038   0.00000   0.38896   0.16653   0.26119   0.03611   0.06556   0.02467   0.16593   0.02370   0.20170   0.01145   0.20139   0.03327   0.01231   0.08314   0.02274   0.00000   0.00000   0.48700   0.06730   0.10386   0.01486   0.00000   0.01152   0.08008   0.03099   0.00000   0.00000   0.08523   0.15483   0.01175   0.04747   0.00000   0.01344   0.05707   0.00000   0.02976   0.00783   0.01516   0.03041   0.06148   0.03956   0.03351   0.03990   0.05612   0.00000   0.28270   0.02525   0.25008   0.00000   0.22905   0.05888   0.02812   0.00000   0.05064   0.02193   0.59942   0.06030   0.24825   0.00000   0.25876   0.02453   0.02188   0.11388   0.13610   0.18637   0.12554   0.00000   0.02415   0.00770   0.01521   0.03212   0.05388   0.02619   0.16468   0.00000   0.26270   0.14141   0.00000   0.00000   0.42868   0.13287   0.04417   2.33267   3.75223   2.46344   1.49207   1.96449   0.31671   0.87306   1.60874   0.00376   3.39722   2.46989   1.77955   0.99624   0.41323   5.21159   1.00000  
200 88.7956  11729.571943  x:  2.32171   8.27812   2.15635   6.52092   1.35543   3.70129   6.27153   4.74191   3.96270   0.47881   0.30004   0.09896   0.00000   0.04381   0.29968   0.22720   0.38574   0.36933   0.19257   0.13706   0.15753   0.72389   0.00000   0.00000   0.58071   0.00000   1.44607   0.02926   0.49204   0.11868   0.16560   0.23784   0.42775   0.57688   1.55367   0.92456   0.60696   0.16609   0.00000   0.07216   0.19659   0.92512   0.00000   0.76327   0.46096   1.01175   0.07206   0.08504   0.17309   1.10440   0.00000   0.45693   0.02399   0.06512   0.00381   0.88129   0.00000   0.45137   0.00000   0.38786   0.16696   0.26091   0.03620   0.06493   0.02433   0.16755   0.02358   0.20292   0.01144   0.20230   0.03278   0.01231   0.08272   0.02298   0.00000   0.00000   0.48501   0.06629   0.10561   0.01485   0.00000   0.01136   0.08026   0.03068   0.00000   0.00000   0.08506   0.15621   0.01167   0.04656   0.00000   0.01357   0.05656   0.00000   0.03168   0.00773   0.01564   0.03092   0.05990   0.03968   0.03268   0.03998   0.05601   0.00000   0.28389   0.02524   0.24929   0.00000   0.22877   0.05931   0.02739   0.00000   0.04978   0.02214   0.60106   0.05987   0.24868   0.00000   0.25909   0.02552   0.02152   0.11344   0.13621   0.18706   0.12512   0.00000   0.02344   0.00773   0.01524   0.03163   0.05332   0.02569   0.16528   0.00000   0.26344   0.14096   0.00000   0.00000   0.43000   0.13322   0.04414   2.33426   3.75473   2.46538   1.49115   1.96718   0.31848   0.87069   1.60401   0.00000   3.40000   2.46886   1.78141   0.99624   0.41409   5.20711   1.00000  
201 99.0298  11729.345021  x:  2.32562   8.32958   2.15537   6.55584   1.34687   3.71527   6.30370   4.75854   3.97566   0.47701   0.30158   0.09961   0.00000   0.04277   0.30174   0.22543   0.38370   0.36802   0.19172   0.13505   0.16013   0.72396   0.00000   0.00000   0.58477   0.00000   1.44898   0.02572   0.49677   0.11562   0.16525   0.23830   0.42919   0.58234   1.56359   0.92513   0.60564   0.16698   0.00000   0.07292   0.18732   0.93018   0.00000   0.76501   0.45557   1.01094   0.07103   0.08362   0.17815   1.10722   0.00000   0.45728   0.02268   0.06549   0.00420   0.87573   0.00000   0.45310   0.00000   0.38573   0.16857   0.25950   0.03595   0.06340   0.02237   0.16957   0.02160   0.20478   0.01148   0.20344   0.03290   0.01242   0.08111   0.02266   0.00000   0.00000   0.48199   0.06603   0.10756   0.01464   0.00000   0.01113   0.07896   0.03089   0.00000   0.00000   0.08394   0.15812   0.01183   0.04673   0.00000   0.01340   0.05774   0.00000   0.02931   0.00811   0.01152   0.03028   0.05673   0.04067   0.03485   0.04259   0.05696   0.00000   0.28735   0.02610   0.24729   0.00000   0.22797   0.06044   0.02689   0.00000   0.04789   0.02170   0.60435   0.06018   0.25072   0.00000   0.25922   0.02647   0.02134   0.11379   0.13723   0.18846   0.12492   0.00000   0.02596   0.00771   0.01503   0.03169   0.05244   0.02450   0.16539   0.00000   0.26575   0.14144   0.00000   0.00000   0.43283   0.13393   0.04422   2.33817   3.76092   2.47020   1.48896   1.97387   0.32321   0.86517   1.59231   0.00000   3.40693   2.46634   1.78475   0.99624   0.41516   5.19602   1.00000  
202 150.5580  11729.119900  x:  2.33002   8.38755   2.15425   6.59518   1.33721   3.73100   6.33994   4.77726   3.99025   0.47548   0.30261   0.10064   0.00000   0.04163   0.30452   0.22319   0.38211   0.36707   0.19012   0.13230   0.16275   0.72446   0.00000   0.00000   0.58990   0.00000   1.45224   0.02282   0.50151   0.11184   0.16426   0.23891   0.43067   0.58781   1.57471   0.92608   0.60445   0.16842   0.00000   0.07425   0.17833   0.93559   0.00000   0.76697   0.44999   1.00990   0.06998   0.08223   0.18319   1.11018   0.00000   0.45745   0.02122   0.06692   0.00388   0.87006   0.00000   0.45459   0.00000   0.38373   0.17085   0.25773   0.03567   0.06267   0.02072   0.17071   0.01955   0.20604   0.01164   0.20400   0.03353   0.01250   0.07971   0.02224   0.00000   0.00000   0.47975   0.06688   0.10810   0.01509   0.00000   0.01114   0.07692   0.03173   0.00000   0.00000   0.08271   0.15916   0.01151   0.04791   0.00000   0.01414   0.05969   0.00000   0.02568   0.00791   0.01638   0.02955   0.05520   0.04122   0.03729   0.04451   0.05846   0.00000   0.29124   0.02701   0.24516   0.00000   0.22711   0.06138   0.02757   0.00000   0.04732   0.02140   0.60753   0.06117   0.25321   0.00000   0.25904   0.02630   0.02159   0.11483   0.13856   0.18966   0.12518   0.00000   0.02740   0.00765   0.01543   0.03226   0.05240   0.02366   0.16484   0.00000   0.26839   0.14273   0.00000   0.00000   0.43565   0.13450   0.04425   2.34257   3.76789   2.47562   1.48655   1.98140   0.32869   0.85914   1.57918   0.00000   3.41474   2.46352   1.78775   0.99611   0.41541   5.18358   1.00000  
203 319.6679  11728.437237  x:  2.34329   8.56281   2.15080   6.71409   1.30798   3.77854   6.44943   4.83380   4.03434   0.47280   0.30285   0.10462   0.00000   0.04006   0.31414   0.21622   0.38024   0.36643   0.18359   0.12292   0.16883   0.72751   0.00000   0.00000   0.60708   0.00000   1.46202   0.02096   0.51322   0.10026   0.15945   0.24104   0.43441   0.60140   1.60810   0.93018   0.60207   0.17431   0.00000   0.07764   0.15712   0.95077   0.00000   0.77278   0.43509   1.00624   0.06895   0.08069   0.19548   1.11821   0.00000   0.45735   0.01904   0.07458   0.00000   0.85539   0.00000   0.45718   0.00000   0.37943   0.17965   0.25249   0.03526   0.06633   0.02151   0.17021   0.01797   0.20613   0.01170   0.20269   0.03483   0.01269   0.07911   0.02391   0.00000   0.00000   0.47767   0.07306   0.10346   0.01497   0.00000   0.01200   0.07109   0.03448   0.00000   0.00000   0.08065   0.15761   0.01187   0.05089   0.00000   0.01305   0.06326   0.00000   0.02842   0.00794   0.01437   0.02956   0.06025   0.03833   0.03497   0.04082   0.06332   0.00000   0.30188   0.02766   0.23967   0.00000   0.22506   0.06188   0.03105   0.00000   0.05278   0.02129   0.61482   0.06578   0.26042   0.00000   0.25746   0.02170   0.02348   0.11953   0.14233   0.19125   0.12748   0.00000   0.02031   0.00778   0.01518   0.03248   0.05580   0.02397   0.16121   0.00000   0.27553   0.14843   0.00000   0.00000   0.44226   0.13505   0.04387   2.35583   3.78894   2.49205   1.47952   2.00420   0.34590   0.84170   1.53969   0.00000   3.43838   2.45509   1.79347   0.99572   0.41278   5.14614   1.00000  
204 252.2804  11727.960990  x:  2.35302   8.69193   2.14822   6.80167   1.28643   3.81353   6.53006   4.87541   4.06681   0.47208   0.30131   0.10761   0.00000   0.04133   0.32081   0.21223   0.38075   0.36736   0.17912   0.11712   0.17161   0.73042   0.00000   0.00000   0.61985   0.00000   1.46908   0.02488   0.51995   0.09325   0.15571   0.24254   0.43652   0.60923   1.63239   0.93396   0.60091   0.17913   0.00000   0.07691   0.14563   0.96111   0.00000   0.77691   0.42542   1.00330   0.07031   0.08222   0.20243   1.12361   0.00000   0.45734   0.01699   0.07730   0.00000   0.84632   0.00000   0.45775   0.00000   0.37737   0.18505   0.24955   0.03366   0.06966   0.02420   0.16852   0.01864   0.20406   0.01155   0.20048   0.03312   0.01270   0.08119   0.02227   0.00000   0.00000   0.47876   0.07704   0.09876   0.01492   0.00000   0.01242   0.07135   0.03220   0.00000   0.00000   0.08155   0.15463   0.01162   0.04926   0.00000   0.01282   0.06057   0.00000   0.03201   0.00774   0.01505   0.03129   0.06393   0.03893   0.03227   0.03861   0.06496   0.00000   0.30765   0.02586   0.23661   0.00000   0.22429   0.06023   0.02743   0.00000   0.05381   0.02023   0.61849   0.06812   0.26409   0.00000   0.25629   0.02076   0.02368   0.12187   0.14344   0.19072   0.12877   0.00000   0.03010   0.00766   0.01537   0.03206   0.05578   0.02531   0.15901   0.00000   0.27875   0.15139   0.00000   0.00000   0.44529   0.13475   0.04330   2.36556   3.80445   2.50416   1.47456   2.02101   0.35887   0.82931   1.51078   0.00000   3.45582   2.44896   1.79552   0.99554   0.41004   5.11868   1.00000  
205 332.5350  11727.168215  x:  2.36817   8.89348   2.14413   6.93838   1.25273   3.86811   6.65587   4.94031   4.11747   0.47296   0.29644   0.11189   0.00000   0.04527   0.32930   0.20864   0.38435   0.37085   0.17372   0.11165   0.17318   0.73574   0.00000   0.00000   0.63897   0.00000   1.47967   0.03557   0.52718   0.08555   0.15037   0.24446   0.43857   0.61774   1.66963   0.94105   0.59988   0.18686   0.00000   0.07230   0.13460   0.97581   0.00000   0.78302   0.41257   0.99841   0.07356   0.08675   0.20971   1.13116   0.00000   0.45753   0.01516   0.07588   0.00000   0.83522   0.00000   0.45659   0.00000   0.37587   0.18911   0.24679   0.03073   0.07237   0.02687   0.16501   0.01759   0.19857   0.01169   0.19640   0.03138   0.01287   0.08534   0.02298   0.00000   0.00000   0.48402   0.08077   0.09245   0.01488   0.00000   0.01271   0.07931   0.02687   0.00000   0.00000   0.08627   0.14878   0.01100   0.04513   0.00000   0.01386   0.05286   0.00000   0.02630   0.00799   0.01472   0.02991   0.06397   0.04266   0.03480   0.04266   0.06410   0.00000   0.31255   0.02124   0.23379   0.00000   0.22461   0.05643   0.02518   0.00000   0.04901   0.02340   0.62143   0.06901   0.26650   0.00000   0.25475   0.02477   0.02108   0.12239   0.14189   0.18759   0.12922   0.00000   0.02367   0.00771   0.01529   0.03234   0.05203   0.02742   0.15744   0.00000   0.27977   0.15231   0.00000   0.00000   0.44670   0.13371   0.04264   2.38071   3.82867   2.52310   1.46722   2.04731   0.37950   0.81067   1.46600   0.00000   3.48311   2.43955   1.79548   0.99555   0.40615   5.07602   1.00000  
206 337.6628  11726.230967  x:  2.38686   9.14317   2.13895   7.10769   1.21089   3.93564   6.81164   5.02060   4.18015   0.47651   0.28803   0.11581   0.00000   0.04685   0.33532   0.20821   0.39162   0.37709   0.17026   0.11166   0.17172   0.74278   0.00000   0.00000   0.65984   0.00000   1.49191   0.04481   0.53157   0.08056   0.14549   0.24573   0.43927   0.62301   1.71441   0.95131   0.59920   0.19560   0.00000   0.06981   0.13009   0.99196   0.00000   0.79001   0.39993   0.99207   0.07318   0.08921   0.21404   1.13926   0.00000   0.45804   0.02090   0.07054   0.00000   0.82591   0.00000   0.45291   0.00000   0.37641   0.18710   0.24610   0.03235   0.07161   0.02517   0.16295   0.01342   0.19192   0.01219   0.19298   0.03692   0.01308   0.08528   0.02327   0.00000   0.00000   0.49370   0.08288   0.09036   0.01523   0.00000   0.01230   0.09079   0.03280   0.00000   0.00000   0.09152   0.14267   0.01073   0.04941   0.00000   0.01366   0.05631   0.00000   0.03106   0.00772   0.01496   0.02941   0.05546   0.03848   0.03472   0.04547   0.06140   0.00000   0.31260   0.01889   0.23373   0.00000   0.22720   0.05638   0.03436   0.00000   0.04735   0.01775   0.62162   0.06646   0.26495   0.00000   0.25300   0.03066   0.01515   0.11912   0.13683   0.18270   0.12718   0.00000   0.02537   0.00777   0.01552   0.03181   0.05334   0.02771   0.15752   0.00000   0.27608   0.14810   0.00000   0.00000   0.44395   0.13268   0.04380   2.39939   3.85869   2.54661   1.45879   2.07997   0.40533   0.78843   1.41109   0.00000   3.51703   2.42814   1.79228   0.99537   0.40257   5.02363   1.00000  
207 339.9723  11724.749119  x:  2.41583   9.53201   2.13072   7.37132   1.14562   4.04071   7.05410   5.14550   4.27767   0.48428   0.27410   0.11968   0.00000   0.04283   0.33800   0.21173   0.40470   0.38762   0.16869   0.11907   0.16616   0.75367   0.00000   0.00000   0.68726   0.00000   1.50956   0.04602   0.53304   0.07779   0.14096   0.24607   0.43818   0.62494   1.78199   0.96873   0.59837   0.20701   0.00000   0.07497   0.13323   1.01439   0.00000   0.80007   0.38468   0.98211   0.06610   0.08722   0.21567   1.15028   0.00000   0.45859   0.02722   0.05944   0.00000   0.81708   0.00000   0.44587   0.00000   0.37984   0.17868   0.24824   0.03266   0.06702   0.02162   0.16542   0.01829   0.18638   0.01171   0.19139   0.03471   0.01351   0.07917   0.02258   0.00000   0.00000   0.51047   0.08414   0.09558   0.01508   0.00000   0.01216   0.09671   0.02931   0.00000   0.00000   0.08953   0.13837   0.01138   0.05307   0.00000   0.01348   0.06789   0.00000   0.02789   0.00775   0.01465   0.03343   0.05256   0.03755   0.03406   0.04126   0.05972   0.00000   0.30588   0.02307   0.23803   0.00000   0.23184   0.06029   0.02225   0.00000   0.05859   0.02373   0.61813   0.06040   0.25904   0.00000   0.25064   0.03282   0.01617   0.11413   0.13013   0.17779   0.12363   0.00000   0.02432   0.00766   0.01541   0.03272   0.05827   0.02956   0.15843   0.00000   0.26729   0.13945   0.00000   0.00000   0.43558   0.13174   0.04734   2.42836   3.90549   2.58330   1.44660   2.13092   0.44560   0.75466   1.32641   0.00000   3.57000   2.41071   1.78526   0.99537   0.40070   4.94279   1.00000  
208 473.0204  11723.060876  x:  2.44935   9.98364   2.12100   7.67746   1.06971   4.16262   7.33557   5.29042   4.39082   0.49422   0.26032   0.12221   0.00000   0.03809   0.33472   0.21841   0.41962   0.39885   0.16945   0.13108   0.15778   0.76566   0.00000   0.00000   0.71302   0.00000   1.52861   0.03443   0.53030   0.07926   0.13939   0.24511   0.43529   0.62182   1.85795   0.98981   0.59713   0.21709   0.00000   0.08041   0.14474   1.03767   0.00000   0.81087   0.37161   0.97079   0.06006   0.08599   0.21362   1.16156   0.00000   0.45924   0.02982   0.05383   0.00000   0.81227   0.00000   0.43796   0.00000   0.38505   0.16704   0.25397   0.03743   0.06487   0.02344   0.16933   0.02801   0.18768   0.01120   0.19389   0.02955   0.01390   0.07641   0.02331   0.00000   0.00000   0.52931   0.08238   0.10285   0.01501   0.00000   0.01250   0.08899   0.02377   0.00000   0.00000   0.08216   0.14137   0.01075   0.04492   0.00000   0.01342   0.06390   0.00000   0.03001   0.00784   0.01506   0.02599   0.06244   0.04504   0.03415   0.04238   0.06134   0.00000   0.29332   0.02885   0.24632   0.00000   0.23544   0.06426   0.03320   0.00000   0.05412   0.01774   0.61142   0.05531   0.25218   0.00000   0.24891   0.02443   0.02413   0.11223   0.12875   0.17768   0.12143   0.00000   0.02507   0.00757   0.01546   0.03111   0.05510   0.03050   0.15929   0.00000   0.25787   0.13418   0.00000   0.00000   0.42419   0.13049   0.04969   2.46187   3.95990   2.62600   1.43352   2.19023   0.49209   0.71617   1.22900   0.00000   3.63170   2.39084   1.77692   0.99541   0.40154   4.84987   1.00000  
209 654.8384  11721.613550  x:  2.47873  10.38084   2.11231   7.94666   1.00290   4.26973   7.58302   5.41775   4.49026   0.50268   0.25268   0.12317   0.00000   0.03993   0.32733   0.22516   0.43124   0.40676   0.17117   0.14163   0.15006   0.77536   0.00000   0.00000   0.73004   0.00000   1.54421   0.01884   0.52482   0.08468   0.14113   0.24352   0.43191   0.61527   1.92240   1.00858   0.59564   0.22285   0.00000   0.07875   0.15994   1.05567   0.00000   0.81954   0.36430   0.96136   0.06233   0.09016   0.20936   1.17024   0.00000   0.46034   0.02968   0.05877   0.00000   0.81252   0.00000   0.43220   0.00000   0.38971   0.15637   0.26062   0.04157   0.06430   0.02604   0.16882   0.02991   0.19447   0.01099   0.19884   0.03541   0.01430   0.08145   0.02357   0.00000   0.00000   0.54398   0.07671   0.10556   0.01546   0.00000   0.01359   0.07687   0.03739   0.00000   0.00000   0.08113   0.14950   0.01050   0.04624   0.00000   0.01337   0.05207   0.00000   0.02837   0.00769   0.01476   0.03650   0.06621   0.04186   0.03259   0.04734   0.06348   0.00000   0.28056   0.03117   0.25480   0.00000   0.23588   0.06252   0.02858   0.00000   0.04673   0.02090   0.60391   0.05506   0.24846   0.00000   0.24887   0.01687   0.02916   0.11388   0.13324   0.18189   0.12147   0.00000   0.02516   0.00769   0.01578   0.03392   0.05169   0.02765   0.16101   0.00000   0.25246   0.13594   0.00000   0.00000   0.41475   0.12959   0.04886   2.49124   4.00782   2.66362   1.42309   2.24253   0.53252   0.68290   1.14433   0.00000   3.68614   2.37374   1.77027   0.99509   0.40343   4.76917   1.00000  
210 767.2369  11720.422480  x:  2.50094  10.68291   2.10556   8.15135   0.95206   4.35105   7.77109   5.51448   4.56582   0.50789   0.25359   0.12253   0.00000   0.04582   0.31766   0.22982   0.43739   0.40981   0.17260   0.14787   0.14525   0.78159   0.00000   0.00000   0.73618   0.00000   1.55489   0.00938   0.51772   0.09364   0.14532   0.24183   0.42892   0.60660   1.96850   1.02272   0.59409   0.22347   0.00000   0.07399   0.17614   1.06644   0.00000   0.82517   0.36388   0.95516   0.06910   0.09563   0.20409   1.17542   0.00000   0.46223   0.02451   0.06673   0.00000   0.81781   0.00000   0.43000   0.00000   0.39298   0.15049   0.26603   0.03927   0.06490   0.02689   0.16372   0.02707   0.20329   0.01112   0.20344   0.03446   0.01450   0.08815   0.02310   0.00000   0.00000   0.55199   0.06761   0.10508   0.01534   0.00000   0.01445   0.06952   0.03375   0.00000   0.00000   0.08387   0.15902   0.01081   0.05165   0.00000   0.01311   0.05289   0.00000   0.03040   0.00779   0.01521   0.02475   0.05956   0.03708   0.03406   0.04362   0.06488   0.00000   0.27177   0.03060   0.26111   0.00000   0.23363   0.05852   0.02552   0.00000   0.04995   0.02202   0.59737   0.06081   0.24960   0.00000   0.25094   0.02136   0.03043   0.11744   0.14063   0.18804   0.12400   0.00000   0.02561   0.00765   0.01582   0.03130   0.05501   0.02544   0.16463   0.00000   0.25282   0.14380   0.00000   0.00000   0.40990   0.13022   0.04625   2.51344   4.04436   2.69235   1.41658   2.28255   0.56259   0.65836   1.08133   0.00000   3.72780   2.36125   1.76640   0.99493   0.40623   4.70900   1.00000  
211 539.4201  11719.648640  x:  2.51689  10.90132   2.10058   8.29934   0.91531   4.40971   7.90698   5.58434   4.62041   0.51018   0.25953   0.12064   0.00000   0.04820   0.30856   0.23192   0.43928   0.40945   0.17325   0.15038   0.14350   0.78512   0.00000   0.00000   0.73509   0.00000   1.56172   0.00876   0.51065   0.10322   0.14963   0.24045   0.42681   0.59786   1.99935   1.03258   0.59281   0.22100   0.00000   0.07277   0.19082   1.07183   0.00000   0.82842   0.36777   0.95171   0.07208   0.09620   0.19912   1.17796   0.00000   0.46454   0.01928   0.07179   0.00000   0.82562   0.00000   0.43040   0.00000   0.39548   0.15043   0.26920   0.03652   0.06664   0.02742   0.15897   0.02766   0.21017   0.01136   0.20616   0.03082   0.01467   0.08930   0.02360   0.00000   0.00000   0.55498   0.06134   0.10499   0.01527   0.00000   0.01454   0.07051   0.02776   0.00000   0.00000   0.08639   0.16574   0.01098   0.05077   0.00000   0.01304   0.05972   0.00000   0.02885   0.00779   0.01478   0.03580   0.05636   0.04177   0.03479   0.04164   0.06648   0.00000   0.26791   0.02761   0.26423   0.00000   0.23086   0.05782   0.03187   0.00000   0.05378   0.01817   0.59269   0.06667   0.25323   0.00000   0.25323   0.02532   0.02684   0.11993   0.14594   0.19294   0.12628   0.00000   0.02491   0.00756   0.01563   0.03368   0.05700   0.02289   0.16750   0.00000   0.25673   0.15104   0.00000   0.00000   0.40869   0.13223   0.04546   2.52939   4.07089   2.71322   1.41315   2.31172   0.58371   0.64131   1.03710   0.00000   3.75817   2.35270   1.76480   0.99463   0.40916   4.66650   1.00000  
212 498.1273  11718.459072  x:  2.54073  11.23024   2.09292   8.52221   0.86000   4.49781   8.11146   5.68942   4.70256   0.51056   0.27708   0.11478   0.00000   0.04526   0.29342   0.23224   0.43726   0.40434   0.17338   0.15055   0.14493   0.78867   0.00000   0.00000   0.72324   0.00000   1.57041   0.01787   0.49701   0.12060   0.15661   0.23850   0.42426   0.58093   2.04091   1.04644   0.59111   0.21231   0.00000   0.07848   0.21755   1.07541   0.00000   0.83173   0.38151   0.94887   0.07005   0.08869   0.19018   1.17944   0.00000   0.46994   0.01816   0.07646   0.00000   0.84465   0.00000   0.43483   0.00000   0.40008   0.15815   0.27197   0.03720   0.07037   0.02747   0.15352   0.03331   0.21805   0.01104   0.20834   0.03293   0.01509   0.08251   0.02383   0.00000   0.00000   0.55430   0.05878   0.10636   0.01547   0.00000   0.01418   0.08231   0.03676   0.00000   0.00000   0.08910   0.17125   0.01051   0.04410   0.00000   0.01337   0.06514   0.00000   0.02974   0.00793   0.01510   0.03011   0.06190   0.04644   0.03142   0.04814   0.07038   0.00000   0.26861   0.02105   0.26493   0.00000   0.22551   0.06233   0.02827   0.00000   0.05583   0.02070   0.58658   0.07471   0.26210   0.00000   0.25671   0.02773   0.01834   0.12138   0.14957   0.19852   0.12953   0.00000   0.02530   0.00769   0.01594   0.03289   0.05500   0.02129   0.17040   0.00000   0.26822   0.15894   0.00000   0.00000   0.41121   0.13721   0.04734   2.55323   4.11106   2.74487   1.41056   2.35617   0.61428   0.61716   0.97333   0.00000   3.80444   2.34085   1.76463   0.99410   0.41389   4.60444   1.00000  
213 397.5662  11717.284642  x:  2.56378  11.55090   2.08530   8.73951   0.80609   4.58343   8.31064   5.79178   4.78254   0.50816   0.29916   0.10617   0.00000   0.04177   0.28248   0.23020   0.43119   0.39601   0.17298   0.14793   0.14994   0.79074   0.00000   0.00000   0.70268   0.00000   1.57732   0.02409   0.48209   0.13449   0.16071   0.23728   0.42316   0.56257   2.07629   1.05851   0.59079   0.20044   0.00000   0.08137   0.24661   1.07442   0.00000   0.83332   0.40208   0.94895   0.06932   0.08201   0.18109   1.17855   0.00000   0.47652   0.02167   0.07316   0.00000   0.86935   0.00000   0.44254   0.00000   0.40540   0.16752   0.27310   0.04099   0.06879   0.02444   0.15248   0.03271   0.21940   0.01083   0.20783   0.03278   0.01545   0.07943   0.02405   0.00000   0.00000   0.54891   0.06303   0.10838   0.01562   0.00000   0.01407   0.08742   0.03033   0.00000   0.00000   0.08505   0.16800   0.00990   0.05410   0.00000   0.01268   0.05413   0.00000   0.03008   0.00765   0.01513   0.03264   0.06291   0.03593   0.03510   0.04555   0.07324   0.00000   0.27595   0.01952   0.26178   0.00000   0.22071   0.06997   0.02855   0.00000   0.04916   0.02069   0.58266   0.07731   0.27070   0.00000   0.25857   0.03022   0.02531   0.12031   0.14606   0.19962   0.13270   0.00000   0.02555   0.00770   0.01609   0.03308   0.05459   0.03003   0.16992   0.00000   0.28100   0.15827   0.00000   0.00000   0.41730   0.13982   0.04754   2.57627   4.15049   2.77596   1.41085   2.40015   0.64285   0.59548   0.91444   0.00000   3.85015   2.33047   1.76665   0.99393   0.41324   4.54617   1.00000  
214 393.2485  11715.987560  x:  2.58902  11.90538   2.07672   8.97977   0.74649   4.67774   8.53060   5.90482   4.87082   0.50312   0.32431   0.09407   0.00000   0.04499   0.27984   0.22646   0.42109   0.38482   0.17280   0.14274   0.15739   0.79166   0.00000   0.00000   0.67147   0.00000   1.58313   0.01888   0.46549   0.14229   0.16010   0.23724   0.42386   0.54243   2.10920   1.06965   0.59312   0.18555   0.00000   0.07441   0.28035   1.06816   0.00000   0.83299   0.43170   0.95257   0.07691   0.08430   0.17118   1.17492   0.00000   0.48363   0.02298   0.06317   0.00000   0.90210   0.00000   0.45328   0.00000   0.41121   0.17524   0.27295   0.04116   0.06202   0.02135   0.15775   0.02585   0.21361   0.01118   0.20545   0.03115   0.01549   0.08724   0.02324   0.00000   0.00000   0.53842   0.07167   0.10669   0.01540   0.00000   0.01443   0.07897   0.03282   0.00000   0.00000   0.08266   0.15716   0.00996   0.05452   0.00000   0.01291   0.05100   0.00000   0.03000   0.00762   0.01506   0.03106   0.05832   0.04592   0.03244   0.04271   0.07173   0.00000   0.28815   0.02006   0.25578   0.00000   0.21690   0.07402   0.02825   0.00000   0.05307   0.01997   0.58113   0.06956   0.27740   0.00000   0.25676   0.02026   0.02231   0.11592   0.13714   0.19604   0.13076   0.00000   0.02478   0.00755   0.01596   0.03276   0.05877   0.02610   0.16408   0.00000   0.29092   0.14765   0.00000   0.00000   0.42639   0.13791   0.04421   2.60151   4.19439   2.81062   1.41467   2.44952   0.67288   0.57387   0.85362   0.00000   3.90144   2.32048   1.77107   0.99430   0.40433   4.48471   1.00000  
215 378.5335  11715.321213  x:  2.60204  12.09035   2.07214   9.10514   0.71543   4.72674   8.64523   5.96372   4.91680   0.49965   0.33474   0.08747   0.00000   0.04799   0.28509   0.22418   0.41467   0.37919   0.17332   0.13914   0.16075   0.79127   0.00000   0.00000   0.65166   0.00000   1.58505   0.01130   0.45814   0.14168   0.15678   0.23828   0.42513   0.53360   2.12244   1.07368   0.59648   0.17811   0.00000   0.07384   0.29773   1.06170   0.00000   0.83143   0.45024   0.95666   0.08033   0.08671   0.16646   1.17145   0.00000   0.48612   0.02717   0.06450   0.00000   0.92111   0.00000   0.45886   0.00000   0.41269   0.17701   0.27177   0.04006   0.06552   0.02357   0.16367   0.02791   0.20848   0.01091   0.20437   0.03327   0.01567   0.08994   0.02385   0.00000   0.00000   0.53085   0.07274   0.10379   0.01562   0.00000   0.01576   0.07369   0.03185   0.00000   0.00000   0.08512   0.15259   0.01004   0.04549   0.00000   0.01347   0.05972   0.00000   0.02965   0.00774   0.01505   0.03209   0.05921   0.04056   0.03310   0.04844   0.06632   0.00000   0.29415   0.02496   0.25303   0.00000   0.21657   0.06956   0.02855   0.00000   0.05382   0.01971   0.58199   0.06452   0.27741   0.00000   0.25501   0.02604   0.02543   0.11518   0.13469   0.19282   0.12896   0.00000   0.02518   0.00759   0.01601   0.03306   0.05548   0.02871   0.16205   0.00000   0.29122   0.14181   0.00000   0.00000   0.43193   0.13598   0.04280   2.61452   4.21748   2.82888   1.41900   2.47575   0.68736   0.56402   0.82480   0.00000   3.92867   2.31624   1.77456   0.99420   0.39736   4.45461   1.00000  
216 321.3661  11714.605402  x:  2.61563  12.28739   2.06708   9.23869   0.68248   4.77852   8.76704   6.02626   4.96566   0.49506   0.33885   0.08257   0.00000   0.04649   0.30073   0.22153   0.40673   0.37494   0.17506   0.13490   0.16258   0.78910   0.00000   0.00000   0.62614   0.00000   1.58520   0.00467   0.45425   0.13463   0.14902   0.24135   0.42772   0.52891   2.12921   1.07424   0.60427   0.17205   0.00000   0.07958   0.31457   1.04900   0.00000   0.82710   0.47443   0.96508   0.07593   0.08468   0.16240   1.16501   0.00000   0.48533   0.02012   0.06791   0.00000   0.94356   0.00000   0.46347   0.00000   0.41127   0.17217   0.26797   0.03539   0.07417   0.02603   0.16987   0.02745   0.20236   0.01076   0.20390   0.03078   0.01585   0.08350   0.02353   0.00000   0.00000   0.51991   0.06745   0.10023   0.01543   0.00000   0.01584   0.07691   0.03130   0.00000   0.00000   0.08935   0.15385   0.00948   0.05122   0.00000   0.01302   0.05821   0.00000   0.02984   0.00757   0.01505   0.03173   0.06063   0.03884   0.03341   0.04570   0.05528   0.00000   0.29660   0.02550   0.25203   0.00000   0.22081   0.05762   0.02886   0.00000   0.05095   0.01938   0.58617   0.05862   0.27110   0.00000   0.25137   0.02350   0.01892   0.11739   0.13863   0.18936   0.12557   0.00000   0.02501   0.00750   0.01595   0.03274   0.05325   0.02793   0.16190   0.00000   0.28282   0.14076   0.00000   0.00000   0.43812   0.13501   0.04611   2.62811   4.24241   2.84868   1.42821   2.50454   0.70032   0.55611   0.79983   0.00000   3.95853   2.31359   1.77956   0.99469   0.39595   4.42605   1.00000  
217 182.8838  11714.127284  x:  2.62502  12.42638   2.06339   9.33287   0.65934   4.81476   8.85274   6.07021   5.00005   0.49184   0.33680   0.08290   0.00000   0.04432   0.31424   0.22005   0.40133   0.37373   0.17711   0.13265   0.16280   0.78634   0.00000   0.00000   0.60706   0.00000   1.58404   0.00805   0.45482   0.12861   0.14344   0.24468   0.42975   0.52949   2.12895   1.07183   0.61226   0.16928   0.00000   0.07825   0.32465   1.03625   0.00000   0.82222   0.49351   0.97372   0.07288   0.08448   0.16033   1.15882   0.00000   0.48247   0.02246   0.07316   0.00000   0.95994   0.00000   0.46530   0.00000   0.40923   0.16703   0.26385   0.03370   0.07381   0.02701   0.17160   0.02142   0.20069   0.01103   0.20409   0.03528   0.01597   0.08238   0.02388   0.00000   0.00000   0.51169   0.06505   0.10167   0.01562   0.00000   0.01629   0.08032   0.03185   0.00000   0.00000   0.08778   0.15815   0.00992   0.04993   0.00000   0.01300   0.05367   0.00000   0.03013   0.00763   0.01505   0.03174   0.06013   0.04613   0.03140   0.04589   0.05262   0.00000   0.29596   0.02812   0.25238   0.00000   0.22707   0.05698   0.02886   0.00000   0.05428   0.01915   0.59136   0.06003   0.26474   0.00000   0.25013   0.02569   0.02390   0.12061   0.14311   0.18849   0.12543   0.00000   0.02524   0.00755   0.01605   0.03318   0.05820   0.03273   0.16320   0.00000   0.27412   0.14453   0.00000   0.00000   0.44201   0.13424   0.04680   2.63750   4.26021   2.86287   1.43787   2.52538   0.70757   0.55219   0.78625   0.00000   3.98017   2.31301   1.78346   0.99454   0.39787   4.40848   1.00000  
218 187.4105  11713.518645  x:  2.63661  12.60153   2.05862   9.45155   0.63029   4.86006   8.96046   6.12542   5.04327   0.48856   0.32896   0.08910   0.00000   0.04339   0.33011   0.21906   0.39572   0.37461   0.18014   0.13182   0.16238   0.78156   0.00000   0.00000   0.58362   0.00000   1.58114   0.01918   0.45963   0.12164   0.13856   0.24967   0.43219   0.53524   2.12258   1.06526   0.62482   0.16757   0.00000   0.07227   0.33471   1.01597   0.00000   0.81395   0.51906   0.98768   0.07220   0.08763   0.15842   1.14935   0.00000   0.47650   0.01997   0.07002   0.00000   0.98045   0.00000   0.46566   0.00000   0.40660   0.16395   0.25800   0.03494   0.07105   0.03142   0.17172   0.02135   0.20320   0.01119   0.20458   0.03189   0.01605   0.08644   0.02360   0.00000   0.00000   0.50240   0.06678   0.10650   0.01551   0.00000   0.01593   0.08067   0.03273   0.00000   0.00000   0.08269   0.16424   0.00951   0.04658   0.00000   0.01337   0.05657   0.00000   0.02976   0.00770   0.01512   0.03198   0.05921   0.03801   0.03362   0.04772   0.05804   0.00000   0.29243   0.02782   0.25329   0.00000   0.23557   0.06478   0.02865   0.00000   0.05488   0.01923   0.60001   0.06456   0.25796   0.00000   0.25042   0.02072   0.02385   0.12272   0.14662   0.18975   0.12571   0.00000   0.02514   0.00750   0.01601   0.03291   0.05748   0.02870   0.16469   0.00000   0.26330   0.15097   0.00000   0.00000   0.44546   0.13391   0.04576   2.64908   4.28289   2.88103   1.45390   2.55228   0.71434   0.54929   0.77415   0.00000   4.00815   2.31387   1.78795   0.99454   0.40093   4.38964   1.00000  
219 192.9562  11713.037377  x:  2.64588  12.74545   2.05458   9.54906   0.60649   4.89689   9.04869   6.17059   5.07861   0.48744   0.31852   0.09874   0.00000   0.04622   0.33751   0.21929   0.39324   0.37737   0.18208   0.13335   0.16204   0.77671   0.00000   0.00000   0.56717   0.00000   1.57735   0.02324   0.46684   0.11724   0.13859   0.25322   0.43370   0.54460   2.11138   1.05624   0.63657   0.16731   0.00000   0.07692   0.33990   0.99569   0.00000   0.80525   0.54032   1.00180   0.07380   0.09109   0.15707   1.14035   0.00000   0.47078   0.02528   0.06645   0.00000   0.99601   0.00000   0.46397   0.00000   0.40489   0.16569   0.25424   0.03782   0.07133   0.03114   0.16937   0.02951   0.20865   0.01050   0.20562   0.03318   0.01624   0.08814   0.02377   0.00000   0.00000   0.49762   0.06908   0.10689   0.01565   0.00000   0.01638   0.07624   0.03224   0.00000   0.00000   0.08428   0.16538   0.00969   0.05467   0.00000   0.01262   0.05946   0.00000   0.03026   0.00753   0.01518   0.03150   0.05829   0.04394   0.03232   0.04624   0.06418   0.00000   0.28836   0.02459   0.25345   0.00000   0.23724   0.06686   0.02792   0.00000   0.05047   0.02005   0.60759   0.06850   0.25710   0.00000   0.25313   0.02519   0.02580   0.12104   0.14463   0.19229   0.12699   0.00000   0.02481   0.00755   0.01617   0.03286   0.05288   0.02270   0.16651   0.00000   0.25944   0.15336   0.00000   0.00000   0.44620   0.13563   0.04452   2.65835   4.30178   2.89621   1.47084   2.57499   0.71747   0.54895   0.76925   0.00000   4.03185   2.31617   1.79064   0.99415   0.39722   4.37781   1.00000  
220 158.0813  11712.348258  x:  2.65863  12.94822   2.04872   9.68643   0.57310   4.94830   9.17264   6.23401   5.12821   0.48773   0.30022   0.11422   0.00000   0.04725   0.33813   0.22021   0.39276   0.38284   0.18296   0.13694   0.16181   0.76907   0.00000   0.00000   0.54972   0.00000   1.57050   0.01989   0.47967   0.11351   0.14339   0.25578   0.43499   0.56242   2.08825   1.03893   0.65352   0.16734   0.00000   0.08243   0.34279   0.96336   0.00000   0.79096   0.56932   1.02443   0.07260   0.09030   0.15486   1.12672   0.00000   0.46298   0.02519   0.06083   0.00000   1.01520   0.00000   0.45967   0.00000   0.40341   0.16799   0.25375   0.03936   0.06775   0.02254   0.16093   0.02794   0.21598   0.01069   0.20717   0.03164   0.01634   0.08344   0.02373   0.00000   0.00000   0.49560   0.06928   0.10253   0.01557   0.00000   0.01652   0.07288   0.03222   0.00000   0.00000   0.09043   0.16166   0.00943   0.04776   0.00000   0.01308   0.05339   0.00000   0.02977   0.00761   0.01510   0.03226   0.06127   0.03998   0.03257   0.04688   0.06811   0.00000   0.28275   0.01958   0.25319   0.00000   0.23155   0.06102   0.02886   0.00000   0.05365   0.01895   0.61738   0.07081   0.26150   0.00000   0.25706   0.02896   0.02507   0.11554   0.13783   0.19596   0.12913   0.00000   0.02510   0.00748   0.01611   0.03275   0.05938   0.02065   0.16897   0.00000   0.26334   0.15123   0.00000   0.00000   0.44419   0.13975   0.04357   2.67110   4.32870   2.91794   1.49946   2.60769   0.71872   0.55098   0.76873   0.00000   4.06614   2.32144   1.79241   0.99420   0.39202   4.36550   1.00000  
221 173.1515  11711.571496  x:  2.67296  13.18108   2.04184   9.84415   0.53496   5.00685   9.31463   6.30657   5.18496   0.48888   0.27859   0.12807   0.00000   0.04282   0.32889   0.22109   0.39494   0.38879   0.18125   0.13942   0.16114   0.76004   0.00000   0.00000   0.53762   0.00000   1.56157   0.01406   0.49414   0.11259   0.15055   0.25433   0.43544   0.58452   2.05481   1.01458   0.67121   0.16603   0.00000   0.07197   0.34139   0.92379   0.00000   0.77310   0.60015   1.05215   0.06999   0.08567   0.15109   1.11086   0.00000   0.45609   0.02516   0.06847   0.00000   1.03326   0.00000   0.45404   0.00000   0.40346   0.17286   0.26092   0.03984   0.06582   0.03059   0.15589   0.02679   0.21830   0.01094   0.20805   0.03367   0.01657   0.08200   0.02370   0.00000   0.00000   0.49842   0.06895   0.10042   0.01568   0.00000   0.01718   0.07903   0.02924   0.00000   0.00000   0.08753   0.15547   0.00936   0.04992   0.00000   0.01311   0.05654   0.00000   0.03009   0.00756   0.01517   0.03195   0.05835   0.04122   0.03205   0.04819   0.06446   0.00000   0.27980   0.02386   0.25233   0.00000   0.22189   0.05623   0.02822   0.00000   0.05503   0.01895   0.62615   0.06853   0.26846   0.00000   0.25794   0.02227   0.02177   0.11222   0.13336   0.19775   0.13021   0.00000   0.02512   0.00750   0.01617   0.03292   0.05425   0.02857   0.16849   0.00000   0.27503   0.14479   0.00000   0.00000   0.43898   0.14172   0.04193   2.68542   4.35990   2.94322   1.53689   2.64583   0.71682   0.55559   0.77421   0.00000   4.10635   2.32942   1.79236   0.99428   0.39253   4.35560   1.00000  
222 197.2801  11711.041070  x:  2.68259  13.34154   2.03700   9.95282   0.50885   5.04680   9.41219   6.35638   5.22391   0.48956   0.26727   0.13220   0.00000   0.04396   0.31814   0.22186   0.39828   0.39153   0.17861   0.13854   0.16018   0.75432   0.00000   0.00000   0.53643   0.00000   1.55506   0.01542   0.50155   0.11440   0.15403   0.24989   0.43517   0.59834   2.02710   0.99485   0.68071   0.16322   0.00000   0.07406   0.33718   0.89597   0.00000   0.76038   0.61871   1.07176   0.07362   0.08645   0.14707   1.10056   0.00000   0.45417   0.01646   0.06937   0.00000   1.04209   0.00000   0.45077   0.00000   0.40489   0.17267   0.26675   0.03744   0.07017   0.02905   0.15978   0.02848   0.21416   0.01073   0.20752   0.03032   0.01663   0.08671   0.02388   0.00000   0.00000   0.50336   0.06906   0.10162   0.01554   0.00000   0.01696   0.08272   0.03618   0.00000   0.00000   0.08437   0.15406   0.00919   0.05027   0.00000   0.01312   0.05792   0.00000   0.03025   0.00755   0.01519   0.03170   0.05786   0.04278   0.03233   0.04608   0.05570   0.00000   0.28182   0.02941   0.25084   0.00000   0.21912   0.06213   0.02876   0.00000   0.05248   0.01903   0.62942   0.06354   0.27278   0.00000   0.25679   0.02609   0.02587   0.11660   0.13755   0.19667   0.12958   0.00000   0.02485   0.00744   0.01607   0.03287   0.05686   0.03122   0.16537   0.00000   0.28323   0.14248   0.00000   0.00000   0.43488   0.14017   0.04283   2.69505   4.38159   2.96086   1.56583   2.67239   0.71300   0.56033   0.78223   0.00000   4.13465   2.33625   1.79100   0.99422   0.39469   4.35204   1.00000  
223 182.6972  11710.550484  x:  2.69145  13.49193   2.03240  10.05465   0.48448   5.08395   9.50343   6.40291   5.26030   0.49013   0.26126   0.13219   0.00000   0.04700   0.30738   0.22280   0.40260   0.39302   0.17578   0.13649   0.15950   0.74975   0.00000   0.00000   0.54056   0.00000   1.54886   0.01907   0.50577   0.11672   0.15536   0.24406   0.43480   0.60914   1.99800   0.97454   0.68736   0.15926   0.00000   0.07853   0.33128   0.87031   0.00000   0.74861   0.63401   1.09013   0.07733   0.08725   0.14229   1.09173   0.00000   0.45497   0.02141   0.07368   0.00000   1.04773   0.00000   0.44853   0.00000   0.40763   0.17020   0.27149   0.03579   0.07372   0.02400   0.16618   0.02691   0.20813   0.01070   0.20673   0.03401   0.01673   0.08849   0.02384   0.00000   0.00000   0.50967   0.06825   0.10417   0.01573   0.00000   0.01650   0.08127   0.03006   0.00000   0.00000   0.08257   0.15602   0.00917   0.04999   0.00000   0.01306   0.05599   0.00000   0.03023   0.00752   0.01526   0.03192   0.05942   0.04077   0.03220   0.04858   0.04880   0.00000   0.28611   0.02971   0.24942   0.00000   0.21998   0.06804   0.02818   0.00000   0.05280   0.01937   0.62995   0.06007   0.27523   0.00000   0.25468   0.02414   0.02156   0.12189   0.14389   0.19443   0.12694   0.00000   0.02507   0.00749   0.01624   0.03285   0.05848   0.02534   0.16172   0.00000   0.28851   0.14327   0.00000   0.00000   0.43129   0.13738   0.04555   2.70391   4.40203   2.97752   1.59508   2.69742   0.70765   0.56591   0.79265   0.00000   4.16156   2.34359   1.78893   0.99421   0.39582   4.35111   1.00000  
224 234.3808  11709.793292  x:  2.70492  13.72774   2.02503  10.21430   0.44647   5.14149   9.64598   6.47550   5.31701   0.49110   0.26563   0.12421   0.00000   0.04882   0.29456   0.22471   0.41136   0.39295   0.17224   0.13348   0.16054   0.74540   0.00000   0.00000   0.55831   0.00000   1.53915   0.02262   0.50490   0.11870   0.15222   0.23376   0.43464   0.61902   1.94554   0.93938   0.69218   0.15067   0.00000   0.07516   0.31879   0.83281   0.00000   0.73161   0.65312   1.11816   0.07649   0.08279   0.13310   1.08056   0.00000   0.46162   0.02318   0.06457   0.00000   1.05047   0.00000   0.44825   0.00000   0.41529   0.16696   0.27618   0.03607   0.07237   0.02783   0.17645   0.02191   0.19982   0.01083   0.20518   0.03299   0.01692   0.08034   0.02377   0.00000   0.00000   0.52228   0.06673   0.10696   0.01563   0.00000   0.01716   0.07119   0.03187   0.00000   0.00000   0.09122   0.16444   0.00923   0.05047   0.00000   0.01284   0.05475   0.00000   0.03009   0.00751   0.01525   0.03192   0.05910   0.04129   0.03199   0.04716   0.05391   0.00000   0.29565   0.02656   0.24949   0.00000   0.22695   0.06465   0.02862   0.00000   0.05725   0.01854   0.62425   0.06772   0.27286   0.00000   0.25204   0.02596   0.02100   0.12603   0.14945   0.18948   0.12494   0.00000   0.02483   0.00745   0.01622   0.03274   0.05073   0.02903   0.16150   0.00000   0.28762   0.15049   0.00000   0.00000   0.42802   0.13199   0.04843   2.71737   4.43432   3.00395   1.64560   2.73679   0.69527   0.57735   0.81540   0.00000   4.20465   2.35715   1.78448   0.99418   0.38944   4.35557   1.00000  
225 155.2939  11709.179704  x:  2.71593  13.92544   2.01874  10.34811   0.41484   5.18926   9.76517   6.53610   5.36436   0.49228   0.27814   0.11498   0.00000   0.04451   0.29127   0.22602   0.41857   0.39173   0.17091   0.13386   0.16297   0.74424   0.00000   0.00000   0.57836   0.00000   1.53121   0.02198   0.49945   0.11793   0.14752   0.22808   0.43537   0.62140   1.89777   0.90882   0.69270   0.14370   0.00000   0.07238   0.30762   0.80519   0.00000   0.71932   0.66562   1.14017   0.07477   0.08017   0.12458   1.07338   0.00000   0.46800   0.02343   0.06564   0.00000   1.04864   0.00000   0.44988   0.00000   0.42261   0.16748   0.27417   0.03350   0.07110   0.03032   0.17869   0.02664   0.20049   0.01034   0.20512   0.03331   0.01707   0.08238   0.02375   0.00000   0.00000   0.53248   0.06502   0.10594   0.01568   0.00000   0.01732   0.07170   0.03198   0.00000   0.00000   0.08715   0.16842   0.00913   0.05006   0.00000   0.01285   0.05811   0.00000   0.03018   0.00749   0.01528   0.03181   0.05831   0.04133   0.03173   0.04837   0.06072   0.00000   0.30062   0.02154   0.24914   0.00000   0.23192   0.05640   0.02775   0.00000   0.04807   0.01949   0.61621   0.07110   0.26812   0.00000   0.25080   0.02574   0.02223   0.12261   0.14538   0.18781   0.12785   0.00000   0.02461   0.00739   0.01616   0.03276   0.06382   0.02674   0.16366   0.00000   0.28066   0.15275   0.00000   0.00000   0.42615   0.13096   0.04702   2.72838   4.46150   3.02626   1.69071   2.76967   0.68239   0.58864   0.83816   0.00000   4.24128   2.36969   1.78091   0.99424   0.38670   4.36290   1.00000  
226 189.6568  11708.429062  x:  2.72909  14.16668   2.01094  10.51135   0.37651   5.24709   9.91029   6.60978   5.42194   0.49428   0.29903   0.10340   0.00000   0.04142   0.29551   0.22714   0.42607   0.38960   0.17124   0.13684   0.16575   0.74539   0.00000   0.00000   0.60551   0.00000   1.52179   0.01986   0.48965   0.11567   0.14234   0.22643   0.43714   0.61856   1.83659   0.87164   0.69056   0.13712   0.00000   0.07606   0.29478   0.77651   0.00000   0.70689   0.67769   1.16510   0.07584   0.08235   0.11424   1.06692   0.00000   0.47488   0.01766   0.07344   0.00000   1.04281   0.00000   0.45285   0.00000   0.43063   0.16792   0.26704   0.03939   0.07290   0.02535   0.17180   0.02498   0.20784   0.01057   0.20631   0.03287   0.01711   0.08818   0.02375   0.00000   0.00000   0.54277   0.06193   0.10330   0.01564   0.00000   0.01693   0.07848   0.03239   0.00000   0.00000   0.07855   0.16693   0.00890   0.04990   0.00000   0.01287   0.05621   0.00000   0.03016   0.00746   0.01526   0.03204   0.05878   0.04121   0.03156   0.04773   0.06427   0.00000   0.30197   0.02228   0.24810   0.00000   0.23598   0.05488   0.02819   0.00000   0.05512   0.01870   0.60507   0.07065   0.26195   0.00000   0.25022   0.02789   0.02557   0.11532   0.13630   0.18972   0.13340   0.00000   0.02476   0.00739   0.01625   0.03250   0.05516   0.02040   0.16733   0.00000   0.26942   0.15027   0.00000   0.00000   0.42448   0.13503   0.04414   2.74154   4.49472   3.05360   1.74803   2.80950   0.66452   0.60398   0.86890   0.00000   4.28635   2.38594   1.77722   0.99443   0.38847   4.37506   1.00000  
227 241.7701  11707.968726  x:  2.73707  14.31829   2.00593  10.61391   0.35269   5.28294  10.00116   6.65579   5.45793   0.49647   0.31293   0.09756   0.00000   0.04695   0.30486   0.22701   0.42802   0.38834   0.17340   0.13940   0.16474   0.74881   0.00000   0.00000   0.62254   0.00000   1.51621   0.02011   0.48262   0.11483   0.14289   0.23236   0.43876   0.61110   1.79603   0.84997   0.68730   0.13719   0.00000   0.07577   0.28967   0.76550   0.00000   0.70275   0.68244   1.17826   0.07581   0.08474   0.10938   1.06551   0.00000   0.47730   0.01630   0.07683   0.00000   1.03618   0.00000   0.45435   0.00000   0.43297   0.17020   0.26216   0.03211   0.06823   0.02777   0.16351   0.02876   0.21432   0.01037   0.20802   0.03356   0.01732   0.08253   0.02399   0.00000   0.00000   0.54534   0.06203   0.10549   0.01572   0.00000   0.01736   0.07605   0.03233   0.00000   0.00000   0.08615   0.16062   0.00882   0.05080   0.00000   0.01290   0.05451   0.00000   0.03044   0.00741   0.01533   0.03184   0.05918   0.04063   0.03149   0.04846   0.05878   0.00000   0.29700   0.02761   0.24721   0.00000   0.23430   0.06498   0.02894   0.00000   0.05489   0.01849   0.59872   0.06948   0.26018   0.00000   0.25079   0.02541   0.02526   0.11504   0.13633   0.19448   0.13265   0.00000   0.02478   0.00740   0.01629   0.03256   0.05548   0.02236   0.16892   0.00000   0.26540   0.14631   0.00000   0.00000   0.42404   0.14054   0.04476   2.74952   4.51561   3.07085   1.78607   2.83400   0.65131   0.61531   0.89083   0.00000   4.31501   2.39698   1.77602   0.99444   0.39113   4.38605   1.00000  
228 143.4623  11707.667468  x:  2.74239  14.42309   2.00240  10.68476   0.33639   5.30738  10.06372   6.68740   5.48266   0.49871   0.32070   0.09450   0.00000   0.04762   0.31291   0.22603   0.42719   0.38778   0.17555   0.14058   0.16238   0.75273   0.00000   0.00000   0.63320   0.00000   1.51254   0.02120   0.47835   0.11495   0.14571   0.23968   0.43975   0.60278   1.76700   0.83680   0.68419   0.14034   0.00000   0.07458   0.28882   0.76294   0.00000   0.70253   0.68425   1.18562   0.07440   0.08546   0.10777   1.06628   0.00000   0.47763   0.01729   0.07416   0.00000   1.03016   0.00000   0.45485   0.00000   0.43267   0.17005   0.26048   0.04251   0.07188   0.02897   0.15944   0.02640   0.21689   0.01072   0.20908   0.03256   0.01736   0.08088   0.02376   0.00000   0.00000   0.54434   0.06225   0.10681   0.01566   0.00000   0.01770   0.07347   0.03085   0.00000   0.00000   0.08946   0.15716   0.00893   0.04985   0.00000   0.01301   0.05702   0.00000   0.03034   0.00744   0.01532   0.03189   0.05840   0.04194   0.03158   0.04816   0.05299   0.00000   0.29093   0.02807   0.24686   0.00000   0.22965   0.06806   0.02724   0.00000   0.05164   0.01950   0.59510   0.06871   0.26132   0.00000   0.25232   0.02348   0.02480   0.11799   0.14013   0.19790   0.12961   0.00000   0.02461   0.00737   0.01624   0.03266   0.05869   0.02499   0.16883   0.00000   0.26610   0.14511   0.00000   0.00000   0.42455   0.14212   0.04435   2.75484   4.53004   3.08280   1.81352   2.85051   0.64106   0.62430   0.90751   0.00000   4.33501   2.40510   1.77606   0.99444   0.39179   4.39581   1.00000  
229 149.8644  11707.131455  x:  2.75129  14.60564   1.99614  10.80813   0.30829   5.34929  10.17222   6.74206   5.52548   0.50396   0.32855   0.09113   0.00000   0.04045   0.32584   0.22288   0.42171   0.38751   0.17944   0.14116   0.15653   0.76216   0.00000   0.00000   0.64829   0.00000   1.50642   0.02222   0.47338   0.11597   0.15341   0.25502   0.44033   0.58321   1.71502   0.81826   0.67736   0.15124   0.00000   0.07469   0.29328   0.76847   0.00000   0.70740   0.68495   1.19500   0.07098   0.08556   0.10890   1.07096   0.00000   0.47544   0.02376   0.06422   0.00000   1.01771   0.00000   0.45469   0.00000   0.42897   0.16708   0.26114   0.03867   0.06809   0.02682   0.16093   0.03002   0.21600   0.01032   0.21030   0.03321   0.01740   0.08755   0.02382   0.00000   0.00000   0.53759   0.06353   0.10627   0.01571   0.00000   0.01773   0.07459   0.03238   0.00000   0.00000   0.08405   0.15775   0.00887   0.05016   0.00000   0.01300   0.05623   0.00000   0.03038   0.00739   0.01533   0.03190   0.05736   0.04094   0.03152   0.04854   0.04835   0.00000   0.27866   0.02535   0.24789   0.00000   0.21763   0.06281   0.02820   0.00000   0.05455   0.01853   0.59090   0.06771   0.26768   0.00000   0.25671   0.02410   0.02430   0.12455   0.14809   0.20071   0.12351   0.00000   0.02452   0.00736   0.01626   0.03247   0.05557   0.02667   0.16623   0.00000   0.27341   0.14739   0.00000   0.00000   0.42743   0.13877   0.04237   2.76373   4.55514   3.10365   1.86339   2.87836   0.62124   0.64226   0.93928   0.00000   4.37019   2.42009   1.77781   0.99460   0.39038   4.41690   1.00000  
230 132.6262  11706.576343  x:  2.76061  14.80705   1.98908  10.94417   0.27774   5.39469  10.29132   6.80184   5.57239   0.51052   0.32832   0.09092   0.00000   0.04680   0.33146   0.22025   0.41234   0.38766   0.18124   0.14113   0.15347   0.77451   0.00000   0.00000   0.65834   0.00000   1.49983   0.02091   0.47332   0.11644   0.15885   0.26577   0.43765   0.55870   1.65724   0.80505   0.66793   0.16678   0.00000   0.07566   0.30617   0.78667   0.00000   0.71886   0.68280   1.20055   0.07416   0.08988   0.11461   1.07998   0.00000   0.46948   0.02322   0.06509   0.00000   1.00298   0.00000   0.45397   0.00000   0.42241   0.16265   0.26808   0.03872   0.06943   0.02918   0.16901   0.02732   0.20914   0.01036   0.20913   0.03312   0.01756   0.08309   0.02374   0.00000   0.00000   0.52575   0.06350   0.10548   0.01568   0.00000   0.01755   0.08064   0.03170   0.00000   0.00000   0.08179   0.16516   0.00862   0.05073   0.00000   0.01274   0.05502   0.00000   0.03049   0.00736   0.01534   0.03206   0.05985   0.04106   0.03104   0.04814   0.06275   0.00000   0.27251   0.03475   0.25232   0.00000   0.21364   0.06325   0.02799   0.00000   0.05311   0.01883   0.59065   0.06583   0.27420   0.00000   0.25913   0.02640   0.02055   0.11992   0.14303   0.19534   0.12720   0.00000   0.02441   0.00735   0.01628   0.03252   0.05777   0.02505   0.16372   0.00000   0.28243   0.14916   0.00000   0.00000   0.43291   0.13493   0.04819   2.77305   4.58271   3.12666   1.92056   2.90768   0.59731   0.66496   0.97713   0.00000   4.40933   2.43749   1.78178   0.99450   0.38983   4.44510   1.00000  
231 112.5950  11706.056953  x:  2.76879  14.99148   1.98251  11.06866   0.25017   5.43563  10.39990   6.85617   5.61511   0.51601   0.32251   0.09265   0.00000   0.04600   0.32763   0.21914   0.40349   0.38794   0.18013   0.14138   0.15611   0.78597   0.00000   0.00000   0.66215   0.00000   1.49405   0.02174   0.47791   0.11640   0.15866   0.26701   0.43269   0.53810   1.60525   0.79909   0.65779   0.18034   0.00000   0.07539   0.32292   0.81069   0.00000   0.73265   0.67792   1.20179   0.07260   0.08753   0.12049   1.09044   0.00000   0.46377   0.01987   0.07195   0.00000   0.98935   0.00000   0.45319   0.00000   0.41463   0.16280   0.27282   0.03707   0.07235   0.02741   0.17339   0.02715   0.20574   0.01029   0.20748   0.03365   0.01767   0.08383   0.02384   0.00000   0.00000   0.51465   0.06464   0.10674   0.01571   0.00000   0.01763   0.07606   0.03146   0.00000   0.00000   0.08880   0.16832   0.00872   0.05008   0.00000   0.01293   0.05665   0.00000   0.03069   0.00738   0.01537   0.03193   0.05699   0.04120   0.03127   0.04856   0.06346   0.00000   0.27356   0.02117   0.25519   0.00000   0.22034   0.06703   0.02780   0.00000   0.05392   0.01884   0.59372   0.06123   0.27509   0.00000   0.25820   0.02468   0.02615   0.11433   0.13543   0.19018   0.13358   0.00000   0.02451   0.00731   0.01629   0.03232   0.05639   0.02621   0.16496   0.00000   0.28670   0.14845   0.00000   0.00000   0.43762   0.13239   0.04658   2.78123   4.60784   3.14769   1.97412   2.93335   0.57429   0.68781   1.01338   0.00000   4.44534   2.45391   1.78628   0.99481   0.39671   4.47396   1.00000  
232 139.3670  11705.476221  x:  2.77786  15.20585   1.97480  11.21330   0.21845   5.48240  10.52549   6.91879   5.66442   0.52072   0.31221   0.09544   0.00000   0.04248   0.31512   0.22102   0.39603   0.38847   0.17735   0.14108   0.16334   0.79835   0.00000   0.00000   0.66032   0.00000   1.48770   0.02047   0.48826   0.11534   0.15288   0.25863   0.42527   0.52091   1.54706   0.80044   0.64424   0.19226   0.00000   0.07613   0.34741   0.84550   0.00000   0.75138   0.66866   1.19841   0.07314   0.08496   0.12622   1.10484   0.00000   0.46048   0.02062   0.06942   0.00000   0.97498   0.00000   0.45317   0.00000   0.40589   0.16955   0.27360   0.03699   0.07288   0.02698   0.16982   0.02645   0.21020   0.01024   0.20700   0.03345   0.01770   0.08952   0.02388   0.00000   0.00000   0.50492   0.06496   0.10784   0.01569   0.00000   0.01806   0.07213   0.03151   0.00000   0.00000   0.08718   0.16464   0.00858   0.05063   0.00000   0.01278   0.05497   0.00000   0.03066   0.00732   0.01538   0.03221   0.06007   0.04147   0.03092   0.04824   0.05629   0.00000   0.28668   0.02563   0.25903   0.00000   0.23182   0.06615   0.02765   0.00000   0.05306   0.01899   0.60009   0.07242   0.26995   0.00000   0.25349   0.02907   0.01783   0.11321   0.13667   0.19112   0.13082   0.00000   0.02446   0.00732   0.01631   0.03248   0.05705   0.02730   0.16976   0.00000   0.28289   0.14392   0.00000   0.00000   0.44175   0.13747   0.04245   2.79029   4.63686   3.17204   2.03743   2.96154   0.54656   0.71698   1.05713   0.00000   4.48738   2.47345   1.79201   0.99502   0.39894   4.51174   1.00000  
233 131.4742  11705.108729  x:  2.78346  15.34534   1.96974  11.30737   0.19801   5.51229  10.60678   6.95918   5.69626   0.52201   0.30682   0.09730   0.00000   0.04871   0.30724   0.22397   0.39492   0.38888   0.17635   0.13912   0.16681   0.80498   0.00000   0.00000   0.65573   0.00000   1.48401   0.01957   0.49668   0.11462   0.14888   0.25086   0.42143   0.51698   1.51153   0.80686   0.63478   0.19636   0.00000   0.07585   0.36519   0.87078   0.00000   0.76426   0.66031   1.19328   0.07720   0.08685   0.12821   1.11482   0.00000   0.46124   0.02296   0.06546   0.00000   0.96766   0.00000   0.45424   0.00000   0.40323   0.17427   0.27064   0.03769   0.07087   0.02756   0.16625   0.02670   0.21573   0.01026   0.20848   0.03344   0.01782   0.08386   0.02375   0.00000   0.00000   0.50245   0.06347   0.10700   0.01569   0.00000   0.01787   0.07902   0.03199   0.00000   0.00000   0.08308   0.16214   0.00855   0.04953   0.00000   0.01299   0.05635   0.00000   0.03076   0.00732   0.01536   0.03210   0.05747   0.04101   0.03092   0.04868   0.05555   0.00000   0.29656   0.02360   0.25686   0.00000   0.23385   0.06086   0.02772   0.00000   0.05387   0.01862   0.60511   0.06993   0.26542   0.00000   0.25154   0.02378   0.02609   0.11875   0.14262   0.19592   0.12696   0.00000   0.02433   0.00729   0.01627   0.03225   0.05661   0.02474   0.16908   0.00000   0.27799   0.14351   0.00000   0.00000   0.44284   0.14277   0.04532   2.79590   4.65559   3.18781   2.07902   2.97870   0.52809   0.73754   1.08636   0.00000   4.51479   2.48636   1.79563   0.99507   0.39586   4.53896   1.00000  
234 131.2769  11704.758078  x:  2.78835  15.48026   1.96477  11.39823   0.17878   5.54020  10.68461   6.99753   5.72662   0.51962   0.30629   0.09749   0.00000   0.04719   0.30541   0.22620   0.40073   0.38901   0.17710   0.13457   0.16546   0.80783   0.00000   0.00000   0.64641   0.00000   1.48156   0.02310   0.50548   0.11426   0.14850   0.24500   0.42189   0.52793   1.48247   0.82293   0.62551   0.19373   0.00000   0.07505   0.38360   0.89771   0.00000   0.77679   0.64803   1.18335   0.07557   0.08420   0.12658   1.12494   0.00000   0.46711   0.02232   0.06663   0.00000   0.96512   0.00000   0.45684   0.00000   0.40671   0.17394   0.26315   0.03927   0.06974   0.02535   0.16644   0.02810   0.21823   0.01008   0.21121   0.03341   0.01785   0.08506   0.02376   0.00000   0.00000   0.50738   0.06305   0.10587   0.01569   0.00000   0.01777   0.07989   0.03092   0.00000   0.00000   0.08970   0.16144   0.00846   0.05029   0.00000   0.01292   0.05589   0.00000   0.03089   0.00728   0.01539   0.03205   0.05811   0.04098   0.03080   0.04857   0.06295   0.00000   0.30157   0.02976   0.24874   0.00000   0.22646   0.05991   0.02785   0.00000   0.05415   0.01856   0.61055   0.05813   0.26260   0.00000   0.25402   0.02393   0.02458   0.12004   0.14529   0.19979   0.12378   0.00000   0.02427   0.00728   0.01629   0.03220   0.05695   0.02595   0.16751   0.00000   0.27160   0.14842   0.00000   0.00000   0.44065   0.13814   0.03774   2.80078   4.67338   3.20287   2.11975   2.99305   0.50960   0.75996   1.11567   0.00000   4.54136   2.49906   1.79818   0.99518   0.39809   4.56934   1.00000  
235 69.2459  11704.324457  x:  2.79428  15.65704   1.95819  11.51721   0.15403   5.57587  10.78591   7.04717   5.76602   0.51437   0.31101   0.09714   0.00000   0.04368   0.30977   0.22683   0.41266   0.38873   0.17886   0.13136   0.16283   0.80826   0.00000   0.00000   0.63188   0.00000   1.47961   0.02457   0.51508   0.11242   0.15151   0.24217   0.42702   0.55286   1.44986   0.85199   0.61535   0.18661   0.00000   0.07668   0.40685   0.93296   0.00000   0.79229   0.62828   1.16669   0.07661   0.08525   0.12166   1.13805   0.00000   0.47781   0.02052   0.06933   0.00000   0.96578   0.00000   0.46083   0.00000   0.41324   0.17040   0.25626   0.03840   0.06944   0.03056   0.16865   0.02529   0.21645   0.01020   0.21296   0.03329   0.01789   0.08844   0.02386   0.00000   0.00000   0.51885   0.06475   0.10612   0.01569   0.00000   0.01849   0.07424   0.03140   0.00000   0.00000   0.08642   0.16288   0.00857   0.05006   0.00000   0.01291   0.05595   0.00000   0.03089   0.00730   0.01542   0.03215   0.05785   0.04109   0.03090   0.04848   0.06060   0.00000   0.30058   0.02566   0.24022   0.00000   0.21812   0.06268   0.02769   0.00000   0.05418   0.01870   0.61706   0.05900   0.26451   0.00000   0.25865   0.02749   0.02023   0.11698   0.14111   0.20010   0.12552   0.00000   0.02417   0.00728   0.01628   0.03228   0.05694   0.03015   0.16635   0.00000   0.26716   0.15163   0.00000   0.00000   0.43809   0.13967   0.05264   2.80671   4.69640   3.22241   2.17319   3.00981   0.48495   0.79126   1.15470   0.00000   4.57617   2.51578   1.80060   0.99503   0.39966   4.61275   1.00000  
236 100.3657  11703.992168  x:  2.79850  15.79211   1.95316  11.60805   0.13544   5.60252  10.86283   7.08469   5.79585   0.51010   0.31768   0.09686   0.00000   0.04713   0.31629   0.22551   0.42207   0.38812   0.17962   0.13353   0.16330   0.80635   0.00000   0.00000   0.62131   0.00000   1.47931   0.02318   0.51920   0.10969   0.15443   0.24382   0.43350   0.57519   1.42944   0.87891   0.61117   0.18116   0.00000   0.07499   0.42229   0.95830   0.00000   0.80282   0.61142   1.15240   0.07655   0.08585   0.11780   1.14710   0.00000   0.48518   0.01977   0.06983   0.00000   0.96920   0.00000   0.46374   0.00000   0.41870   0.16772   0.25479   0.03639   0.07342   0.02892   0.17173   0.02543   0.21346   0.01011   0.21192   0.03356   0.01799   0.08270   0.02381   0.00000   0.00000   0.52838   0.06357   0.10748   0.01569   0.00000   0.01811   0.07630   0.03200   0.00000   0.00000   0.08291   0.16467   0.00853   0.05001   0.00000   0.01287   0.05598   0.00000   0.03097   0.00728   0.01544   0.03218   0.05814   0.04109   0.03074   0.04857   0.05480   0.00000   0.29701   0.02378   0.24000   0.00000   0.21868   0.06541   0.02756   0.00000   0.05384   0.01884   0.62034   0.07210   0.26933   0.00000   0.25990   0.02570   0.02180   0.11701   0.13778   0.19808   0.12939   0.00000   0.02417   0.00728   0.01629   0.03222   0.05671   0.02795   0.16470   0.00000   0.26974   0.14835   0.00000   0.00000   0.43579   0.13401   0.04453   2.81093   4.71377   3.23720   2.21372   3.02118   0.46595   0.81616   1.18462   0.00000   4.60274   2.52849   1.80208   0.99495   0.40009   4.64807   1.00000  
237 107.9884  11703.763613  x:  2.80113  15.88978   1.94952  11.67367   0.12255   5.62090  10.91779   7.11123   5.81704   0.50795   0.32368   0.09504   0.00000   0.04443   0.32120   0.22250   0.42559   0.38723   0.17841   0.13834   0.16656   0.80194   0.00000   0.00000   0.61687   0.00000   1.48119   0.02449   0.51625   0.10728   0.15506   0.24852   0.43995   0.59084   1.42176   0.90398   0.61519   0.17972   0.00000   0.07717   0.42844   0.97295   0.00000   0.80829   0.59822   1.14128   0.07490   0.08485   0.11813   1.15120   0.00000   0.48690   0.01957   0.07026   0.00000   0.97608   0.00000   0.46402   0.00000   0.42331   0.17125   0.26144   0.03755   0.07082   0.03007   0.17303   0.02454   0.21247   0.01022   0.20892   0.03358   0.01798   0.08793   0.02378   0.00000   0.00000   0.53334   0.06080   0.10920   0.01571   0.00000   0.01797   0.07868   0.03104   0.00000   0.00000   0.08968   0.16451   0.00854   0.04994   0.00000   0.01288   0.05589   0.00000   0.03110   0.00729   0.01548   0.03213   0.05791   0.04082   0.03083   0.04878   0.05766   0.00000   0.29444   0.02670   0.24626   0.00000   0.22747   0.06286   0.02755   0.00000   0.05394   0.01885   0.61898   0.07237   0.27176   0.00000   0.25725   0.02418   0.02601   0.12038   0.14177   0.19569   0.12977   0.00000   0.02418   0.00730   0.01632   0.03218   0.05699   0.02236   0.16745   0.00000   0.27804   0.14374   0.00000   0.00000   0.43433   0.13967   0.04485   2.81356   4.72600   3.24766   2.24223   3.02733   0.45199   0.83507   1.20607   0.00000   4.62185   2.53748   1.80278   0.99461   0.40115   4.67626   1.00000  
238 53.2267  11703.558156  x:  2.80328  15.98089   1.94616  11.73484   0.11096   5.63738  10.96856   7.13556   5.83654   0.50757   0.32849   0.09248   0.00000   0.04594   0.32388   0.22108   0.42543   0.38673   0.17713   0.14020   0.16806   0.79609   0.00000   0.00000   0.61612   0.00000   1.48474   0.02746   0.50960   0.10608   0.15406   0.25295   0.44555   0.60239   1.42036   0.93073   0.62416   0.18047   0.00000   0.07415   0.42980   0.98320   0.00000   0.81182   0.58587   1.13109   0.07699   0.08692   0.12177   1.15307   0.00000   0.48588   0.01974   0.07064   0.00000   0.98540   0.00000   0.46266   0.00000   0.42645   0.17581   0.26845   0.03799   0.07123   0.02453   0.17257   0.02690   0.21385   0.01004   0.20800   0.03363   0.01805   0.08386   0.02391   0.00000   0.00000   0.53544   0.06161   0.10837   0.01575   0.00000   0.01797   0.07441   0.03216   0.00000   0.00000   0.08406   0.16364   0.00857   0.05035   0.00000   0.01286   0.05595   0.00000   0.03115   0.00729   0.01552   0.03217   0.05810   0.04115   0.03088   0.04879   0.05977   0.00000   0.29331   0.02621   0.25251   0.00000   0.23556   0.05929   0.02781   0.00000   0.05406   0.01876   0.61561   0.06485   0.27018   0.00000   0.25468   0.02623   0.02290   0.12003   0.14556   0.19434   0.12826   0.00000   0.02419   0.00731   0.01634   0.03227   0.05670   0.02622   0.17323   0.00000   0.28491   0.14486   0.00000   0.00000   0.43411   0.14387   0.04365   2.81571   4.73717   3.25724   2.26796   3.03152   0.43894   0.85315   1.22572   0.00000   4.63960   2.54562   1.80266   0.99450   0.40520   4.70413   1.00000  
239 61.2588  11703.293847  x:  2.80578  16.10647   1.94164  11.81914   0.09563   5.65895  11.03774   7.16843   5.86294   0.51105   0.33163   0.08920   0.00000   0.04827   0.32222   0.22436   0.41961   0.38793   0.17792   0.13517   0.16532   0.78655   0.00000   0.00000   0.62141   0.00000   1.49282   0.02617   0.49634   0.10747   0.15069   0.25506   0.44982   0.60954   1.42872   0.97178   0.64326   0.18310   0.00000   0.07907   0.42387   0.99066   0.00000   0.81418   0.56975   1.11839   0.07570   0.08473   0.13174   1.15264   0.00000   0.48081   0.02086   0.06841   0.00000   1.00206   0.00000   0.46002   0.00000   0.42614   0.17938   0.27601   0.03754   0.06955   0.03032   0.16829   0.02358   0.21750   0.01036   0.21267   0.03346   0.01807   0.08418   0.02383   0.00000   0.00000   0.53367   0.06337   0.10890   0.01573   0.00000   0.01821   0.07530   0.03210   0.00000   0.00000   0.08210   0.16471   0.00857   0.04991   0.00000   0.01289   0.05582   0.00000   0.03108   0.00731   0.01554   0.03228   0.05788   0.04089   0.03092   0.04875   0.05411   0.00000   0.29658   0.02559   0.25694   0.00000   0.23585   0.06170   0.02752   0.00000   0.05387   0.01892   0.61012   0.06044   0.26631   0.00000   0.25398   0.02791   0.02224   0.11622   0.14237   0.19743   0.13023   0.00000   0.02412   0.00731   0.01633   0.03222   0.05708   0.02532   0.16942   0.00000   0.28487   0.15154   0.00000   0.00000   0.43886   0.13862   0.04112   2.81821   4.75215   3.27012   2.30126   3.03462   0.42113   0.87834   1.25167   0.00000   4.66387   2.55629   1.80102   0.99442   0.40401   4.74523   1.00000  
240 45.4867  11703.045908  x:  2.80800  16.22645   1.93738  11.89965   0.08132   5.67913  11.10352   7.19958   5.88800   0.51562   0.33285   0.08783   0.00000   0.04497   0.31930   0.22737   0.41329   0.38960   0.17968   0.13184   0.16435   0.77785   0.00000   0.00000   0.62818   0.00000   1.50178   0.02577   0.48439   0.11075   0.14834   0.25489   0.45169   0.61197   1.44061   1.01142   0.66153   0.18389   0.00000   0.07302   0.41538   0.99514   0.00000   0.81580   0.55529   1.10713   0.07605   0.08434   0.14196   1.15121   0.00000   0.47535   0.02077   0.06848   0.00000   1.01853   0.00000   0.45833   0.00000   0.42423   0.17798   0.27651   0.03770   0.07220   0.02279   0.16842   0.02725   0.21872   0.01005   0.21566   0.03368   0.01806   0.08536   0.02381   0.00000   0.00000   0.53025   0.06315   0.10842   0.01573   0.00000   0.01764   0.07689   0.03150   0.00000   0.00000   0.08645   0.16473   0.00853   0.05023   0.00000   0.01286   0.05605   0.00000   0.03118   0.00727   0.01556   0.03209   0.05779   0.04099   0.03073   0.04881   0.05176   0.00000   0.30032   0.02818   0.25889   0.00000   0.23129   0.06352   0.02751   0.00000   0.05378   0.01900   0.60541   0.06404   0.26433   0.00000   0.25478   0.02521   0.02362   0.11580   0.13916   0.20034   0.13212   0.00000   0.02411   0.00731   0.01633   0.03211   0.05657   0.02540   0.16431   0.00000   0.28069   0.15239   0.00000   0.00000   0.44488   0.13698   0.04708   2.82043   4.76627   3.28227   2.33197   3.03656   0.40422   0.90211   1.27574   0.00000   4.68692   2.56616   1.79955   0.99437   0.40306   4.78506   1.00000  
241 102.4368  11702.797426  x:  2.81009  16.35341   1.93297  11.98484   0.06682   5.69980  11.17268   7.23214   5.91429   0.52142   0.33127   0.09086   0.00000   0.04388   0.31673   0.22789   0.40830   0.39144   0.18243   0.13574   0.16902   0.77102   0.00000   0.00000   0.63641   0.00000   1.51314   0.02881   0.47650   0.11717   0.14951   0.25150   0.44957   0.60654   1.45917   1.05205   0.67707   0.17877   0.00000   0.07554   0.40231   0.99574   0.00000   0.81696   0.54227   1.09707   0.07778   0.08643   0.15133   1.14818   0.00000   0.47045   0.01735   0.07387   0.00000   1.03493   0.00000   0.45867   0.00000   0.42118   0.17303   0.27025   0.03950   0.06764   0.02661   0.17238   0.02696   0.21401   0.01007   0.21193   0.03363   0.01813   0.08263   0.02389   0.00000   0.00000   0.52555   0.06385   0.10844   0.01572   0.00000   0.01818   0.07492   0.03159   0.00000   0.00000   0.08542   0.16220   0.00855   0.05044   0.00000   0.01289   0.05582   0.00000   0.03125   0.00726   0.01559   0.03213   0.05789   0.04078   0.03083   0.04877   0.05460   0.00000   0.30178   0.02513   0.25467   0.00000   0.22277   0.06233   0.02770   0.00000   0.05408   0.01893   0.60239   0.06736   0.26658   0.00000   0.25865   0.02658   0.02283   0.12171   0.14094   0.19961   0.13086   0.00000   0.02409   0.00731   0.01632   0.03207   0.05688   0.02491   0.16634   0.00000   0.27254   0.14289   0.00000   0.00000   0.44974   0.13786   0.04417   2.82252   4.78091   3.29485   2.36221   3.03698   0.38653   0.92608   1.29955   0.00000   4.71102   2.57590   1.79854   0.99444   0.40601   4.82738   1.00000  
242 63.4786  11702.633548  x:  2.81139  16.44362   1.92995  12.04537   0.05702   5.71390  11.22144   7.25493   5.93276   0.52477   0.32752   0.09386   0.00000   0.04948   0.31775   0.22616   0.40821   0.39208   0.18352   0.13974   0.17168   0.76969   0.00000   0.00000   0.64096   0.00000   1.52249   0.02551   0.47725   0.12036   0.15304   0.24865   0.44562   0.59652   1.47705   1.07809   0.68266   0.16932   0.00000   0.07405   0.39040   0.99299   0.00000   0.81777   0.53566   1.09192   0.07209   0.08251   0.15451   1.14509   0.00000   0.47004   0.01845   0.07190   0.00000   1.04410   0.00000   0.46062   0.00000   0.41993   0.16993   0.26286   0.03663   0.07260   0.02773   0.17211   0.02507   0.21182   0.01013   0.20864   0.03409   0.01808   0.08616   0.02381   0.00000   0.00000   0.52308   0.06478   0.10785   0.01570   0.00000   0.01820   0.07580   0.03162   0.00000   0.00000   0.08379   0.16268   0.00856   0.05014   0.00000   0.01288   0.05569   0.00000   0.03123   0.00726   0.01557   0.03213   0.05792   0.04084   0.03066   0.04865   0.05560   0.00000   0.30047   0.02534   0.24928   0.00000   0.22326   0.06475   0.02751   0.00000   0.05395   0.01898   0.60292   0.06582   0.26928   0.00000   0.26026   0.02581   0.02279   0.12122   0.14281   0.19622   0.13059   0.00000   0.02406   0.00730   0.01630   0.03201   0.05651   0.02516   0.17189   0.00000   0.27243   0.14519   0.00000   0.00000   0.44905   0.14309   0.04295   2.82381   4.79100   3.30352   2.38120   3.03588   0.37430   0.94157   1.31456   0.00000   4.72779   2.58203   1.79908   0.99446   0.40407   4.85735   1.00000  
243 47.2604  11702.454013  x:  2.81272  16.54738   1.92656  12.11496   0.04629   5.72965  11.27722   7.28085   5.95386   0.52665   0.32129   0.09539   0.00000   0.04226   0.32026   0.22324   0.41045   0.39189   0.18302   0.14008   0.17069   0.77125   0.00000   0.00000   0.64415   0.00000   1.53408   0.02349   0.48306   0.12199   0.15759   0.24676   0.44037   0.58148   1.50107   1.10484   0.68458   0.15572   0.00000   0.07467   0.37527   0.98764   0.00000   0.81901   0.53065   1.08785   0.07613   0.08871   0.15486   1.14113   0.00000   0.47188   0.02004   0.06921   0.00000   1.05170   0.00000   0.46349   0.00000   0.41952   0.17052   0.25651   0.03590   0.07335   0.02962   0.17225   0.02384   0.21240   0.01015   0.20778   0.03418   0.01811   0.08309   0.02373   0.00000   0.00000   0.52151   0.06552   0.10804   0.01568   0.00000   0.01818   0.07688   0.03130   0.00000   0.00000   0.08572   0.16404   0.00855   0.04995   0.00000   0.01289   0.05584   0.00000   0.03127   0.00725   0.01557   0.03213   0.05787   0.04076   0.03064   0.04867   0.05267   0.00000   0.29768   0.02792   0.24496   0.00000   0.22811   0.06411   0.02735   0.00000   0.05364   0.01903   0.60546   0.06464   0.27109   0.00000   0.26000   0.02426   0.02414   0.11724   0.14283   0.19343   0.13129   0.00000   0.02402   0.00729   0.01628   0.03195   0.05669   0.02423   0.17382   0.00000   0.27674   0.15086   0.00000   0.00000   0.44527   0.14507   0.04091   2.82514   4.80232   3.31322   2.40081   3.03347   0.36059   0.95781   1.33007   0.00000   4.74673   2.58835   1.80086   0.99455   0.40498   4.89116   1.00000  
244 60.3834  11702.263193  x:  2.81403  16.66526   1.92281  12.19399   0.03472   5.74698  11.34023   7.30993   5.97766   0.52571   0.31606   0.09663   0.00000   0.04788   0.32410   0.22296   0.41518   0.39077   0.18144   0.13543   0.16554   0.77660   0.00000   0.00000   0.64470   0.00000   1.54766   0.02627   0.49332   0.12087   0.16074   0.24802   0.43559   0.56350   1.53157   1.13075   0.68306   0.14203   0.00000   0.07515   0.35788   0.97988   0.00000   0.82118   0.52872   1.08557   0.07327   0.08723   0.15222   1.13679   0.00000   0.47579   0.01887   0.07096   0.00000   1.05646   0.00000   0.46629   0.00000   0.42064   0.17507   0.25627   0.03962   0.06746   0.02740   0.17533   0.02581   0.21549   0.00993   0.21141   0.03364   0.01811   0.08440   0.02381   0.00000   0.00000   0.52149   0.06476   0.10835   0.01568   0.00000   0.01812   0.07589   0.03156   0.00000   0.00000   0.08543   0.16381   0.00854   0.05019   0.00000   0.01291   0.05605   0.00000   0.03138   0.00724   0.01559   0.03216   0.05790   0.04065   0.03079   0.04862   0.05149   0.00000   0.29496   0.02877   0.24544   0.00000   0.23322   0.05840   0.02766   0.00000   0.05402   0.01888   0.61007   0.06691   0.27011   0.00000   0.25858   0.02527   0.02381   0.11600   0.14141   0.19548   0.13125   0.00000   0.02396   0.00729   0.01628   0.03194   0.05671   0.02459   0.16910   0.00000   0.28146   0.14841   0.00000   0.00000   0.44012   0.14092   0.04417   2.82646   4.81484   3.32394   2.42036   3.02947   0.34564   0.97432   1.34555   0.00000   4.76778   2.59463   1.80335   0.99471   0.41031   4.92846   1.00000  
245 56.9618  11702.110196  x:  2.81501  16.76714   1.91972  12.26229   0.02518   5.76138  11.39431   7.33473   5.99803   0.52238   0.31692   0.09858   0.00000   0.04477   0.32529   0.22546   0.41994   0.39000   0.18104   0.13468   0.16566   0.78431   0.00000   0.00000   0.64188   0.00000   1.55901   0.02380   0.50282   0.11673   0.15960   0.25243   0.43443   0.55153   1.56022   1.14777   0.68059   0.13849   0.00000   0.07514   0.34446   0.97265   0.00000   0.82409   0.53161   1.08650   0.07468   0.08702   0.14833   1.13403   0.00000   0.48018   0.01910   0.07063   0.00000   1.05653   0.00000   0.46711   0.00000   0.42363   0.17741   0.26464   0.03663   0.07212   0.02653   0.17384   0.02379   0.21689   0.01002   0.21491   0.03388   0.01808   0.08451   0.02378   0.00000   0.00000   0.52366   0.06301   0.10941   0.01566   0.00000   0.01791   0.07683   0.03143   0.00000   0.00000   0.08500   0.16328   0.00859   0.05001   0.00000   0.01292   0.05594   0.00000   0.03139   0.00724   0.01556   0.03220   0.05788   0.04079   0.03066   0.04842   0.05820   0.00000   0.29614   0.02400   0.24874   0.00000   0.23279   0.06287   0.02736   0.00000   0.05382   0.01914   0.61536   0.06646   0.26725   0.00000   0.25870   0.02795   0.02117   0.12111   0.14178   0.20019   0.13047   0.00000   0.02391   0.00730   0.01625   0.03189   0.05663   0.02689   0.16713   0.00000   0.28137   0.14232   0.00000   0.00000   0.43679   0.13644   0.04572   2.82743   4.82530   3.33284   2.43411   3.02481   0.33378   0.98663   1.35661   0.00000   4.78547   2.59907   1.80436   0.99467   0.40970   4.95954   1.00000  
246 44.8363  11701.877383  x:  2.81632  16.93971   1.91476  12.37792   0.01006   5.78461  11.48514   7.37599   6.03217   0.51387   0.32551   0.09988   0.00000   0.04691   0.32147   0.22926   0.42575   0.38977   0.18268   0.13963   0.17342   0.80078   0.00000   0.00000   0.63273   0.00000   1.57651   0.02258   0.51475   0.11193   0.15420   0.26138   0.43713   0.54343   1.61147   1.16562   0.67606   0.15155   0.00000   0.07610   0.32706   0.96124   0.00000   0.83063   0.54417   1.09324   0.07838   0.08503   0.14008   1.13229   0.00000   0.48561   0.02053   0.06875   0.00000   1.04907   0.00000   0.46446   0.00000   0.42881   0.17723   0.27668   0.03838   0.06999   0.02458   0.17564   0.02609   0.21323   0.00995   0.21034   0.03404   0.01808   0.08521   0.02382   0.00000   0.00000   0.52965   0.06352   0.11127   0.01569   0.00000   0.01755   0.07686   0.03166   0.00000   0.00000   0.08641   0.16511   0.00867   0.04984   0.00000   0.01295   0.05645   0.00000   0.03160   0.00727   0.01559   0.03238   0.05816   0.04093   0.03084   0.04858   0.05521   0.00000   0.30357   0.02500   0.25319   0.00000   0.21903   0.06234   0.02759   0.00000   0.05396   0.01920   0.62157   0.06859   0.26506   0.00000   0.25913   0.02661   0.02290   0.11971   0.13949   0.19969   0.12987   0.00000   0.02391   0.00732   0.01627   0.03196   0.05675   0.02589   0.17014   0.00000   0.27679   0.15164   0.00000   0.00000   0.43482   0.14169   0.04417   2.82875   4.84233   3.34726   2.45154   3.01479   0.31619   1.00388   1.37116   0.00000   4.81443   2.60476   1.80415   0.99467   0.41985   5.00880   1.00000  
247 38.3061  11701.641921  x:  2.81715  17.05650   1.91173  12.45624   0.00000   5.79967  11.54620   7.40366   6.05504   0.51029   0.32887   0.09479   0.00000   0.04779   0.31858   0.22842   0.42585   0.39135   0.18350   0.13678   0.17124   0.81109   0.00000   0.00000   0.62719   0.00000   1.58669   0.01964   0.51628   0.11568   0.15338   0.26240   0.43979   0.54872   1.64626   1.17034   0.67248   0.16515   0.00000   0.07666   0.32048   0.95627   0.00000   0.83575   0.55695   1.10124   0.07926   0.08509   0.13757   1.13410   0.00000   0.48695   0.02198   0.06680   0.00000   1.04139   0.00000   0.46267   0.00000   0.43084   0.17404   0.27296   0.03942   0.06869   0.02543   0.17534   0.02725   0.21550   0.00987   0.21209   0.03397   0.01807   0.08578   0.02384   0.00000   0.00000   0.53364   0.06319   0.10999   0.01569   0.00000   0.01764   0.07754   0.03165   0.00000   0.00000   0.08695   0.16681   0.00872   0.04971   0.00000   0.01297   0.05677   0.00000   0.03171   0.00728   0.01560   0.03247   0.05827   0.04103   0.03088   0.04853   0.05578   0.00000   0.30629   0.02475   0.25175   0.00000   0.22250   0.06210   0.02757   0.00000   0.05400   0.01927   0.62170   0.06856   0.27093   0.00000   0.26051   0.02593   0.02278   0.11772   0.14320   0.19770   0.13207   0.00000   0.02391   0.00733   0.01626   0.03199   0.05677   0.02700   0.17232   0.00000   0.27633   0.14861   0.00000   0.00000   0.43881   0.14228   0.04384   2.82957   4.85352   3.35665   2.45937   3.00717   0.30678   1.01391   1.37860   0.00000   4.83351   2.60758   1.80062   0.99470   0.42471   5.04002   1.00000  
248 40.7237  11701.641921  x:  2.81715  17.05650   1.91173  12.45624   0.00000   5.79967  11.54620   7.40366   6.05504   0.51029   0.32887   0.09479   0.00000   0.04779   0.31858   0.22842   0.42585   0.39135   0.18350   0.13678   0.17124   0.81109   0.00000   0.00000   0.62719   0.00000   1.58669   0.01964   0.51628   0.11568   0.15338   0.26240   0.43979   0.54872   1.64626   1.17034   0.67248   0.16515   0.00000   0.07666   0.32048   0.95627   0.00000   0.83575   0.55695   1.10124   0.07926   0.08509   0.13757   1.13410   0.00000   0.48695   0.02198   0.06680   0.00000   1.04139   0.00000   0.46267   0.00000   0.43084   0.17404   0.27296   0.03942   0.06869   0.02543   0.17534   0.02725   0.21550   0.00987   0.21209   0.03397   0.01807   0.08578   0.02384   0.00000   0.00000   0.53364   0.06319   0.10999   0.01569   0.00000   0.01764   0.07754   0.03165   0.00000   0.00000   0.08695   0.16681   0.00872   0.04971   0.00000   0.01297   0.05677   0.00000   0.03171   0.00728   0.01560   0.03247   0.05827   0.04103   0.03088   0.04853   0.05578   0.00000   0.30629   0.02475   0.25175   0.00000   0.22250   0.06210   0.02757   0.00000   0.05400   0.01927   0.62170   0.06856   0.27093   0.00000   0.26051   0.02593   0.02278   0.11772   0.14320   0.19770   0.13207   0.00000   0.02391   0.00733   0.01626   0.03199   0.05677   0.02700   0.17232   0.00000   0.27633   0.14861   0.00000   0.00000   0.43881   0.14228   0.04384   2.82957   4.85352   3.35665   2.45937   3.00717   0.30678   1.01391   1.37860   0.00000   4.83351   2.60758   1.80062   0.99470   0.42471   5.04002   1.00000  
249 72.3526  11701.589305  x:  2.81715  17.05655   1.91174  12.45627   0.00001   5.79967  11.54621   7.40366   6.05505   0.51033   0.32872   0.09476   0.00000   0.04753   0.31859   0.22839   0.42580   0.39138   0.18350   0.13673   0.17113   0.81106   0.00000   0.00000   0.62730   0.00000   1.58668   0.01985   0.51626   0.11574   0.15345   0.26234   0.43979   0.54893   1.64631   1.17023   0.67244   0.16518   0.00000   0.07645   0.32041   0.95636   0.00000   0.83576   0.55689   1.10127   0.07900   0.08490   0.13766   1.13417   0.00000   0.48688   0.02186   0.06687   0.00000   1.04125   0.00000   0.46265   0.00000   0.43078   0.17405   0.27288   0.03917   0.06864   0.02534   0.17515   0.02696   0.21538   0.01003   0.21201   0.03400   0.01733   0.08553   0.02386   0.00000   0.00000   0.53362   0.06324   0.10984   0.01557   0.00000   0.01708   0.07751   0.03160   0.00000   0.00000   0.08682   0.16664   0.00920   0.04967   0.00000   0.01314   0.05687   0.00000   0.03182   0.00747   0.01570   0.03237   0.05827   0.04105   0.03106   0.04824   0.05575   0.00000   0.30621   0.02477   0.25175   0.00000   0.22271   0.06226   0.02759   0.00000   0.05382   0.01962   0.62169   0.06840   0.27090   0.00000   0.26052   0.02613   0.02283   0.11779   0.14316   0.19763   0.13198   0.00000   0.02392   0.00761   0.01613   0.03192   0.05664   0.02663   0.17215   0.00000   0.27635   0.14856   0.00000   0.00000   0.43883   0.14220   0.04388   2.82957   4.85352   3.35665   2.45931   3.00715   0.30680   1.01387   1.37857   0.00000   4.83350   2.60757   1.80061   0.99302   0.42559   5.03998   1.00000  
250 44.3970  11701.420881  x:  2.81715  17.05687   1.91178  12.45649   0.00002   5.79964  11.54633   7.40370   6.05510   0.51062   0.32783   0.09468   0.00000   0.04592   0.31872   0.22832   0.42552   0.39165   0.18359   0.13651   0.17049   0.81083   0.00000   0.00000   0.62808   0.00000   1.58668   0.02123   0.51616   0.11617   0.15396   0.26196   0.43982   0.55033   1.64663   1.16948   0.67222   0.16537   0.00000   0.07526   0.31999   0.95698   0.00000   0.83588   0.55654   1.10151   0.07739   0.08378   0.13834   1.13463   0.00000   0.48642   0.02126   0.06744   0.00000   1.04038   0.00000   0.46259   0.00000   0.43043   0.17415   0.27245   0.03771   0.06846   0.02492   0.17397   0.02522   0.21469   0.01096   0.21155   0.03429   0.01345   0.08409   0.02403   0.00000   0.00000   0.53350   0.06364   0.10901   0.01507   0.00000   0.01388   0.07743   0.03135   0.00000   0.00000   0.08611   0.16566   0.01157   0.04943   0.00000   0.01412   0.05765   0.00000   0.03248   0.00828   0.01631   0.03186   0.05833   0.04125   0.03220   0.04643   0.05571   0.00000   0.30573   0.02496   0.25177   0.00000   0.22416   0.06340   0.02772   0.00000   0.05280   0.02166   0.62164   0.06749   0.27075   0.00000   0.26065   0.02747   0.02328   0.11830   0.14299   0.19728   0.13148   0.00000   0.02406   0.00864   0.01558   0.03161   0.05590   0.02438   0.17110   0.00000   0.27653   0.14836   0.00000   0.00000   0.43907   0.14180   0.04427   2.82957   4.85352   3.35663   2.45889   3.00700   0.30699   1.01367   1.37833   0.00000   4.83349   2.60746   1.80053   0.99428   0.43107   5.03968   1.00000  
251 52.4166  11700.871098  x:  2.81716  17.05835   1.91198  12.45750   0.00005   5.79951  11.54685   7.40390   6.05530   0.51196   0.32395   0.09443   0.00000   0.03998   0.31934   0.22808   0.42431   0.39283   0.18401   0.13564   0.16778   0.80985   0.00000   0.00000   0.63152   0.00000   1.58667   0.02663   0.51571   0.11792   0.15618   0.26033   0.44001   0.55660   1.64807   1.16611   0.67124   0.16625   0.00000   0.07115   0.31806   0.95974   0.00000   0.83640   0.55495   1.10256   0.07139   0.07986   0.14135   1.13672   0.00000   0.48445   0.01919   0.06991   0.00000   1.03646   0.00000   0.46231   0.00000   0.42888   0.17491   0.27065   0.03282   0.06862   0.02347   0.16938   0.01907   0.21179   0.01132   0.20961   0.03554   0.01606   0.07908   0.02428   0.00000   0.00000   0.53307   0.06568   0.10633   0.01577   0.00000   0.00822   0.07760   0.03085   0.00000   0.00000   0.08359   0.16174   0.01110   0.04821   0.00000   0.01383   0.06019   0.00000   0.03325   0.00538   0.01598   0.03074   0.05807   0.04174   0.03462   0.04030   0.05580   0.00000   0.30367   0.02591   0.25203   0.00000   0.23029   0.06782   0.02701   0.00000   0.04924   0.02419   0.62142   0.06424   0.27001   0.00000   0.26118   0.03239   0.02505   0.12041   0.14232   0.19580   0.12944   0.00000   0.02424   0.00359   0.01584   0.03099   0.05366   0.01646   0.16695   0.00000   0.27736   0.14769   0.00000   0.00000   0.44011   0.14007   0.04586   2.82959   4.85349   3.35656   2.45698   3.00632   0.30782   1.01276   1.37730   0.00000   4.83346   2.60697   1.80011   0.99573   0.45871   5.03835   1.00000  
252 63.4246  11700.064907  x:  2.81718  17.06003   1.91221  12.45865   0.00007   5.79937  11.54745   7.40413   6.05553   0.51348   0.31963   0.09421   0.00000   0.03373   0.32008   0.22784   0.42295   0.39419   0.18451   0.13472   0.16479   0.80875   0.00000   0.00000   0.63542   0.00000   1.58665   0.03259   0.51522   0.11986   0.15868   0.25851   0.44025   0.56370   1.64971   1.16229   0.67014   0.16725   0.00000   0.06688   0.31588   0.96288   0.00000   0.83700   0.55315   1.10376   0.06499   0.07579   0.14477   1.13909   0.00000   0.48225   0.01703   0.07268   0.00000   1.03203   0.00000   0.46202   0.00000   0.42716   0.17590   0.26867   0.02776   0.06907   0.02202   0.16446   0.01270   0.20858   0.01148   0.20748   0.03688   0.01953   0.07382   0.02451   0.00000   0.00000   0.53261   0.06807   0.10357   0.01656   0.00000   0.00395   0.07795   0.03044   0.00000   0.00000   0.08097   0.15748   0.01004   0.04702   0.00000   0.01326   0.06284   0.00000   0.03395   0.00387   0.01561   0.02980   0.05781   0.04225   0.03688   0.03426   0.05601   0.00000   0.30138   0.02703   0.25237   0.00000   0.23713   0.07262   0.02616   0.00000   0.04560   0.02625   0.62118   0.06084   0.26915   0.00000   0.26178   0.03773   0.02702   0.12276   0.14161   0.19418   0.12724   0.00000   0.02444   0.00309   0.01640   0.03053   0.05145   0.00828   0.16244   0.00000   0.27832   0.14701   0.00000   0.00000   0.44130   0.13817   0.04764   2.82961   4.85346   3.35648   2.45481   3.00556   0.30876   1.01174   1.37612   0.00000   4.83343   2.60642   1.79958   0.99751   0.49191   5.03681   1.00000  
253 1065.9573  11700.015098  x:  2.81719  17.06020   1.91223  12.45876   0.00008   5.79936  11.54751   7.40415   6.05556   0.51364   0.31922   0.09422   0.00000   0.03326   0.32018   0.22785   0.42283   0.39434   0.18458   0.13466   0.16451   0.80865   0.00000   0.00000   0.63582   0.00000   1.58665   0.03322   0.51518   0.12006   0.15895   0.25834   0.44028   0.56443   1.64988   1.16190   0.67003   0.16736   0.00000   0.06656   0.31566   0.96321   0.00000   0.83707   0.55297   1.10388   0.06448   0.07550   0.14513   1.13934   0.00000   0.48205   0.01688   0.07297   0.00000   1.03158   0.00000   0.46201   0.00000   0.42700   0.17605   0.26850   0.02738   0.06920   0.02195   0.16406   0.01227   0.20830   0.01159   0.20729   0.03703   0.01952   0.07342   0.02456   0.00000   0.00000   0.53259   0.06835   0.10337   0.01659   0.00000   0.00424   0.07804   0.03044   0.00000   0.00000   0.08077   0.15711   0.01020   0.04699   0.00000   0.01332   0.06310   0.00000   0.03405   0.00444   0.01568   0.02978   0.05783   0.04232   0.03710   0.03400   0.05607   0.00000   0.30117   0.02719   0.25243   0.00000   0.23782   0.07309   0.02615   0.00000   0.04537   0.02650   0.62116   0.06060   0.26907   0.00000   0.26186   0.03830   0.02726   0.12301   0.14157   0.19404   0.12707   0.00000   0.02448   0.00233   0.01639   0.03052   0.05131   0.00780   0.16206   0.00000   0.27845   0.14698   0.00000   0.00000   0.44143   0.13800   0.04784   2.82961   4.85346   3.35647   2.45459   3.00549   0.30886   1.01164   1.37601   0.00000   4.83342   2.60637   1.79951   0.99765   0.49520   5.03664   1.00000  
254 190.3726  11699.991184  x:  2.81719  17.06034   1.91225  12.45886   0.00008   5.79935  11.54756   7.40417   6.05558   0.51379   0.31893   0.09429   0.00000   0.03311   0.32030   0.22789   0.42276   0.39448   0.18466   0.13465   0.16435   0.80858   0.00000   0.00000   0.63616   0.00000   1.58666   0.03384   0.51517   0.12024   0.15918   0.25825   0.44034   0.56502   1.65002   1.16160   0.66997   0.16747   0.00000   0.06646   0.31549   0.96347   0.00000   0.83713   0.55284   1.10399   0.06423   0.07541   0.14542   1.13955   0.00000   0.48192   0.01684   0.07324   0.00000   1.03125   0.00000   0.46204   0.00000   0.42689   0.17625   0.26840   0.02722   0.06939   0.02200   0.16388   0.01220   0.20814   0.01181   0.20720   0.03720   0.01939   0.07325   0.02466   0.00000   0.00000   0.53260   0.06862   0.10330   0.01665   0.00000   0.00485   0.07815   0.03049   0.00000   0.00000   0.08070   0.15690   0.01059   0.04701   0.00000   0.01350   0.06335   0.00000   0.03416   0.00361   0.01575   0.02978   0.05791   0.04242   0.03738   0.03416   0.05619   0.00000   0.30105   0.02739   0.25251   0.00000   0.23840   0.07349   0.02626   0.00000   0.04535   0.02686   0.62118   0.06055   0.26904   0.00000   0.26198   0.03888   0.02753   0.12324   0.14160   0.19397   0.12702   0.00000   0.02457   0.00221   0.01632   0.03056   0.05129   0.00790   0.16187   0.00000   0.27859   0.14701   0.00000   0.00000   0.44157   0.13792   0.04805   2.82961   4.85346   3.35647   2.45442   3.00543   0.30896   1.01157   1.37592   0.00000   4.83342   2.60632   1.79944   0.99766   0.49656   5.03653   1.00000  
255 43.0327  11699.914294  x:  2.81719  17.06111   1.91234  12.45937   0.00014   5.79930  11.54782   7.40424   6.05571   0.51468   0.31743   0.09479   0.00000   0.03264   0.32103   0.22824   0.42245   0.39538   0.18521   0.13473   0.16355   0.80825   0.00000   0.00000   0.63806   0.00000   1.58672   0.03762   0.51517   0.12132   0.16056   0.25777   0.44070   0.56838   1.65080   1.15993   0.66969   0.16816   0.00000   0.06605   0.31453   0.96496   0.00000   0.83749   0.55215   1.10461   0.06315   0.07519   0.14713   1.14077   0.00000   0.48130   0.01670   0.07478   0.00000   1.02940   0.00000   0.46225   0.00000   0.42638   0.17736   0.26793   0.02651   0.07052   0.02259   0.16304   0.01204   0.20735   0.01263   0.20683   0.03828   0.02144   0.07259   0.02520   0.00000   0.00000   0.53269   0.07017   0.10283   0.01749   0.00000   0.00478   0.07866   0.03077   0.00000   0.00000   0.08046   0.15578   0.01088   0.04711   0.00000   0.01398   0.06494   0.00000   0.03476   0.00403   0.01587   0.02985   0.05830   0.04309   0.03910   0.03510   0.05695   0.00000   0.30047   0.02857   0.25308   0.00000   0.24169   0.07587   0.02680   0.00000   0.04535   0.02877   0.62134   0.06043   0.26895   0.00000   0.26273   0.04237   0.02907   0.12459   0.14188   0.19367   0.12685   0.00000   0.02507   0.00247   0.01634   0.03080   0.05128   0.00895   0.16098   0.00000   0.27947   0.14731   0.00000   0.00000   0.44240   0.13757   0.04933   2.82961   4.85347   3.35644   2.45348   3.00509   0.30954   1.01117   1.37545   0.00000   4.83342   2.60609   1.79905   0.99748   0.49844   5.03594   1.00000  
256 34.7475  11699.845864  x:  2.81720  17.06211   1.91247  12.46003   0.00021   5.79925  11.54815   7.40433   6.05589   0.51583   0.31576   0.09558   0.00000   0.03328   0.32199   0.22876   0.42214   0.39650   0.18590   0.13500   0.16282   0.80787   0.00000   0.00000   0.64041   0.00000   1.58679   0.04155   0.51520   0.12242   0.16216   0.25725   0.44122   0.57254   1.65180   1.15783   0.66937   0.16904   0.00000   0.06648   0.31332   0.96686   0.00000   0.83795   0.55127   1.10540   0.06301   0.07595   0.14922   1.14233   0.00000   0.48063   0.01614   0.07591   0.00120   1.02712   0.00000   0.46260   0.00000   0.42581   0.17863   0.26749   0.02674   0.07180   0.02327   0.16271   0.01204   0.20666   0.01154   0.20657   0.03842   0.02026   0.07286   0.02470   0.00000   0.00000   0.53284   0.07179   0.10251   0.01595   0.00000   0.00413   0.07923   0.03076   0.00000   0.00000   0.08066   0.15481   0.00929   0.04721   0.00000   0.01297   0.06564   0.00000   0.03455   0.00384   0.01553   0.03006   0.05831   0.04310   0.03907   0.03565   0.05786   0.00000   0.29985   0.02896   0.25378   0.00000   0.24517   0.07782   0.02620   0.00000   0.04569   0.02817   0.62156   0.06033   0.26889   0.00000   0.26349   0.04456   0.02896   0.12583   0.14220   0.19348   0.12667   0.00000   0.02461   0.00236   0.01644   0.03081   0.05168   0.00871   0.16022   0.00000   0.28052   0.14770   0.00000   0.00000   0.44338   0.13713   0.05051   2.82962   4.85349   3.35640   2.45229   3.00466   0.31032   1.01069   1.37488   0.00000   4.83342   2.60580   1.79849   0.99734   0.49943   5.03517   1.00000  
257 27.0871  11699.783784  x:  2.81721  17.06340   1.91262  12.46088   0.00031   5.79918  11.54858   7.40444   6.05612   0.51728   0.31375   0.09654   0.00000   0.03381   0.32309   0.22933   0.42175   0.39784   0.18665   0.13535   0.16202   0.80738   0.00000   0.00000   0.64332   0.00000   1.58686   0.04543   0.51518   0.12345   0.16396   0.25655   0.44188   0.57770   1.65307   1.15513   0.66895   0.17013   0.00000   0.06687   0.31177   0.96929   0.00000   0.83855   0.55012   1.10638   0.06296   0.07693   0.15176   1.14429   0.00000   0.47977   0.01510   0.07657   0.00303   1.02421   0.00000   0.46303   0.00000   0.42505   0.17984   0.26694   0.02655   0.07237   0.02320   0.16259   0.01137   0.20595   0.01099   0.20631   0.03793   0.02032   0.07331   0.02427   0.00000   0.00000   0.53299   0.07334   0.10215   0.01700   0.00000   0.00526   0.07984   0.03027   0.00000   0.00000   0.08091   0.15389   0.01043   0.04723   0.00000   0.01321   0.06553   0.00000   0.03415   0.00406   0.01552   0.02987   0.05807   0.04260   0.03798   0.03473   0.05859   0.00000   0.29905   0.02842   0.25452   0.00000   0.24882   0.07918   0.02551   0.00000   0.04553   0.02658   0.62181   0.05987   0.26877   0.00000   0.26417   0.04541   0.02749   0.12685   0.14241   0.19327   0.12636   0.00000   0.02421   0.00254   0.01645   0.03052   0.05176   0.00662   0.15939   0.00000   0.28168   0.14801   0.00000   0.00000   0.44450   0.13642   0.05132   2.82963   4.85353   3.35635   2.45076   3.00411   0.31133   1.01006   1.37414   0.00000   4.83343   2.60543   1.79784   0.99727   0.49910   5.03417   1.00000  
258 36.4467  11699.737538  x:  2.81722  17.06470   1.91278  12.46173   0.00040   5.79912  11.54900   7.40456   6.05636   0.51866   0.31205   0.09745   0.00000   0.03425   0.32400   0.22979   0.42142   0.39901   0.18720   0.13576   0.16155   0.80694   0.00000   0.00000   0.64600   0.00000   1.58691   0.04740   0.51512   0.12387   0.16532   0.25586   0.44255   0.58247   1.65431   1.15246   0.66852   0.17114   0.00000   0.06732   0.31026   0.97169   0.00000   0.83914   0.54897   1.10730   0.06329   0.07802   0.15405   1.14615   0.00000   0.47898   0.01491   0.07661   0.00473   1.02138   0.00000   0.46348   0.00000   0.42429   0.18064   0.26649   0.02639   0.07217   0.02286   0.16334   0.01145   0.20568   0.01259   0.20628   0.03725   0.02077   0.07405   0.02481   0.00000   0.00000   0.53308   0.07408   0.10185   0.01731   0.00000   0.00395   0.08008   0.02998   0.00000   0.00000   0.08139   0.15354   0.01075   0.04727   0.00000   0.01414   0.06432   0.00000   0.03391   0.00387   0.01603   0.02993   0.05786   0.04216   0.03657   0.03479   0.05890   0.00000   0.29840   0.02747   0.25513   0.00000   0.25111   0.07877   0.02629   0.00000   0.04560   0.02585   0.62200   0.05998   0.26847   0.00000   0.26455   0.04459   0.02627   0.12718   0.14249   0.19314   0.12647   0.00000   0.02472   0.00239   0.01628   0.03064   0.05176   0.00710   0.15938   0.00000   0.28263   0.14822   0.00000   0.00000   0.44545   0.13577   0.05120   2.82965   4.85357   3.35631   2.44923   3.00357   0.31234   1.00942   1.37342   0.00000   4.83345   2.60507   1.79725   0.99724   0.49996   5.03311   1.00000  
259 28.5492  11699.674933  x:  2.81724  17.06691   1.91305  12.46319   0.00055   5.79902  11.54973   7.40475   6.05676   0.52086   0.30941   0.09874   0.00000   0.03354   0.32519   0.23029   0.42084   0.40073   0.18780   0.13632   0.16096   0.80619   0.00000   0.00000   0.65026   0.00000   1.58696   0.04882   0.51493   0.12395   0.16707   0.25465   0.44364   0.59007   1.65638   1.14796   0.66776   0.17272   0.00000   0.06695   0.30773   0.97570   0.00000   0.84011   0.54700   1.10877   0.06284   0.07859   0.15760   1.14916   0.00000   0.47756   0.01529   0.07622   0.00704   1.01666   0.00000   0.46421   0.00000   0.42291   0.18136   0.26585   0.02565   0.07077   0.02152   0.16451   0.01027   0.20542   0.01312   0.20631   0.03660   0.02085   0.07411   0.02538   0.00000   0.00000   0.53315   0.07448   0.10147   0.01627   0.00000   0.00496   0.08014   0.02970   0.00000   0.00000   0.08173   0.15333   0.00976   0.04673   0.00000   0.01350   0.06258   0.00000   0.03421   0.00400   0.01552   0.02958   0.05754   0.04217   0.03648   0.03394   0.05865   0.00000   0.29744   0.02601   0.25584   0.00000   0.25361   0.07680   0.02739   0.00000   0.04516   0.02764   0.62227   0.06000   0.26789   0.00000   0.26487   0.04248   0.02545   0.12715   0.14236   0.19294   0.12688   0.00000   0.02520   0.00250   0.01631   0.03064   0.05110   0.00829   0.15963   0.00000   0.28386   0.14823   0.00000   0.00000   0.44685   0.13482   0.05027   2.82967   4.85365   3.35623   2.44663   3.00265   0.31404   1.00833   1.37220   0.00000   4.83349   2.60447   1.79647   0.99726   0.49979   5.03131   1.00000  
260 34.5311  11699.611128  x:  2.81728  17.06954   1.91337  12.46492   0.00072   5.79890  11.55059   7.40499   6.05724   0.52329   0.30671   0.10010   0.00000   0.03275   0.32630   0.23069   0.42022   0.40247   0.18823   0.13689   0.16055   0.80535   0.00000   0.00000   0.65495   0.00000   1.58699   0.04874   0.51465   0.12341   0.16856   0.25325   0.44491   0.59846   1.65881   1.14269   0.66684   0.17444   0.00000   0.06645   0.30482   0.98038   0.00000   0.84124   0.54467   1.11041   0.06205   0.07871   0.16141   1.15256   0.00000   0.47583   0.01624   0.07545   0.00882   1.01120   0.00000   0.46507   0.00000   0.42130   0.18208   0.26535   0.02602   0.06997   0.02105   0.16608   0.00973   0.20542   0.01104   0.20650   0.03677   0.02095   0.07375   0.02460   0.00000   0.00000   0.53317   0.07438   0.10120   0.01725   0.00000   0.00421   0.07998   0.02999   0.00000   0.00000   0.08189   0.15350   0.01093   0.04665   0.00000   0.01285   0.06177   0.00000   0.03444   0.00392   0.01553   0.02985   0.05767   0.04266   0.03764   0.03508   0.05792   0.00000   0.29661   0.02539   0.25645   0.00000   0.25523   0.07386   0.02634   0.00000   0.04515   0.02828   0.62259   0.06006   0.26731   0.00000   0.26504   0.04004   0.02583   0.12671   0.14210   0.19285   0.12751   0.00000   0.02448   0.00243   0.01668   0.03068   0.05094   0.00958   0.16019   0.00000   0.28492   0.14802   0.00000   0.00000   0.44834   0.13432   0.04914   2.82970   4.85376   3.35615   2.44356   3.00157   0.31605   1.00702   1.37076   0.00000   4.83354   2.60376   1.79570   0.99729   0.50022   5.02914   1.00000  
261 43.0496  11699.546056  x:  2.81731  17.07267   1.91375  12.46699   0.00093   5.79875  11.55162   7.40526   6.05781   0.52589   0.30399   0.10146   0.00000   0.03216   0.32722   0.23093   0.41955   0.40416   0.18839   0.13736   0.16030   0.80439   0.00000   0.00000   0.66009   0.00000   1.58702   0.04719   0.51426   0.12221   0.16967   0.25163   0.44635   0.60763   1.66167   1.13648   0.66571   0.17629   0.00000   0.06593   0.30146   0.98581   0.00000   0.84255   0.54191   1.11221   0.06084   0.07823   0.16544   1.15639   0.00000   0.47368   0.01702   0.07423   0.00972   1.00487   0.00000   0.46605   0.00000   0.41944   0.18281   0.26504   0.02655   0.07013   0.02156   0.16770   0.01051   0.20568   0.01153   0.20678   0.03789   0.02070   0.07287   0.02416   0.00000   0.00000   0.53315   0.07386   0.10129   0.01722   0.00000   0.00455   0.07963   0.03036   0.00000   0.00000   0.08155   0.15399   0.00959   0.04702   0.00000   0.01493   0.06285   0.00000   0.03444   0.00389   0.01607   0.03005   0.05809   0.04313   0.03908   0.03487   0.05668   0.00000   0.29602   0.02627   0.25689   0.00000   0.25598   0.07090   0.02492   0.00000   0.04525   0.02746   0.62302   0.05962   0.26692   0.00000   0.26509   0.03820   0.02708   0.12594   0.14171   0.19288   0.12804   0.00000   0.02414   0.00246   0.01611   0.03062   0.05124   0.00858   0.16067   0.00000   0.28564   0.14747   0.00000   0.00000   0.44994   0.13459   0.04836   2.82973   4.85388   3.35606   2.43990   3.00028   0.31841   1.00545   1.36905   0.00000   4.83361   2.60293   1.79504   0.99721   0.50002   5.02656   1.00000  
262 45.0764  11699.481988  x:  2.81735  17.07603   1.91416  12.46920   0.00115   5.79860  11.55272   7.40556   6.05842   0.52836   0.30165   0.10265   0.00000   0.03241   0.32784   0.23099   0.41891   0.40557   0.18825   0.13764   0.16023   0.80342   0.00000   0.00000   0.66508   0.00000   1.58704   0.04461   0.51381   0.12050   0.17024   0.25002   0.44781   0.61653   1.66470   1.12994   0.66445   0.17805   0.00000   0.06593   0.29801   0.99146   0.00000   0.84390   0.53899   1.11399   0.06009   0.07789   0.16921   1.16026   0.00000   0.47142   0.01745   0.07294   0.00977   0.99832   0.00000   0.46702   0.00000   0.41755   0.18323   0.26493   0.02684   0.07086   0.02248   0.16869   0.01124   0.20611   0.01266   0.20706   0.03858   0.02091   0.07232   0.02491   0.00000   0.00000   0.53306   0.07299   0.10162   0.01636   0.00000   0.00455   0.07929   0.03043   0.00000   0.00000   0.08097   0.15457   0.01073   0.04724   0.00000   0.01304   0.06461   0.00000   0.03408   0.00397   0.01543   0.02986   0.05820   0.04295   0.03912   0.03473   0.05536   0.00000   0.29571   0.02850   0.25715   0.00000   0.25589   0.06888   0.02596   0.00000   0.04549   0.02632   0.62354   0.05892   0.26673   0.00000   0.26516   0.03760   0.02857   0.12502   0.14140   0.19300   0.12832   0.00000   0.02483   0.00247   0.01643   0.03058   0.05171   0.00684   0.16118   0.00000   0.28592   0.14678   0.00000   0.00000   0.45151   0.13559   0.04818   2.82977   4.85403   3.35596   2.43599   2.99891   0.32091   1.00373   1.36724   0.00000   4.83369   2.60205   1.79454   0.99718   0.49985   5.02380   1.00000  
263 51.6099  11699.428821  x:  2.81739  17.07936   1.91457  12.47140   0.00137   5.79845  11.55381   7.40585   6.05903   0.53032   0.30015   0.10345   0.00000   0.03338   0.32796   0.23082   0.41840   0.40639   0.18776   0.13759   0.16038   0.80255   0.00000   0.00000   0.66928   0.00000   1.58707   0.04161   0.51336   0.11849   0.17007   0.24863   0.44913   0.62400   1.66766   1.12364   0.66316   0.17949   0.00000   0.06655   0.29482   0.99678   0.00000   0.84518   0.53616   1.11553   0.06047   0.07821   0.17220   1.16378   0.00000   0.46940   0.01769   0.07227   0.00903   0.99221   0.00000   0.46787   0.00000   0.41588   0.18291   0.26504   0.02634   0.07138   0.02279   0.16825   0.01009   0.20652   0.01121   0.20722   0.03767   0.02037   0.07268   0.02513   0.00000   0.00000   0.53292   0.07189   0.10219   0.01754   0.00000   0.00450   0.07906   0.03019   0.00000   0.00000   0.08051   0.15517   0.01009   0.04723   0.00000   0.01349   0.06561   0.00000   0.03419   0.00391   0.01596   0.02964   0.05807   0.04229   0.03747   0.03419   0.05443   0.00000   0.29569   0.03131   0.25721   0.00000   0.25495   0.06873   0.02784   0.00000   0.04574   0.02676   0.62415   0.05819   0.26668   0.00000   0.26536   0.03866   0.02955   0.12418   0.14139   0.19313   0.12820   0.00000   0.02497   0.00244   0.01643   0.03065   0.05169   0.00675   0.16189   0.00000   0.28562   0.14624   0.00000   0.00000   0.45286   0.13710   0.04859   2.82982   4.85417   3.35587   2.43213   2.99755   0.32333   1.00200   1.36545   0.00000   4.83378   2.60119   1.79433   0.99712   0.49993   5.02105   1.00000  
264 37.6612  11699.387965  x:  2.81743  17.08237   1.91493  12.47338   0.00156   5.79832  11.55479   7.40612   6.05958   0.53154   0.29958   0.10375   0.00000   0.03375   0.32758   0.23042   0.41807   0.40657   0.18704   0.13723   0.16069   0.80184   0.00000   0.00000   0.67227   0.00000   1.58711   0.03924   0.51298   0.11660   0.16931   0.24766   0.45016   0.62930   1.67029   1.11814   0.66194   0.18046   0.00000   0.06692   0.29223   1.00127   0.00000   0.84624   0.53369   1.11670   0.06135   0.07868   0.17412   1.16661   0.00000   0.46792   0.01784   0.07251   0.00793   0.98713   0.00000   0.46847   0.00000   0.41467   0.18223   0.26520   0.02514   0.07163   0.02250   0.16711   0.00921   0.20683   0.01192   0.20722   0.03682   0.02108   0.07341   0.02423   0.00000   0.00000   0.53276   0.07110   0.10268   0.01632   0.00000   0.00448   0.07899   0.03028   0.00000   0.00000   0.08047   0.15554   0.01068   0.04698   0.00000   0.01402   0.06503   0.00000   0.03447   0.00396   0.01539   0.02985   0.05791   0.04222   0.03670   0.03469   0.05415   0.00000   0.29580   0.03275   0.25706   0.00000   0.25350   0.07018   0.02615   0.00000   0.04558   0.02735   0.62473   0.05728   0.26671   0.00000   0.26563   0.03993   0.02903   0.12364   0.14166   0.19321   0.12765   0.00000   0.02419   0.00248   0.01618   0.03062   0.05121   0.00719   0.16242   0.00000   0.28487   0.14601   0.00000   0.00000   0.45385   0.13828   0.04904   2.82985   4.85430   3.35578   2.42866   2.99633   0.32544   1.00038   1.36384   0.00000   4.83386   2.60042   1.79441   0.99718   0.49995   5.01858   1.00000  
265 30.2427  11699.355638  x:  2.81747  17.08522   1.91528  12.47526   0.00173   5.79819  11.55572   7.40637   6.06010   0.53220   0.29976   0.10369   0.00000   0.03346   0.32686   0.22992   0.41789   0.40629   0.18624   0.13669   0.16110   0.80126   0.00000   0.00000   0.67437   0.00000   1.58718   0.03788   0.51270   0.11500   0.16820   0.24706   0.45098   0.63297   1.67275   1.11314   0.66078   0.18110   0.00000   0.06683   0.29005   1.00520   0.00000   0.84717   0.53144   1.11758   0.06204   0.07881   0.17520   1.16899   0.00000   0.46699   0.01773   0.07318   0.00679   0.98278   0.00000   0.46891   0.00000   0.41388   0.18165   0.26543   0.02496   0.07214   0.02242   0.16606   0.00968   0.20703   0.01268   0.20714   0.03704   0.02049   0.07383   0.02472   0.00000   0.00000   0.53261   0.07087   0.10303   0.01741   0.00000   0.00455   0.07903   0.03060   0.00000   0.00000   0.08077   0.15569   0.01003   0.04677   0.00000   0.01298   0.06374   0.00000   0.03439   0.00392   0.01623   0.03001   0.05780   0.04273   0.03758   0.03497   0.05450   0.00000   0.29597   0.03243   0.25682   0.00000   0.25180   0.07236   0.02510   0.00000   0.04526   0.02753   0.62525   0.05642   0.26684   0.00000   0.26588   0.04049   0.02757   0.12349   0.14208   0.19327   0.12698   0.00000   0.02466   0.00248   0.01662   0.03061   0.05107   0.00736   0.16260   0.00000   0.28391   0.14614   0.00000   0.00000   0.45454   0.13882   0.04919   2.82989   4.85443   3.35571   2.42540   2.99518   0.32736   0.99882   1.36233   0.00000   4.83395   2.59971   1.79474   0.99715   0.49995   5.01626   1.00000  
266 26.9721  11699.316296  x:  2.81752  17.08901   1.91575  12.47775   0.00197   5.79802  11.55696   7.40671   6.06079   0.53264   0.30059   0.10332   0.00000   0.03292   0.32569   0.22923   0.41781   0.40555   0.18520   0.13588   0.16172   0.80058   0.00000   0.00000   0.67646   0.00000   1.58731   0.03715   0.51241   0.11319   0.16653   0.24660   0.45190   0.63659   1.67600   1.10671   0.65924   0.18171   0.00000   0.06647   0.28745   1.01009   0.00000   0.84831   0.52856   1.11856   0.06244   0.07845   0.17597   1.17186   0.00000   0.46626   0.01726   0.07403   0.00547   0.97745   0.00000   0.46937   0.00000   0.41317   0.18097   0.26580   0.02603   0.07268   0.02256   0.16485   0.01080   0.20715   0.01157   0.20695   0.03790   0.02064   0.07386   0.02525   0.00000   0.00000   0.53244   0.07100   0.10327   0.01698   0.00000   0.00444   0.07911   0.03074   0.00000   0.00000   0.08120   0.15571   0.01032   0.04702   0.00000   0.01383   0.06248   0.00000   0.03410   0.00396   0.01522   0.02987   0.05793   0.04318   0.03882   0.03477   0.05545   0.00000   0.29625   0.03079   0.25652   0.00000   0.24936   0.07520   0.02625   0.00000   0.04508   0.02716   0.62587   0.05575   0.26710   0.00000   0.26614   0.04058   0.02600   0.12369   0.14262   0.19335   0.12630   0.00000   0.02510   0.00248   0.01631   0.03068   0.05137   0.00780   0.16244   0.00139   0.28255   0.14661   0.00000   0.00000   0.45523   0.13886   0.04902   2.82994   4.85461   3.35561   2.42108   2.99365   0.32985   0.99669   1.36033   0.00000   4.83406   2.59878   1.79535   0.99718   0.50009   5.01319   1.00000  
267 33.6812  11699.281258  x:  2.81758  17.09313   1.91626  12.48047   0.00221   5.79783  11.55830   7.40708   6.06155   0.53260   0.30213   0.10264   0.00000   0.03290   0.32437   0.22862   0.41791   0.40442   0.18430   0.13505   0.16240   0.79996   0.00000   0.00000   0.67788   0.00000   1.58747   0.03787   0.51227   0.11188   0.16477   0.24655   0.45266   0.63896   1.67947   1.10003   0.65760   0.18212   0.00000   0.06622   0.28503   1.01494   0.00000   0.84942   0.52559   1.11940   0.06212   0.07743   0.17603   1.17463   0.00000   0.46621   0.01675   0.07450   0.00466   0.97232   0.00000   0.46971   0.00000   0.41283   0.18013   0.26628   0.02680   0.07179   0.02253   0.16385   0.01178   0.20711   0.01164   0.20670   0.03832   0.02104   0.07318   0.02410   0.00000   0.00000   0.53230   0.07149   0.10312   0.01633   0.00000   0.00456   0.07914   0.03020   0.00000   0.00000   0.08125   0.15553   0.01056   0.04723   0.00000   0.01347   0.06302   0.00000   0.03412   0.00395   0.01690   0.02973   0.05805   0.04263   0.03835   0.03434   0.05681   0.00000   0.29669   0.02875   0.25633   0.00000   0.24676   0.07706   0.02715   0.00000   0.04554   0.02695   0.62632   0.05627   0.26749   0.00000   0.26624   0.04040   0.02614   0.12439   0.14295   0.19345   0.12624   0.00000   0.02401   0.00252   0.01638   0.03064   0.05171   0.00855   0.16170   0.00098   0.28111   0.14687   0.00000   0.00000   0.45569   0.13816   0.04850   2.83000   4.85480   3.35550   2.41640   2.99200   0.33246   0.99433   1.35817   0.00000   4.83418   2.59777   1.79616   0.99723   0.50006   5.00989   1.00000  
268 25.2755  11699.239130  x:  2.81765  17.09816   1.91688  12.48379   0.00251   5.79761  11.55994   7.40752   6.06248   0.53229   0.30428   0.10172   0.00000   0.03336   0.32287   0.22807   0.41818   0.40295   0.18348   0.13419   0.16319   0.79930   0.00000   0.00000   0.67911   0.00000   1.58769   0.03945   0.51222   0.11077   0.16283   0.24679   0.45343   0.64090   1.68367   1.09210   0.65568   0.18251   0.00000   0.06630   0.28236   1.02056   0.00000   0.85069   0.52210   1.12028   0.06184   0.07646   0.17566   1.17779   0.00000   0.46665   0.01653   0.07479   0.00411   0.96654   0.00000   0.47000   0.00000   0.41266   0.17903   0.26691   0.02735   0.07013   0.02237   0.16286   0.01255   0.20700   0.01213   0.20645   0.03809   0.02045   0.07254   0.02417   0.00000   0.00000   0.53217   0.07216   0.10276   0.01729   0.00000   0.00453   0.07919   0.02987   0.00000   0.00000   0.08118   0.15528   0.01022   0.04736   0.00000   0.01341   0.06436   0.00000   0.03431   0.00397   0.01523   0.02984   0.05822   0.04199   0.03721   0.03452   0.05843   0.00000   0.29735   0.02687   0.25625   0.00000   0.24384   0.07820   0.02654   0.00000   0.04605   0.02687   0.62669   0.05763   0.26804   0.00000   0.26618   0.04015   0.02707   0.12533   0.14307   0.19359   0.12653   0.00000   0.02414   0.00252   0.01641   0.03066   0.05185   0.00904   0.16063   0.00000   0.27957   0.14709   0.00000   0.00000   0.45601   0.13718   0.04804   2.83007   4.85504   3.35537   2.41070   2.98998   0.33559   0.99142   1.35555   0.00000   4.83434   2.59656   1.79719   0.99727   0.50020   5.00588   1.00000  
269 44.4350  11699.206948  x:  2.81771  17.10262   1.91743  12.48672   0.00276   5.79741  11.56139   7.40792   6.06330   0.53172   0.30636   0.10078   0.00000   0.03386   0.32183   0.22786   0.41857   0.40164   0.18323   0.13373   0.16376   0.79885   0.00000   0.00000   0.67952   0.00000   1.58788   0.04130   0.51236   0.11047   0.16159   0.24738   0.45386   0.64140   1.68731   1.08544   0.65412   0.18273   0.00000   0.06669   0.28042   1.02508   0.00000   0.85168   0.51926   1.12088   0.06216   0.07644   0.17479   1.18026   0.00000   0.46765   0.01679   0.07465   0.00412   0.96210   0.00000   0.47005   0.00000   0.41281   0.17802   0.26747   0.02767   0.06888   0.02214   0.16225   0.01250   0.20684   0.01141   0.20633   0.03728   0.02080   0.07274   0.02561   0.00000   0.00000   0.53211   0.07271   0.10232   0.01653   0.00000   0.00456   0.07930   0.03038   0.00000   0.00000   0.08108   0.15506   0.01039   0.04720   0.00000   0.01364   0.06522   0.00000   0.03436   0.00394   0.01614   0.03003   0.05823   0.04232   0.03699   0.03501   0.05940   0.00000   0.29806   0.02655   0.25640   0.00000   0.24193   0.07777   0.02557   0.00000   0.04566   0.02697   0.62675   0.05919   0.26858   0.00000   0.26587   0.03999   0.02788   0.12594   0.14278   0.19369   0.12698   0.00000   0.02545   0.00254   0.01638   0.03071   0.05152   0.00812   0.15976   0.00058   0.27875   0.14735   0.00000   0.00000   0.45592   0.13654   0.04821   2.83014   4.85526   3.35526   2.40569   2.98821   0.33828   0.98881   1.35324   0.00000   4.83448   2.59550   1.79809   0.99728   0.50033   5.00238   1.00000  
270 31.5250  11699.159489  x:  2.81782  17.10984   1.91832  12.49147   0.00316   5.79709  11.56373   7.40857   6.06462   0.53056   0.30967   0.09920   0.00000   0.03400   0.32073   0.22797   0.41937   0.39972   0.18356   0.13350   0.16437   0.79830   0.00000   0.00000   0.67933   0.00000   1.58818   0.04406   0.51283   0.11090   0.16044   0.24874   0.45417   0.64062   1.69307   1.07521   0.65185   0.18300   0.00000   0.06720   0.27789   1.03173   0.00000   0.85309   0.51507   1.12160   0.06334   0.07754   0.17281   1.18381   0.00000   0.46999   0.01726   0.07391   0.00457   0.95594   0.00000   0.46983   0.00000   0.41335   0.17673   0.26827   0.02801   0.06859   0.02208   0.16198   0.01299   0.20665   0.01211   0.20639   0.03673   0.02089   0.07397   0.02439   0.00000   0.00000   0.53209   0.07330   0.10179   0.01704   0.00000   0.00444   0.07950   0.03105   0.00000   0.00000   0.08096   0.15476   0.01016   0.04681   0.00000   0.01349   0.06483   0.00000   0.03419   0.00392   0.01579   0.02983   0.05793   0.04354   0.03829   0.03482   0.05991   0.00000   0.29921   0.02793   0.25686   0.00000   0.24034   0.07563   0.02660   0.00000   0.04466   0.02759   0.62649   0.06129   0.26923   0.00000   0.26516   0.04025   0.02817   0.12620   0.14192   0.19374   0.12773   0.00000   0.02423   0.00253   0.01645   0.03067   0.05102   0.00645   0.15920   0.00170   0.27831   0.14759   0.00000   0.00000   0.45522   0.13618   0.04932   2.83024   4.85561   3.35509   2.39761   2.98534   0.34251   0.98453   1.34954   0.00000   4.83471   2.59382   1.79938   0.99728   0.50094   4.99676   1.00000  
271 30.7732  11699.102586  x:  2.81793  17.11748   1.91926  12.49651   0.00356   5.79676  11.56621   7.40926   6.06602   0.52934   0.31260   0.09758   0.00000   0.03296   0.32022   0.22836   0.42022   0.39810   0.18443   0.13365   0.16457   0.79786   0.00000   0.00000   0.67861   0.00000   1.58844   0.04560   0.51344   0.11186   0.16010   0.25023   0.45416   0.63885   1.69902   1.06489   0.64975   0.18332   0.00000   0.06659   0.27575   1.03822   0.00000   0.85442   0.51112   1.12222   0.06339   0.07797   0.17057   1.18714   0.00000   0.47259   0.01699   0.07325   0.00480   0.95030   0.00000   0.46936   0.00000   0.41393   0.17584   0.26883   0.02767   0.06966   0.02218   0.16185   0.01312   0.20651   0.01164   0.20660   0.03772   0.02097   0.07417   0.02465   0.00000   0.00000   0.53211   0.07332   0.10170   0.01681   0.00000   0.00441   0.07956   0.02995   0.00000   0.00000   0.08081   0.15454   0.01040   0.04694   0.00000   0.01360   0.06326   0.00000   0.03428   0.00392   0.01580   0.02976   0.05765   0.04305   0.03873   0.03396   0.05916   0.00000   0.29999   0.02944   0.25719   0.00000   0.24055   0.07372   0.02630   0.00000   0.04527   0.02716   0.62601   0.06133   0.26924   0.00000   0.26460   0.04124   0.02743   0.12575   0.14116   0.19359   0.12810   0.00000   0.02473   0.00254   0.01638   0.03064   0.05130   0.00700   0.15987   0.00000   0.27851   0.14723   0.00000   0.00000   0.45407   0.13629   0.05038   2.83036   4.85598   3.35490   2.38910   2.98232   0.34689   0.97998   1.34564   0.00000   4.83496   2.59206   1.80043   0.99731   0.50121   4.99086   1.00000  
272 31.8026  11699.031120  x:  2.81812  17.13033   1.92085  12.50497   0.00422   5.79618  11.57038   7.41041   6.06838   0.52721   0.31666   0.09505   0.00000   0.03235   0.32038   0.22939   0.42163   0.39602   0.18650   0.13441   0.16418   0.79740   0.00000   0.00000   0.67633   0.00000   1.58880   0.04631   0.51464   0.11418   0.16072   0.25274   0.45349   0.63390   1.70873   1.04861   0.64678   0.18390   0.00000   0.06574   0.27321   1.04799   0.00000   0.85631   0.50543   1.12291   0.06150   0.07725   0.16649   1.19190   0.00000   0.47716   0.01713   0.07354   0.00460   0.94258   0.00000   0.46819   0.00000   0.41500   0.17517   0.26928   0.02644   0.07109   0.02241   0.16201   0.01188   0.20634   0.01213   0.20693   0.03835   0.02055   0.07270   0.02489   0.00000   0.00000   0.53225   0.07302   0.10193   0.01708   0.00000   0.00460   0.07954   0.03025   0.00000   0.00000   0.08105   0.15439   0.00995   0.04728   0.00000   0.01345   0.06284   0.00000   0.03413   0.00394   0.01588   0.03008   0.05796   0.04160   0.03689   0.03554   0.05699   0.00000   0.30045   0.02977   0.25741   0.00000   0.24361   0.07182   0.02632   0.00000   0.04597   0.02661   0.62497   0.05817   0.26870   0.00000   0.26381   0.04156   0.02699   0.12473   0.14046   0.19324   0.12816   0.00000   0.02417   0.00259   0.01665   0.03068   0.05171   0.00757   0.16150   0.00290   0.28017   0.14714   0.00000   0.00000   0.45154   0.13628   0.05089   2.83054   4.85662   3.35458   2.37487   2.97726   0.35404   0.97227   1.33915   0.00000   4.83538   2.58915   1.80175   0.99737   0.50104   4.98108   1.00000  
273 43.4581  11698.966071  x:  2.81831  17.14291   1.92240  12.51326   0.00484   5.79562  11.57446   7.41155   6.07068   0.52560   0.31936   0.09331   0.00000   0.03397   0.32123   0.23035   0.42272   0.39482   0.18829   0.13532   0.16344   0.79709   0.00000   0.00000   0.67411   0.00000   1.58906   0.04448   0.51569   0.11605   0.16178   0.25454   0.45256   0.62901   1.71801   1.03343   0.64438   0.18478   0.00000   0.06681   0.27130   1.05693   0.00000   0.85800   0.50071   1.12357   0.06073   0.07737   0.16327   1.19615   0.00000   0.48077   0.01761   0.07482   0.00336   0.93608   0.00000   0.46718   0.00000   0.41571   0.17583   0.26920   0.02631   0.07183   0.02315   0.16296   0.01179   0.20645   0.01185   0.20709   0.03712   0.02091   0.07243   0.02413   0.00000   0.00000   0.53245   0.07267   0.10253   0.01695   0.00000   0.00449   0.07955   0.03185   0.00000   0.00000   0.08169   0.15469   0.01001   0.04713   0.00000   0.01344   0.06435   0.00000   0.03425   0.00392   0.01586   0.03005   0.05859   0.04308   0.03688   0.03558   0.05611   0.00000   0.30020   0.02893   0.25737   0.00000   0.24764   0.07245   0.02683   0.00000   0.04528   0.02739   0.62418   0.05468   0.26802   0.00000   0.26359   0.04033   0.02643   0.12406   0.14085   0.19315   0.12756   0.00000   0.02485   0.00262   0.01603   0.03095   0.05145   0.00727   0.16262   0.00069   0.28180   0.14658   0.00000   0.00000   0.44944   0.13614   0.04998   2.83073   4.85724   3.35428   2.36100   2.97232   0.36096   0.96474   1.33283   0.00000   4.83579   2.58633   1.80243   0.99737   0.50149   4.97157   1.00000  
274 45.3414  11698.924124  x:  2.81843  17.15150   1.92345  12.51892   0.00525   5.79523  11.57724   7.41233   6.07225   0.52473   0.32020   0.09265   0.00000   0.03440   0.32221   0.23080   0.42320   0.39460   0.18923   0.13600   0.16266   0.79706   0.00000   0.00000   0.67227   0.00000   1.58916   0.04208   0.51632   0.11721   0.16281   0.25529   0.45157   0.62503   1.72409   1.02397   0.64321   0.18555   0.00000   0.06747   0.27074   1.06220   0.00000   0.85893   0.49840   1.12389   0.06108   0.07805   0.16157   1.19853   0.00000   0.48280   0.01674   0.07498   0.00239   0.93294   0.00000   0.46653   0.00000   0.41597   0.17704   0.26865   0.02667   0.07123   0.02314   0.16396   0.01171   0.20661   0.01198   0.20707   0.03661   0.02085   0.07305   0.02507   0.00000   0.00000   0.53262   0.07231   0.10286   0.01685   0.00000   0.00438   0.07940   0.03097   0.00000   0.00000   0.08148   0.15503   0.01030   0.04697   0.00000   0.01367   0.06550   0.00000   0.03427   0.00392   0.01577   0.02977   0.05851   0.04365   0.03771   0.03398   0.05692   0.00000   0.29962   0.02913   0.25748   0.00000   0.25074   0.07369   0.02618   0.00000   0.04476   0.02705   0.62372   0.05427   0.26766   0.00000   0.26379   0.03943   0.02763   0.12412   0.14168   0.19322   0.12711   0.00000   0.02403   0.00258   0.01762   0.03052   0.05118   0.00837   0.16274   0.00110   0.28306   0.14661   0.00000   0.00000   0.44836   0.13609   0.04902   2.83086   4.85767   3.35407   2.35161   2.96898   0.36554   0.95959   1.32857   0.00000   4.83608   2.58446   1.80244   0.99735   0.50191   4.96518   1.00000  
275 41.3865  11698.884858  x:  2.81855  17.15961   1.92445  12.52426   0.00561   5.79487  11.57986   7.41307   6.07373   0.52412   0.32014   0.09246   0.00000   0.03369   0.32327   0.23094   0.42339   0.39485   0.18972   0.13655   0.16182   0.79712   0.00000   0.00000   0.67046   0.00000   1.58921   0.03939   0.51677   0.11810   0.16385   0.25552   0.45043   0.62108   1.72964   1.01574   0.64246   0.18641   0.00000   0.06734   0.27073   1.06656   0.00000   0.85963   0.49693   1.12413   0.06160   0.07862   0.16048   1.20043   0.00000   0.48426   0.01600   0.07494   0.00149   0.93091   0.00000   0.46598   0.00000   0.41596   0.17850   0.26780   0.02689   0.07010   0.02257   0.16476   0.01141   0.20676   0.01200   0.20696   0.03691   0.02091   0.07364   0.02492   0.00000   0.00000   0.53279   0.07192   0.10297   0.01714   0.00000   0.00432   0.07919   0.02993   0.00000   0.00000   0.08099   0.15537   0.01019   0.04692   0.00000   0.01304   0.06574   0.00000   0.03417   0.00392   0.01587   0.02984   0.05808   0.04318   0.03819   0.03418   0.05850   0.00000   0.29884   0.02971   0.25762   0.00000   0.25332   0.07500   0.02599   0.00000   0.04482   0.02684   0.62339   0.05541   0.26754   0.00000   0.26420   0.03873   0.02863   0.12446   0.14260   0.19337   0.12659   0.00000   0.02426   0.00265   0.01544   0.03057   0.05109   0.00817   0.16217   0.00159   0.28403   0.14675   0.00000   0.00000   0.44775   0.13622   0.04841   2.83098   4.85808   3.35388   2.34281   2.96583   0.36977   0.95474   1.32458   0.00000   4.83635   2.58272   1.80210   0.99736   0.50210   4.95925   1.00000  
276 46.9424  11698.843598  x:  2.81869  17.16899   1.92560  12.53044   0.00601   5.79444  11.58289   7.41392   6.07544   0.52365   0.31932   0.09273   0.00000   0.03240   0.32448   0.23081   0.42332   0.39550   0.18980   0.13704   0.16090   0.79727   0.00000   0.00000   0.66843   0.00000   1.58923   0.03645   0.51712   0.11885   0.16493   0.25532   0.44901   0.61664   1.73588   1.00685   0.64188   0.18752   0.00000   0.06658   0.27114   1.07107   0.00000   0.86029   0.49585   1.12438   0.06192   0.07874   0.15983   1.20235   0.00000   0.48547   0.01615   0.07515   0.00056   0.92931   0.00000   0.46543   0.00000   0.41565   0.18029   0.26668   0.02697   0.06908   0.02176   0.16532   0.01120   0.20691   0.01189   0.20677   0.03762   0.02080   0.07381   0.02415   0.00000   0.00000   0.53300   0.07156   0.10290   0.01688   0.00000   0.00434   0.07907   0.03020   0.00000   0.00000   0.08061   0.15569   0.00997   0.04712   0.00000   0.01366   0.06504   0.00000   0.03419   0.00391   0.01582   0.03012   0.05772   0.04225   0.03795   0.03558   0.06051   0.00000   0.29780   0.03022   0.25768   0.00000   0.25543   0.07611   0.02655   0.00000   0.04530   0.02715   0.62313   0.05761   0.26757   0.00000   0.26487   0.03839   0.02889   0.12496   0.14354   0.19357   0.12599   0.00000   0.02496   0.00263   0.01693   0.03086   0.05131   0.00651   0.16109   0.00104   0.28471   0.14686   0.00000   0.00000   0.44747   0.13662   0.04832   2.83111   4.85854   3.35365   2.33267   2.96221   0.37457   0.94913   1.32000   0.00000   4.83665   2.58073   1.80139   0.99732   0.50203   4.95248   1.00000  
277 53.1775  11698.795736  x:  2.81884  17.17949   1.92688  12.53735   0.00643   5.79396  11.58628   7.41488   6.07735   0.52344   0.31725   0.09387   0.00000   0.03242   0.32571   0.23027   0.42279   0.39679   0.18911   0.13733   0.16011   0.79758   0.00000   0.00000   0.66622   0.00000   1.58921   0.03450   0.51719   0.11936   0.16583   0.25437   0.44728   0.61178   1.74249   0.99822   0.64177   0.18886   0.00000   0.06602   0.27244   1.07495   0.00000   0.86070   0.49585   1.12456   0.06147   0.07773   0.16009   1.20387   0.00000   0.48611   0.01725   0.07540   0.00000   0.92906   0.00000   0.46488   0.00000   0.41483   0.18219   0.26552   0.02712   0.06967   0.02163   0.16532   0.01151   0.20699   0.01178   0.20652   0.03747   0.02079   0.07294   0.02537   0.00000   0.00000   0.53322   0.07133   0.10261   0.01690   0.00000   0.00430   0.07919   0.03240   0.00000   0.00000   0.08082   0.15571   0.01015   0.04713   0.00000   0.01349   0.06367   0.00000   0.03431   0.00393   0.01583   0.02981   0.05789   0.04248   0.03676   0.03463   0.06198   0.00000   0.29649   0.02975   0.25737   0.00000   0.25581   0.07560   0.02636   0.00000   0.04537   0.02714   0.62296   0.06031   0.26757   0.00000   0.26585   0.03954   0.02866   0.12539   0.14398   0.19361   0.12600   0.00000   0.02362   0.00266   0.01644   0.03071   0.05161   0.00631   0.16021   0.00073   0.28472   0.14706   0.00000   0.00000   0.44775   0.13723   0.04914   2.83127   4.85906   3.35340   2.32145   2.95818   0.37975   0.94289   1.31495   0.00000   4.83699   2.57857   1.80006   0.99732   0.50205   4.94509   1.00000  
278 32.4985  11698.795736  x:  2.81884  17.17949   1.92688  12.53735   0.00643   5.79396  11.58628   7.41488   6.07735   0.52344   0.31725   0.09387   0.00000   0.03242   0.32571   0.23027   0.42279   0.39679   0.18911   0.13733   0.16011   0.79758   0.00000   0.00000   0.66622   0.00000   1.58921   0.03450   0.51719   0.11936   0.16583   0.25437   0.44728   0.61178   1.74249   0.99822   0.64177   0.18886   0.00000   0.06602   0.27244   1.07495   0.00000   0.86070   0.49585   1.12456   0.06147   0.07773   0.16009   1.20387   0.00000   0.48611   0.01725   0.07540   0.00000   0.92906   0.00000   0.46488   0.00000   0.41483   0.18219   0.26552   0.02712   0.06967   0.02163   0.16532   0.01151   0.20699   0.01178   0.20652   0.03747   0.02079   0.07294   0.02537   0.00000   0.00000   0.53322   0.07133   0.10261   0.01690   0.00000   0.00430   0.07919   0.03240   0.00000   0.00000   0.08082   0.15571   0.01015   0.04713   0.00000   0.01349   0.06367   0.00000   0.03431   0.00393   0.01583   0.02981   0.05789   0.04248   0.03676   0.03463   0.06198   0.00000   0.29649   0.02975   0.25737   0.00000   0.25581   0.07560   0.02636   0.00000   0.04537   0.02714   0.62296   0.06031   0.26757   0.00000   0.26585   0.03954   0.02866   0.12539   0.14398   0.19361   0.12600   0.00000   0.02362   0.00266   0.01644   0.03071   0.05161   0.00631   0.16021   0.00073   0.28472   0.14706   0.00000   0.00000   0.44775   0.13723   0.04914   2.83127   4.85906   3.35340   2.32145   2.95818   0.37975   0.94289   1.31495   0.00000   4.83699   2.57857   1.80006   0.99732   0.50205   4.94509   1.00000  
279 48.1638  11697.772617  x:  2.81885  17.17953   1.92689  12.53737   0.00642   5.79397  11.58629   7.41489   6.07736   0.52346   0.31731   0.09400   0.00000   0.03323   0.32574   0.23033   0.42282   0.39682   0.18911   0.13742   0.16025   0.79760   0.00000   0.00000   0.66620   0.00000   1.58921   0.03442   0.51719   0.11929   0.16579   0.25440   0.44731   0.61176   1.74250   0.99826   0.64181   0.18887   0.00000   0.06667   0.27248   1.07492   0.00000   0.86069   0.49591   1.12456   0.06213   0.07833   0.16012   1.20385   0.00000   0.48615   0.01743   0.07528   0.00003   0.92914   0.00000   0.46493   0.00000   0.41486   0.18236   0.26562   0.02783   0.07013   0.02196   0.16574   0.01246   0.20713   0.01171   0.20663   0.03734   0.01994   0.07360   0.02520   0.00000   0.00000   0.53327   0.07143   0.10302   0.01659   0.00000   0.00752   0.07941   0.03238   0.00000   0.00000   0.08114   0.15598   0.01037   0.04748   0.00000   0.01350   0.06336   0.00000   0.03418   0.00756   0.01604   0.03028   0.05799   0.04242   0.03628   0.03615   0.06207   0.00000   0.29657   0.02979   0.25742   0.00000   0.25556   0.07521   0.02642   0.00000   0.04601   0.02638   0.62298   0.06069   0.26754   0.00000   0.26586   0.03928   0.02861   0.12532   0.14402   0.19367   0.12621   0.00000   0.02381   0.01035   0.01656   0.03102   0.05208   0.00773   0.16058   0.00068   0.28473   0.14718   0.00000   0.00000   0.44778   0.13731   0.04911   2.83128   4.85907   3.35340   2.32142   2.95817   0.37976   0.94287   1.31495   0.00000   4.83700   2.57857   1.79996   0.99396   0.50448   4.94502   1.00000  
280 284.5446  11697.064364  x:  2.81887  17.17958   1.92691  12.53741   0.00641   5.79398  11.58631   7.41491   6.07737   0.52350   0.31742   0.09420   0.00000   0.03431   0.32581   0.23043   0.42287   0.39688   0.18914   0.13757   0.16045   0.79765   0.00000   0.00000   0.66619   0.00000   1.58921   0.03431   0.51721   0.11922   0.16576   0.25446   0.44736   0.61173   1.74251   0.99832   0.64188   0.18890   0.00000   0.06755   0.27254   1.07487   0.00000   0.86068   0.49600   1.12456   0.06303   0.07914   0.16018   1.20384   0.00000   0.48622   0.01770   0.07514   0.00009   0.92927   0.00000   0.46500   0.00000   0.41491   0.18259   0.26578   0.02879   0.07074   0.02249   0.16632   0.01375   0.20735   0.01165   0.20682   0.03720   0.01892   0.07451   0.02504   0.00000   0.00000   0.53335   0.07156   0.10352   0.01628   0.00000   0.01063   0.07968   0.03238   0.00000   0.00000   0.08162   0.15635   0.01068   0.04792   0.00000   0.01357   0.06298   0.00000   0.03398   0.00917   0.01622   0.03085   0.05816   0.04238   0.03569   0.03802   0.06222   0.00000   0.29669   0.02985   0.25751   0.00000   0.25525   0.07471   0.02653   0.00000   0.04687   0.02544   0.62302   0.06123   0.26753   0.00000   0.26590   0.03894   0.02853   0.12524   0.14409   0.19379   0.12651   0.00000   0.02406   0.01235   0.01656   0.03137   0.05270   0.00956   0.16108   0.00062   0.28477   0.14736   0.00000   0.00000   0.44784   0.13744   0.04911   2.83129   4.85909   3.35341   2.32137   2.95816   0.37979   0.94286   1.31495   0.00000   4.83702   2.57857   1.79981   0.99751   0.50767   4.94494   1.00000  
281 208.3993  11695.295876  x:  2.81895  17.17990   1.92700  12.53764   0.00632   5.79404  11.58641   7.41499   6.07747   0.52371   0.31802   0.09536   0.00000   0.04024   0.32616   0.23096   0.42316   0.39723   0.18927   0.13840   0.16164   0.79791   0.00000   0.00000   0.66613   0.00000   1.58924   0.03379   0.51730   0.11877   0.16553   0.25477   0.44761   0.61157   1.74257   0.99867   0.64229   0.18907   0.00000   0.07242   0.27286   1.07460   0.00000   0.86064   0.49651   1.12458   0.06806   0.08365   0.16048   1.20373   0.00000   0.48660   0.01914   0.07427   0.00037   0.93001   0.00000   0.46542   0.00000   0.41520   0.18371   0.26663   0.03399   0.07390   0.02554   0.16956   0.02062   0.20860   0.01117   0.20788   0.03637   0.01382   0.07956   0.02418   0.00000   0.00000   0.53376   0.07210   0.10601   0.01486   0.00000   0.02301   0.08093   0.03232   0.00000   0.00000   0.08423   0.15837   0.01198   0.05008   0.00000   0.01387   0.06080   0.00000   0.03269   0.00964   0.01665   0.03359   0.05900   0.04212   0.03250   0.04754   0.06299   0.00000   0.29739   0.03004   0.25799   0.00000   0.25335   0.07179   0.02717   0.00000   0.05152   0.02046   0.62327   0.06411   0.26752   0.00000   0.26606   0.03676   0.02783   0.12477   0.14450   0.19445   0.12815   0.00000   0.02517   0.00650   0.01610   0.03291   0.05599   0.01905   0.16389   0.00008   0.28492   0.14839   0.00000   0.00000   0.44815   0.13816   0.04905   2.83137   4.85919   3.35344   2.32111   2.95811   0.37994   0.94279   1.31493   0.00000   4.83711   2.57856   1.79891   0.99487   0.52560   4.94447   1.00000  
282 232.3863  11695.225389  x:  2.81895  17.17992   1.92700  12.53766   0.00631   5.79404  11.58642   7.41499   6.07748   0.52374   0.31807   0.09546   0.00000   0.04052   0.32619   0.23100   0.42318   0.39726   0.18929   0.13847   0.16174   0.79793   0.00000   0.00000   0.66613   0.00000   1.58925   0.03380   0.51731   0.11874   0.16552   0.25481   0.44764   0.61156   1.74258   0.99870   0.64233   0.18909   0.00000   0.07264   0.27289   1.07457   0.00000   0.86063   0.49656   1.12458   0.06832   0.08389   0.16050   1.20372   0.00000   0.48663   0.01921   0.07420   0.00038   0.93007   0.00000   0.46546   0.00000   0.41523   0.18373   0.26670   0.03419   0.07396   0.02571   0.16974   0.02087   0.20871   0.01114   0.20797   0.03635   0.01420   0.07982   0.02422   0.00000   0.00000   0.53379   0.07209   0.10608   0.01503   0.00000   0.02268   0.08095   0.03231   0.00000   0.00000   0.08439   0.15848   0.01177   0.05013   0.00000   0.01391   0.06073   0.00000   0.03269   0.00914   0.01659   0.03359   0.05903   0.04213   0.03247   0.04769   0.06303   0.00000   0.29746   0.03000   0.25802   0.00000   0.25321   0.07160   0.02725   0.00000   0.05170   0.02051   0.62330   0.06424   0.26756   0.00000   0.26608   0.03655   0.02770   0.12474   0.14453   0.19452   0.12825   0.00000   0.02514   0.00675   0.01615   0.03293   0.05611   0.01933   0.16405   0.00000   0.28493   0.14846   0.00000   0.00000   0.44818   0.13823   0.04906   2.83137   4.85919   3.35344   2.32109   2.95811   0.37995   0.94279   1.31492   0.00000   4.83712   2.57856   1.79884   0.99489   0.52617   4.94445   1.00000  
283 69.1333  11695.002603  x:  2.81904  17.18035   1.92710  12.53795   0.00621   5.79410  11.58652   7.41507   6.07760   0.52410   0.31879   0.09683   0.00000   0.04329   0.32668   0.23163   0.42359   0.39786   0.18957   0.13949   0.16326   0.79832   0.00000   0.00000   0.66610   0.00000   1.58928   0.03426   0.51754   0.11832   0.16541   0.25536   0.44808   0.61144   1.74265   0.99919   0.64298   0.18937   0.00000   0.07483   0.27328   1.07417   0.00000   0.86056   0.49723   1.12460   0.07110   0.08633   0.16083   1.20364   0.00000   0.48713   0.01999   0.07321   0.00052   0.93111   0.00000   0.46610   0.00000   0.41574   0.18364   0.26773   0.03580   0.07379   0.02703   0.17183   0.02268   0.21029   0.01088   0.20940   0.03614   0.01416   0.08255   0.02476   0.00000   0.00000   0.53426   0.07181   0.10692   0.01492   0.00000   0.01620   0.08116   0.03225   0.00000   0.00000   0.08622   0.16005   0.00974   0.05063   0.00000   0.01387   0.06010   0.00000   0.03356   0.01324   0.01690   0.03311   0.05953   0.04246   0.03301   0.04763   0.06350   0.00000   0.29857   0.02933   0.25844   0.00000   0.25123   0.06913   0.02796   0.00000   0.05300   0.02187   0.62384   0.06553   0.26840   0.00000   0.26638   0.03363   0.02591   0.12451   0.14502   0.19565   0.12961   0.00000   0.02470   0.00610   0.01622   0.03268   0.05700   0.02122   0.16615   0.00000   0.28526   0.14961   0.00000   0.00000   0.44866   0.13919   0.04921   2.83146   4.85931   3.35346   2.32071   2.95801   0.38020   0.94268   1.31491   0.00000   4.83723   2.57852   1.79782   0.99491   0.52832   4.94447   1.00000  
284 52.0688  11694.919963  x:  2.81912  17.18079   1.92719  12.53825   0.00611   5.79416  11.58663   7.41515   6.07773   0.52448   0.31941   0.09802   0.00000   0.04455   0.32713   0.23217   0.42398   0.39846   0.18984   0.14034   0.16462   0.79871   0.00000   0.00000   0.66608   0.00000   1.58932   0.03481   0.51779   0.11792   0.16533   0.25592   0.44854   0.61134   1.74271   0.99969   0.64365   0.18966   0.00000   0.07570   0.27366   1.07377   0.00000   0.86049   0.49791   1.12461   0.07251   0.08749   0.16115   1.20356   0.00000   0.48761   0.02045   0.07241   0.00061   0.93216   0.00000   0.46674   0.00000   0.41627   0.18331   0.26868   0.03625   0.07301   0.02700   0.17324   0.02301   0.21171   0.01090   0.21069   0.03605   0.01232   0.08382   0.02457   0.00000   0.00000   0.53478   0.07162   0.10776   0.01424   0.00000   0.01446   0.08158   0.03216   0.00000   0.00000   0.08730   0.16153   0.01262   0.05074   0.00000   0.01349   0.05998   0.00000   0.03373   0.01243   0.01679   0.03287   0.05984   0.04257   0.03341   0.04715   0.06373   0.00000   0.29968   0.02881   0.25879   0.00000   0.24953   0.06744   0.02764   0.00000   0.05311   0.02130   0.62444   0.06624   0.26934   0.00000   0.26675   0.03179   0.02496   0.12441   0.14546   0.19669   0.13076   0.00000   0.02487   0.00671   0.01596   0.03259   0.05710   0.02176   0.16777   0.00000   0.28560   0.15055   0.00000   0.00000   0.44916   0.14001   0.04923   2.83154   4.85942   3.35347   2.32032   2.95790   0.38047   0.94258   1.31489   0.00000   4.83734   2.57847   1.79685   0.99492   0.52695   4.94458   1.00000  
285 31.1394  11694.836143  x:  2.81927  17.18160   1.92736  12.53880   0.00592   5.79428  11.58682   7.41528   6.07796   0.52515   0.32038   0.09989   0.00000   0.04555   0.32788   0.23304   0.42466   0.39954   0.19028   0.14164   0.16683   0.79943   0.00000   0.00000   0.66604   0.00000   1.58940   0.03572   0.51826   0.11722   0.16520   0.25690   0.44935   0.61116   1.74284   1.00062   0.64486   0.19016   0.00000   0.07618   0.27436   1.07301   0.00000   0.86036   0.49914   1.12463   0.07380   0.08843   0.16170   1.20342   0.00000   0.48845   0.02102   0.07121   0.00068   0.93407   0.00000   0.46788   0.00000   0.41719   0.18259   0.27032   0.03636   0.07151   0.02605   0.17519   0.02270   0.21403   0.01090   0.21278   0.03606   0.01444   0.08489   0.02419   0.00000   0.00000   0.53578   0.07133   0.10930   0.01480   0.00000   0.01639   0.08228   0.03200   0.00000   0.00000   0.08844   0.16396   0.01300   0.05062   0.00000   0.01368   0.06020   0.00000   0.03348   0.01287   0.01686   0.03291   0.06002   0.04256   0.03358   0.04596   0.06387   0.00000   0.30164   0.02815   0.25933   0.00000   0.24677   0.06526   0.02717   0.00000   0.05271   0.02029   0.62556   0.06700   0.27107   0.00000   0.26747   0.02982   0.02429   0.12433   0.14614   0.19842   0.13256   0.00000   0.02516   0.00619   0.01595   0.03260   0.05682   0.02197   0.17020   0.00000   0.28616   0.15197   0.00000   0.00000   0.45006   0.14129   0.04905   2.83169   4.85963   3.35350   2.31961   2.95769   0.38096   0.94238   1.31486   0.00000   4.83754   2.57839   1.79513   0.99470   0.52424   4.94478   1.00000  
286 32.2030  11694.784490  x:  2.81942  17.18239   1.92752  12.53933   0.00574   5.79439  11.58701   7.41542   6.07819   0.52578   0.32111   0.10128   0.00000   0.04540   0.32850   0.23371   0.42525   0.40052   0.19063   0.14251   0.16853   0.80011   0.00000   0.00000   0.66600   0.00000   1.58948   0.03634   0.51872   0.11657   0.16508   0.25775   0.45010   0.61101   1.74297   1.00151   0.64599   0.19060   0.00000   0.07581   0.27504   1.07229   0.00000   0.86023   0.50032   1.12466   0.07389   0.08829   0.16221   1.20330   0.00000   0.48918   0.02137   0.07050   0.00065   0.93588   0.00000   0.46892   0.00000   0.41800   0.18197   0.27171   0.03620   0.07055   0.02516   0.17640   0.02209   0.21581   0.01078   0.21438   0.03597   0.01279   0.08475   0.02440   0.00000   0.00000   0.53672   0.07099   0.11022   0.01470   0.00000   0.01746   0.08244   0.03191   0.00000   0.00000   0.08869   0.16569   0.01077   0.05032   0.00000   0.01373   0.06053   0.00000   0.03309   0.01204   0.01679   0.03303   0.05988   0.04245   0.03334   0.04519   0.06372   0.00000   0.30336   0.02791   0.25974   0.00000   0.24463   0.06430   0.02755   0.00000   0.05234   0.02098   0.62664   0.06722   0.27260   0.00000   0.26817   0.02942   0.02464   0.12430   0.14662   0.19975   0.13383   0.00000   0.02500   0.00637   0.01623   0.03265   0.05645   0.02156   0.17187   0.00000   0.28661   0.15288   0.00000   0.00000   0.45091   0.14220   0.04867   2.83184   4.85984   3.35353   2.31892   2.95750   0.38145   0.94220   1.31484   0.00000   4.83775   2.57832   1.79349   0.99465   0.52402   4.94487   1.00000  
287 28.7992  11694.717856  x:  2.81974  17.18405   1.92788  12.54046   0.00535   5.79463  11.58741   7.41571   6.07867   0.52701   0.32221   0.10331   0.00000   0.04375   0.32961   0.23479   0.42637   0.40238   0.19118   0.14352   0.17112   0.80150   0.00000   0.00000   0.66593   0.00000   1.58965   0.03713   0.51966   0.11528   0.16487   0.25933   0.45156   0.61073   1.74325   1.00337   0.64829   0.19141   0.00000   0.07438   0.27643   1.07080   0.00000   0.85998   0.50273   1.12472   0.07269   0.08676   0.16320   1.20307   0.00000   0.49057   0.02177   0.06992   0.00050   0.93961   0.00000   0.47096   0.00000   0.41958   0.18113   0.27424   0.03594   0.07003   0.02421   0.17787   0.02127   0.21859   0.01081   0.21682   0.03595   0.01366   0.08323   0.02483   0.00000   0.00000   0.53859   0.07029   0.11094   0.01391   0.00000   0.01692   0.08196   0.03198   0.00000   0.00000   0.08798   0.16796   0.01196   0.05031   0.00000   0.01305   0.06078   0.00000   0.03333   0.01242   0.01698   0.03323   0.05967   0.04228   0.03288   0.04607   0.06306   0.00000   0.30652   0.02806   0.26043   0.00000   0.24128   0.06438   0.02814   0.00000   0.05201   0.02193   0.62887   0.06697   0.27537   0.00000   0.26953   0.03057   0.02637   0.12423   0.14724   0.20180   0.13542   0.00000   0.02468   0.00634   0.01579   0.03271   0.05603   0.02022   0.17410   0.00000   0.28734   0.15392   0.00000   0.00000   0.45258   0.14348   0.04763   2.83216   4.86029   3.35359   2.31748   2.95712   0.38246   0.94182   1.31480   0.00000   4.83818   2.57818   1.79019   0.99460   0.52682   4.94492   1.00000  
288 24.3583  11694.693929  x:  2.81990  17.18492   1.92806  12.54106   0.00515   5.79475  11.58762   7.41586   6.07893   0.52762   0.32257   0.10393   0.00000   0.04306   0.33012   0.23522   0.42688   0.40325   0.19138   0.14366   0.17196   0.80221   0.00000   0.00000   0.66590   0.00000   1.58974   0.03737   0.52015   0.11468   0.16479   0.26003   0.45225   0.61062   1.74340   1.00433   0.64944   0.19175   0.00000   0.07409   0.27714   1.07003   0.00000   0.85986   0.50396   1.12475   0.07219   0.08614   0.16368   1.20297   0.00000   0.49123   0.02183   0.07002   0.00046   0.94151   0.00000   0.47193   0.00000   0.42034   0.18105   0.27531   0.03605   0.07050   0.02438   0.17824   0.02151   0.21951   0.01084   0.21759   0.03596   0.01329   0.08267   0.02453   0.00000   0.00000   0.53953   0.07002   0.11099   0.01545   0.00000   0.01639   0.08155   0.03219   0.00000   0.00000   0.08752   0.16854   0.01213   0.05051   0.00000   0.01395   0.06076   0.00000   0.03350   0.01267   0.01684   0.03319   0.05972   0.04238   0.03305   0.04654   0.06277   0.00000   0.30786   0.02823   0.26078   0.00000   0.24016   0.06510   0.02770   0.00000   0.05220   0.02103   0.62997   0.06677   0.27645   0.00000   0.27009   0.03102   0.02680   0.12411   0.14738   0.20245   0.13568   0.00000   0.02497   0.00634   0.01620   0.03272   0.05620   0.01970   0.17470   0.00000   0.28761   0.15410   0.00000   0.00000   0.45340   0.14390   0.04722   2.83233   4.86053   3.35363   2.31672   2.95691   0.38300   0.94162   1.31479   0.00000   4.83842   2.57811   1.78865   0.99457   0.52730   4.94496   1.00000  
289 24.7643  11694.665392  x:  2.82018  17.18637   1.92837  12.54204   0.00483   5.79496  11.58797   7.41611   6.07935   0.52855   0.32288   0.10436   0.00000   0.04253   0.33082   0.23571   0.42764   0.40451   0.19158   0.14336   0.17261   0.80334   0.00000   0.00000   0.66587   0.00000   1.58988   0.03754   0.52095   0.11381   0.16472   0.26097   0.45327   0.61046   1.74364   1.00589   0.65123   0.19220   0.00000   0.07439   0.27825   1.06877   0.00000   0.85967   0.50592   1.12481   0.07185   0.08568   0.16441   1.20282   0.00000   0.49222   0.02168   0.07057   0.00046   0.94457   0.00000   0.47335   0.00000   0.42150   0.18135   0.27668   0.03638   0.07188   0.02521   0.17830   0.02252   0.22026   0.01076   0.21814   0.03600   0.01348   0.08243   0.02409   0.00000   0.00000   0.54100   0.06972   0.11081   0.01413   0.00000   0.01619   0.08091   0.03259   0.00000   0.00000   0.08685   0.16868   0.01134   0.05073   0.00000   0.01402   0.06055   0.00000   0.03347   0.01247   0.01673   0.03305   0.05983   0.04265   0.03356   0.04698   0.06240   0.00000   0.30957   0.02850   0.26133   0.00000   0.23922   0.06682   0.02709   0.00000   0.05288   0.01993   0.63166   0.06646   0.27764   0.00000   0.27076   0.03121   0.02668   0.12383   0.14739   0.20292   0.13533   0.00000   0.02539   0.00644   0.01632   0.03273   0.05684   0.01942   0.17493   0.00000   0.28791   0.15393   0.00000   0.00000   0.45463   0.14426   0.04684   2.83260   4.86092   3.35369   2.31548   2.95658   0.38389   0.94128   1.31476   0.00000   4.83880   2.57800   1.78646   0.99452   0.52660   4.94507   1.00000  
290 20.2164  11694.633563  x:  2.82057  17.18847   1.92881  12.54346   0.00436   5.79526  11.58847   7.41647   6.07997   0.52982   0.32309   0.10446   0.00000   0.04246   0.33170   0.23622   0.42863   0.40610   0.19172   0.14256   0.17293   0.80491   0.00000   0.00000   0.66582   0.00000   1.59009   0.03759   0.52207   0.11271   0.16465   0.26209   0.45460   0.61028   1.74400   1.00809   0.65368   0.19269   0.00000   0.07517   0.27980   1.06698   0.00000   0.85940   0.50867   1.12490   0.07195   0.08565   0.16538   1.20263   0.00000   0.49351   0.02120   0.07140   0.00051   0.94887   0.00000   0.47520   0.00000   0.42305   0.18185   0.27817   0.03646   0.07331   0.02596   0.17784   0.02345   0.22064   0.01061   0.21831   0.03600   0.01338   0.08270   0.02447   0.00000   0.00000   0.54298   0.06935   0.11046   0.01496   0.00000   0.01691   0.08032   0.03285   0.00000   0.00000   0.08628   0.16830   0.01152   0.05086   0.00000   0.01289   0.06024   0.00000   0.03338   0.01237   0.01702   0.03302   0.05996   0.04278   0.03374   0.04710   0.06194   0.00000   0.31148   0.02865   0.26207   0.00000   0.23854   0.06898   0.02763   0.00000   0.05352   0.02131   0.63389   0.06610   0.27878   0.00000   0.27146   0.03090   0.02605   0.12342   0.14723   0.20308   0.13442   0.00000   0.02510   0.00638   0.01573   0.03272   0.05739   0.01969   0.17471   0.00000   0.28820   0.15343   0.00000   0.00000   0.45628   0.14452   0.04660   2.83299   4.86148   3.35378   2.31369   2.95610   0.38516   0.94079   1.31473   0.00000   4.83936   2.57784   1.78364   0.99441   0.52553   4.94520   1.00000  
291 25.6295  11694.602366  x:  2.82106  17.19106   1.92935  12.54522   0.00378   5.79563  11.58909   7.41691   6.08073   0.53129   0.32313   0.10408   0.00000   0.04295   0.33256   0.23658   0.42969   0.40777   0.19172   0.14136   0.17277   0.80677   0.00000   0.00000   0.66580   0.00000   1.59035   0.03749   0.52341   0.11158   0.16462   0.26314   0.45603   0.61010   1.74445   1.01073   0.65650   0.19307   0.00000   0.07576   0.28162   1.06481   0.00000   0.85909   0.51193   1.12501   0.07251   0.08615   0.16644   1.20242   0.00000   0.49490   0.02052   0.07212   0.00056   0.95398   0.00000   0.47717   0.00000   0.42476   0.18218   0.27935   0.03580   0.07349   0.02566   0.17674   0.02308   0.22042   0.01077   0.21794   0.03600   0.01348   0.08336   0.02495   0.00000   0.00000   0.54519   0.06887   0.11006   0.01446   0.00000   0.01727   0.08010   0.03263   0.00000   0.00000   0.08622   0.16744   0.01216   0.05085   0.00000   0.01463   0.06025   0.00000   0.03351   0.01242   0.01682   0.03316   0.06014   0.04254   0.03318   0.04632   0.06140   0.00000   0.31311   0.02844   0.26287   0.00000   0.23831   0.07052   0.02806   0.00000   0.05309   0.02214   0.63631   0.06578   0.27953   0.00000   0.27200   0.03029   0.02542   0.12310   0.14694   0.20282   0.13326   0.00000   0.02455   0.00631   0.01653   0.03270   0.05714   0.02064   0.17395   0.00000   0.28840   0.15275   0.00000   0.00000   0.45810   0.14459   0.04664   2.83349   4.86219   3.35389   2.31149   2.95551   0.38672   0.94017   1.31470   0.00000   4.84005   2.57766   1.78064   0.99436   0.52576   4.94528   1.00000  
292 24.9352  11694.566282  x:  2.82170  17.19444   1.93006  12.54751   0.00303   5.79611  11.58990   7.41750   6.08173   0.53309   0.32306   0.10327   0.00000   0.04371   0.33346   0.23680   0.43092   0.40962   0.19155   0.13984   0.17226   0.80910   0.00000   0.00000   0.66579   0.00000   1.59068   0.03733   0.52509   0.11036   0.16463   0.26418   0.45765   0.60992   1.74505   1.01411   0.65996   0.19333   0.00000   0.07591   0.28390   1.06203   0.00000   0.85869   0.51601   1.12516   0.07324   0.08690   0.16766   1.20216   0.00000   0.49649   0.01998   0.07274   0.00055   0.96043   0.00000   0.47941   0.00000   0.42677   0.18244   0.28032   0.03495   0.07269   0.02459   0.17526   0.02189   0.21967   0.01093   0.21710   0.03607   0.01341   0.08406   0.02456   0.00000   0.00000   0.54779   0.06835   0.10973   0.01473   0.00000   0.01685   0.08029   0.03227   0.00000   0.00000   0.08668   0.16622   0.01183   0.05046   0.00000   0.01351   0.06051   0.00000   0.03347   0.01251   0.01679   0.03325   0.06003   0.04227   0.03275   0.04550   0.06070   0.00000   0.31458   0.02796   0.26377   0.00000   0.23839   0.07122   0.02744   0.00000   0.05199   0.02086   0.63912   0.06550   0.28000   0.00000   0.27245   0.02977   0.02515   0.12297   0.14661   0.20224   0.13211   0.00000   0.02492   0.00638   0.01599   0.03273   0.05639   0.02203   0.17274   0.00000   0.28855   0.15202   0.00000   0.00000   0.46022   0.14449   0.04690   2.83413   4.86311   3.35405   2.30863   2.95475   0.38872   0.93935   1.31466   0.00000   4.84097   2.57744   1.77728   0.99439   0.52686   4.94534   1.00000  
293 34.0323  11694.532478  x:  2.82252  17.19874   1.93097  12.55043   0.00208   5.79673  11.59093   7.41824   6.08301   0.53506   0.32284   0.10186   0.00000   0.04403   0.33389   0.23645   0.43201   0.41107   0.19096   0.13871   0.17138   0.81174   0.00000   0.00000   0.66585   0.00000   1.59109   0.03739   0.52699   0.10955   0.16476   0.26457   0.45900   0.60982   1.74580   1.01811   0.66365   0.19295   0.00000   0.07471   0.28643   1.05863   0.00000   0.85819   0.52065   1.12533   0.07327   0.08720   0.16867   1.20189   0.00000   0.49779   0.02088   0.07256   0.00022   0.96788   0.00000   0.48127   0.00000   0.42872   0.18290   0.28022   0.03607   0.07147   0.02371   0.17456   0.02196   0.21818   0.01071   0.21573   0.03642   0.01347   0.08382   0.02405   0.00000   0.00000   0.55029   0.06857   0.11027   0.01469   0.00000   0.01660   0.08158   0.03263   0.00000   0.00000   0.08800   0.16536   0.01169   0.05064   0.00000   0.01371   0.06091   0.00000   0.03338   0.01238   0.01737   0.03303   0.05987   0.04287   0.03431   0.04730   0.06002   0.00000   0.31478   0.02737   0.26437   0.00000   0.23920   0.06872   0.02740   0.00000   0.05238   0.02163   0.64165   0.06547   0.27952   0.00000   0.27238   0.03046   0.02607   0.12363   0.14648   0.20132   0.13225   0.00000   0.02574   0.00638   0.01651   0.03285   0.05640   0.02275   0.17133   0.00000   0.28848   0.15190   0.00000   0.00000   0.46213   0.14401   0.04734   2.83494   4.86429   3.35425   2.30502   2.95378   0.39119   0.93825   1.31462   0.00000   4.84213   2.57717   1.77482   0.99432   0.52630   4.94547   1.00000  
294 15.5103  11694.512953  x:  2.82291  17.20079   1.93140  12.55182   0.00163   5.79703  11.59142   7.41859   6.08363   0.53590   0.32278   0.10124   0.00000   0.04392   0.33392   0.23620   0.43240   0.41153   0.19062   0.13851   0.17105   0.81288   0.00000   0.00038   0.66591   0.00000   1.59127   0.03748   0.52780   0.10935   0.16484   0.26453   0.45945   0.60980   1.74616   1.01993   0.66520   0.19259   0.00000   0.07439   0.28752   1.05706   0.00000   0.85796   0.52268   1.12541   0.07304   0.08713   0.16899   1.20178   0.00000   0.49820   0.02109   0.07208   0.00000   0.97118   0.00000   0.48188   0.00000   0.42946   0.18314   0.27996   0.03660   0.07111   0.02369   0.17455   0.02262   0.21755   0.01097   0.21519   0.03640   0.01346   0.08356   0.02458   0.00000   0.00000   0.55122   0.06882   0.11057   0.01470   0.00000   0.01654   0.08204   0.03253   0.00000   0.00000   0.08829   0.16519   0.01160   0.05070   0.00000   0.01388   0.06091   0.00000   0.03345   0.01240   0.01668   0.03305   0.05979   0.04284   0.03401   0.04748   0.05986   0.00000   0.31453   0.02728   0.26449   0.00000   0.23975   0.06742   0.02752   0.00000   0.05264   0.02129   0.64260   0.06544   0.27912   0.00000   0.27220   0.03064   0.02609   0.12397   0.14649   0.20097   0.13255   0.00000   0.02508   0.00641   0.01590   0.03279   0.05660   0.02235   0.17086   0.00000   0.28839   0.15202   0.00000   0.00000   0.46279   0.14377   0.04745   2.83533   4.86485   3.35435   2.30332   2.95332   0.39233   0.93771   1.31460   0.00000   4.84269   2.57706   1.77412   0.99432   0.52609   4.94553   1.00000  
295 24.3610  11694.512953  x:  2.82291  17.20079   1.93140  12.55182   0.00163   5.79703  11.59142   7.41859   6.08363   0.53590   0.32278   0.10124   0.00000   0.04392   0.33392   0.23620   0.43240   0.41153   0.19062   0.13851   0.17105   0.81288   0.00000   0.00038   0.66591   0.00000   1.59127   0.03748   0.52780   0.10935   0.16484   0.26453   0.45945   0.60980   1.74616   1.01993   0.66520   0.19259   0.00000   0.07439   0.28752   1.05706   0.00000   0.85796   0.52268   1.12541   0.07304   0.08713   0.16899   1.20178   0.00000   0.49820   0.02109   0.07208   0.00000   0.97118   0.00000   0.48188   0.00000   0.42946   0.18314   0.27996   0.03660   0.07111   0.02369   0.17455   0.02262   0.21755   0.01097   0.21519   0.03640   0.01346   0.08356   0.02458   0.00000   0.00000   0.55122   0.06882   0.11057   0.01470   0.00000   0.01654   0.08204   0.03253   0.00000   0.00000   0.08829   0.16519   0.01160   0.05070   0.00000   0.01388   0.06091   0.00000   0.03345   0.01240   0.01668   0.03305   0.05979   0.04284   0.03401   0.04748   0.05986   0.00000   0.31453   0.02728   0.26449   0.00000   0.23975   0.06742   0.02752   0.00000   0.05264   0.02129   0.64260   0.06544   0.27912   0.00000   0.27220   0.03064   0.02609   0.12397   0.14649   0.20097   0.13255   0.00000   0.02508   0.00641   0.01590   0.03279   0.05660   0.02235   0.17086   0.00000   0.28839   0.15202   0.00000   0.00000   0.46279   0.14377   0.04745   2.83533   4.86485   3.35435   2.30332   2.95332   0.39233   0.93771   1.31460   0.00000   4.84269   2.57706   1.77412   0.99432   0.52609   4.94553   1.00000  
296 25.0240  11694.392190  x:  2.82292  17.20083   1.93141  12.55185   0.00162   5.79703  11.59143   7.41860   6.08364   0.53591   0.32280   0.10126   0.00000   0.04404   0.33391   0.23619   0.43240   0.41151   0.19061   0.13856   0.17107   0.81289   0.00000   0.00043   0.66591   0.00000   1.59127   0.03746   0.52781   0.10936   0.16484   0.26451   0.45944   0.60980   1.74617   1.01995   0.66520   0.19256   0.00000   0.07456   0.28753   1.05704   0.00000   0.85796   0.52270   1.12541   0.07314   0.08722   0.16898   1.20178   0.00000   0.49819   0.02111   0.07204   0.00001   0.97122   0.00000   0.48186   0.00000   0.42945   0.18317   0.27994   0.03672   0.07122   0.02386   0.17464   0.02282   0.21758   0.01092   0.21522   0.03638   0.01450   0.08369   0.02463   0.00000   0.00000   0.55120   0.06884   0.11058   0.01515   0.00000   0.01637   0.08201   0.03251   0.00000   0.00000   0.08830   0.16524   0.01132   0.05069   0.00000   0.01391   0.06085   0.00000   0.03337   0.01087   0.01657   0.03305   0.05980   0.04281   0.03388   0.04748   0.05990   0.00000   0.31449   0.02731   0.26448   0.00000   0.23976   0.06737   0.02764   0.00000   0.05277   0.02136   0.64258   0.06550   0.27909   0.00000   0.27218   0.03056   0.02600   0.12396   0.14651   0.20099   0.13259   0.00000   0.02504   0.00750   0.01612   0.03281   0.05670   0.02245   0.17093   0.00000   0.28838   0.15205   0.00000   0.00000   0.46278   0.14378   0.04745   2.83534   4.86487   3.35435   2.30328   2.95332   0.39235   0.93770   1.31460   0.00000   4.84270   2.57705   1.77415   0.99585   0.52665   4.94551   1.00000  
297 70.5184  11694.378204  x:  2.82292  17.20084   1.93141  12.55185   0.00162   5.79703  11.59143   7.41860   6.08364   0.53591   0.32280   0.10126   0.00000   0.04406   0.33391   0.23619   0.43240   0.41150   0.19061   0.13857   0.17107   0.81290   0.00000   0.00044   0.66591   0.00000   1.59127   0.03746   0.52781   0.10937   0.16484   0.26450   0.45944   0.60980   1.74617   1.01996   0.66520   0.19255   0.00000   0.07459   0.28753   1.05704   0.00000   0.85795   0.52270   1.12541   0.07315   0.08724   0.16898   1.20178   0.00000   0.49818   0.02111   0.07203   0.00000   0.97122   0.00000   0.48186   0.00000   0.42945   0.18317   0.27994   0.03674   0.07123   0.02388   0.17465   0.02285   0.21758   0.01091   0.21522   0.03638   0.01462   0.08371   0.02463   0.00000   0.00000   0.55120   0.06884   0.11058   0.01520   0.00000   0.01634   0.08200   0.03251   0.00000   0.00000   0.08831   0.16524   0.01127   0.05069   0.00000   0.01392   0.06084   0.00000   0.03336   0.01066   0.01655   0.03305   0.05980   0.04281   0.03386   0.04748   0.05990   0.00000   0.31448   0.02732   0.26448   0.00000   0.23976   0.06736   0.02765   0.00000   0.05279   0.02136   0.64258   0.06551   0.27908   0.00000   0.27217   0.03055   0.02599   0.12396   0.14651   0.20099   0.13260   0.00000   0.02503   0.00759   0.01615   0.03281   0.05671   0.02246   0.17094   0.00000   0.28838   0.15206   0.00000   0.00000   0.46277   0.14378   0.04745   2.83534   4.86487   3.35435   2.30328   2.95332   0.39236   0.93769   1.31460   0.00000   4.84270   2.57705   1.77415   0.99577   0.52673   4.94551   1.00000  
298 84.4277  11694.349340  x:  2.82294  17.20095   1.93144  12.55193   0.00160   5.79705  11.59146   7.41862   6.08368   0.53592   0.32284   0.10129   0.00000   0.04431   0.33386   0.23617   0.43238   0.41144   0.19058   0.13869   0.17112   0.81292   0.00000   0.00057   0.66592   0.00000   1.59128   0.03744   0.52781   0.10939   0.16484   0.26443   0.45939   0.60980   1.74618   1.02002   0.66521   0.19247   0.00000   0.07494   0.28756   1.05697   0.00000   0.85794   0.52274   1.12542   0.07336   0.08744   0.16895   1.20178   0.00000   0.49814   0.02114   0.07191   0.00000   0.97131   0.00000   0.48180   0.00000   0.42942   0.18321   0.27989   0.03697   0.07143   0.02419   0.17485   0.02326   0.21762   0.01083   0.21527   0.03628   0.01490   0.08398   0.02468   0.00000   0.00000   0.55116   0.06886   0.11061   0.01532   0.00000   0.01604   0.08193   0.03245   0.00000   0.00000   0.08834   0.16534   0.01084   0.05073   0.00000   0.01394   0.06066   0.00000   0.03334   0.00957   0.01655   0.03308   0.05984   0.04276   0.03361   0.04754   0.05998   0.00000   0.31436   0.02737   0.26443   0.00000   0.23977   0.06720   0.02781   0.00000   0.05304   0.02141   0.64254   0.06563   0.27899   0.00000   0.27211   0.03036   0.02577   0.12393   0.14653   0.20101   0.13271   0.00000   0.02496   0.00624   0.01619   0.03280   0.05690   0.02266   0.17111   0.00000   0.28835   0.15211   0.00000   0.00000   0.46272   0.14379   0.04742   2.83536   4.86490   3.35436   2.30319   2.95329   0.39240   0.93766   1.31460   0.00000   4.84273   2.57705   1.77425   0.99590   0.52771   4.94548   1.00000  
299 28.7523  11694.321307  x:  2.82302  17.20134   1.93153  12.55220   0.00151   5.79711  11.59155   7.41870   6.08380   0.53593   0.32296   0.10140   0.00000   0.04512   0.33368   0.23610   0.43230   0.41123   0.19047   0.13912   0.17128   0.81299   0.00000   0.00106   0.66593   0.00000   1.59129   0.03741   0.52782   0.10949   0.16482   0.26417   0.45923   0.60979   1.74625   1.02025   0.66523   0.19217   0.00000   0.07604   0.28763   1.05672   0.00000   0.85789   0.52291   1.12543   0.07404   0.08810   0.16882   1.20176   0.00000   0.49797   0.02128   0.07152   0.00000   0.97163   0.00000   0.48158   0.00000   0.42930   0.18330   0.27968   0.03765   0.07197   0.02510   0.17549   0.02447   0.21778   0.01068   0.21545   0.03598   0.01392   0.08480   0.02477   0.00000   0.00000   0.55099   0.06894   0.11071   0.01490   0.00000   0.01540   0.08175   0.03232   0.00000   0.00000   0.08845   0.16571   0.01013   0.05101   0.00000   0.01393   0.06009   0.00000   0.03356   0.00990   0.01683   0.03322   0.06004   0.04265   0.03303   0.04784   0.06024   0.00000   0.31394   0.02756   0.26428   0.00000   0.23981   0.06669   0.02815   0.00000   0.05376   0.02140   0.64238   0.06600   0.27866   0.00000   0.27189   0.02979   0.02511   0.12385   0.14661   0.20110   0.13309   0.00000   0.02486   0.00663   0.01613   0.03283   0.05744   0.02329   0.17166   0.00000   0.28824   0.15231   0.00000   0.00000   0.46253   0.14383   0.04734   2.83544   4.86501   3.35438   2.30288   2.95321   0.39257   0.93752   1.31460   0.00000   4.84285   2.57704   1.77462   0.99585   0.53009   4.94541   1.00000  
300 16.6977  11694.310824  x:  2.82310  17.20177   1.93162  12.55249   0.00143   5.79717  11.59166   7.41877   6.08393   0.53595   0.32309   0.10150   0.00000   0.04571   0.33350   0.23603   0.43223   0.41103   0.19037   0.13954   0.17143   0.81307   0.00000   0.00159   0.66595   0.00000   1.59131   0.03743   0.52784   0.10960   0.16482   0.26391   0.45907   0.60980   1.74631   1.02049   0.66527   0.19186   0.00000   0.07673   0.28769   1.05646   0.00000   0.85784   0.52308   1.12544   0.07453   0.08856   0.16869   1.20175   0.00000   0.49781   0.02148   0.07124   0.00000   0.97196   0.00000   0.48136   0.00000   0.42919   0.18326   0.27948   0.03802   0.07217   0.02554   0.17598   0.02507   0.21794   0.01072   0.21565   0.03590   0.01464   0.08539   0.02475   0.00000   0.00000   0.55083   0.06901   0.11083   0.01523   0.00000   0.01555   0.08170   0.03232   0.00000   0.00000   0.08856   0.16609   0.01101   0.05122   0.00000   0.01388   0.05980   0.00000   0.03369   0.01053   0.01670   0.03325   0.06025   0.04266   0.03303   0.04812   0.06044   0.00000   0.31354   0.02770   0.26412   0.00000   0.23988   0.06629   0.02817   0.00000   0.05411   0.02126   0.64223   0.06628   0.27838   0.00000   0.27171   0.02947   0.02474   0.12382   0.14670   0.20121   0.13347   0.00000   0.02494   0.00653   0.01611   0.03285   0.05770   0.02373   0.17216   0.00000   0.28815   0.15249   0.00000   0.00000   0.46234   0.14390   0.04731   2.83552   4.86513   3.35440   2.30254   2.95312   0.39274   0.93737   1.31459   0.00000   4.84296   2.57702   1.77504   0.99580   0.53036   4.94542   1.00000  
301 11.1566  11694.299299  x:  2.82328  17.20273   1.93182  12.55314   0.00123   5.79731  11.59188   7.41894   6.08422   0.53598   0.32335   0.10169   0.00000   0.04650   0.33312   0.23589   0.43207   0.41060   0.19018   0.14038   0.17173   0.81325   0.00000   0.00277   0.66599   0.00000   1.59135   0.03753   0.52788   0.10984   0.16483   0.26338   0.45874   0.60981   1.74644   1.02103   0.66536   0.19117   0.00000   0.07745   0.28784   1.05586   0.00000   0.85772   0.52347   1.12548   0.07516   0.08918   0.16839   1.20172   0.00000   0.49746   0.02187   0.07080   0.00000   0.97271   0.00000   0.48089   0.00000   0.42894   0.18298   0.27902   0.03829   0.07210   0.02582   0.17676   0.02540   0.21829   0.01072   0.21608   0.03589   0.01413   0.08610   0.02467   0.00000   0.00000   0.55048   0.06908   0.11107   0.01501   0.00000   0.01622   0.08165   0.03242   0.00000   0.00000   0.08876   0.16684   0.01099   0.05132   0.00000   0.01395   0.05969   0.00000   0.03358   0.00999   0.01647   0.03317   0.06047   0.04278   0.03346   0.04813   0.06075   0.00000   0.31269   0.02790   0.26374   0.00000   0.24007   0.06563   0.02801   0.00000   0.05431   0.02111   0.64193   0.06667   0.27787   0.00000   0.27138   0.02918   0.02441   0.12382   0.14690   0.20145   0.13421   0.00000   0.02507   0.00658   0.01616   0.03288   0.05781   0.02425   0.17308   0.00000   0.28798   0.15284   0.00000   0.00000   0.46195   0.14406   0.04729   2.83570   4.86540   3.35445   2.30176   2.95290   0.39315   0.93702   1.31457   0.00000   4.84323   2.57699   1.77600   0.99579   0.52912   4.94548   1.00000  
302  9.2083  11694.291031  x:  2.82348  17.20382   1.93205  12.55388   0.00101   5.79746  11.59214   7.41912   6.08456   0.53597   0.32359   0.10181   0.00000   0.04683   0.33272   0.23574   0.43189   0.41016   0.19000   0.14114   0.17196   0.81345   0.00000   0.00397   0.66602   0.00000   1.59139   0.03757   0.52793   0.11007   0.16484   0.26284   0.45840   0.60983   1.74659   1.02164   0.66549   0.19044   0.00000   0.07750   0.28801   1.05520   0.00000   0.85759   0.52390   1.12552   0.07537   0.08939   0.16805   1.20169   0.00000   0.49708   0.02208   0.07046   0.00000   0.97354   0.00000   0.48040   0.00000   0.42867   0.18255   0.27853   0.03818   0.07177   0.02574   0.17728   0.02507   0.21859   0.01059   0.21646   0.03593   0.01458   0.08630   0.02471   0.00000   0.00000   0.55011   0.06904   0.11118   0.01519   0.00000   0.01607   0.08155   0.03243   0.00000   0.00000   0.08884   0.16744   0.01012   0.05122   0.00000   0.01384   0.05984   0.00000   0.03349   0.01036   0.01691   0.03316   0.06045   0.04279   0.03351   0.04789   0.06090   0.00000   0.31183   0.02793   0.26331   0.00000   0.24029   0.06521   0.02806   0.00000   0.05414   0.02128   0.64163   0.06682   0.27741   0.00000   0.27109   0.02913   0.02437   0.12385   0.14707   0.20167   0.13480   0.00000   0.02493   0.00654   0.01610   0.03284   0.05765   0.02424   0.17378   0.00000   0.28781   0.15309   0.00000   0.00000   0.46154   0.14419   0.04728   2.83590   4.86570   3.35451   2.30089   2.95267   0.39361   0.93664   1.31456   0.00000   4.84352   2.57695   1.77697   0.99579   0.52875   4.94551   1.00000  
303 10.1267  11694.273695  x:  2.82404  17.20677   1.93267  12.55588   0.00041   5.79789  11.59284   7.41963   6.08546   0.53588   0.32415   0.10198   0.00000   0.04697   0.33167   0.23537   0.43141   0.40904   0.18957   0.14284   0.17238   0.81398   0.00000   0.00692   0.66611   0.00000   1.59153   0.03755   0.52807   0.11063   0.16487   0.26149   0.45752   0.60988   1.74699   1.02329   0.66585   0.18853   0.00000   0.07689   0.28846   1.05341   0.00000   0.85724   0.52507   1.12564   0.07530   0.08934   0.16717   1.20160   0.00000   0.49608   0.02236   0.06980   0.00000   0.97574   0.00000   0.47912   0.00000   0.42797   0.18148   0.27730   0.03768   0.07097   0.02535   0.17829   0.02383   0.21926   0.01058   0.21730   0.03599   0.01429   0.08610   0.02480   0.00000   0.00000   0.54912   0.06886   0.11125   0.01509   0.00000   0.01512   0.08130   0.03236   0.00000   0.00000   0.08885   0.16869   0.01103   0.05098   0.00000   0.01370   0.06025   0.00000   0.03348   0.01012   0.01691   0.03313   0.06028   0.04266   0.03316   0.04756   0.06110   0.00000   0.30969   0.02786   0.26219   0.00000   0.24089   0.06457   0.02822   0.00000   0.05351   0.02151   0.64086   0.06688   0.27638   0.00000   0.27042   0.02930   0.02461   0.12392   0.14740   0.20216   0.13594   0.00000   0.02468   0.00658   0.01609   0.03275   0.05714   0.02352   0.17518   0.00000   0.28740   0.15352   0.00000   0.00000   0.46048   0.14446   0.04723   2.83646   4.86652   3.35466   2.29853   2.95203   0.39486   0.93561   1.31453   0.00000   4.84433   2.57685   1.77940   0.99584   0.52943   4.94552   1.00000  
304 16.9133  11694.264100  x:  2.82441  17.20875   1.93309  12.55722   0.00000   5.79817  11.59331   7.41997   6.08607   0.53571   0.32441   0.10190   0.00000   0.04656   0.33110   0.23521   0.43113   0.40841   0.18940   0.14345   0.17237   0.81433   0.00000   0.00847   0.66615   0.00000   1.59163   0.03741   0.52816   0.11088   0.16489   0.26079   0.45703   0.60992   1.74723   1.02438   0.66614   0.18738   0.00000   0.07643   0.28875   1.05223   0.00000   0.85702   0.52585   1.12573   0.07491   0.08895   0.16662   1.20155   0.00000   0.49550   0.02236   0.06982   0.00000   0.97716   0.00000   0.47838   0.00000   0.42760   0.18118   0.27668   0.03764   0.07122   0.02552   0.17866   0.02371   0.21950   0.01085   0.21758   0.03595   0.01440   0.08564   0.02466   0.00000   0.00000   0.54856   0.06885   0.11132   0.01509   0.00000   0.01573   0.08126   0.03238   0.00000   0.00000   0.08873   0.16905   0.01070   0.05104   0.00000   0.01422   0.06023   0.00000   0.03359   0.01027   0.01621   0.03318   0.06020   0.04266   0.03313   0.04764   0.06113   0.00000   0.30860   0.02788   0.26161   0.00000   0.24125   0.06470   0.02800   0.00000   0.05357   0.02102   0.64044   0.06685   0.27592   0.00000   0.27012   0.02949   0.02489   0.12391   0.14746   0.20231   0.13609   0.00000   0.02516   0.00657   0.01623   0.03285   0.05723   0.02288   0.17552   0.00000   0.28720   0.15355   0.00000   0.00000   0.45987   0.14451   0.04720   2.83683   4.86707   3.35477   2.29696   2.95160   0.39569   0.93492   1.31451   0.00000   4.84488   2.57678   1.78080   0.99585   0.52999   4.94552   1.00000  
305 12.6604  11694.251969  x:  2.82501  17.21198   1.93377  12.55942   0.00000   5.79863  11.59408   7.42053   6.08707   0.53529   0.32473   0.10160   0.00000   0.04575   0.33036   0.23508   0.43071   0.40755   0.18927   0.14389   0.17207   0.81487   0.00000   0.01050   0.66619   0.00000   1.59180   0.03710   0.52830   0.11117   0.16492   0.25988   0.45636   0.60999   1.74760   1.02613   0.66667   0.18567   0.00000   0.07601   0.28919   1.05036   0.00000   0.85667   0.52710   1.12589   0.07428   0.08828   0.16578   1.20145   0.00000   0.49468   0.02222   0.07022   0.00000   0.97939   0.00000   0.47734   0.00000   0.42712   0.18114   0.27590   0.03776   0.07215   0.02621   0.17891   0.02410   0.21966   0.01061   0.21774   0.03582   0.01435   0.08494   0.02464   0.00000   0.00000   0.54776   0.06891   0.11133   0.01515   0.00000   0.01651   0.08126   0.03247   0.00000   0.00000   0.08849   0.16906   0.01079   0.05118   0.00000   0.01349   0.05992   0.00000   0.03364   0.01005   0.01704   0.03327   0.06012   0.04273   0.03333   0.04809   0.06115   0.00000   0.30728   0.02806   0.26091   0.00000   0.24174   0.06529   0.02799   0.00000   0.05406   0.02105   0.63983   0.06689   0.27544   0.00000   0.26981   0.02976   0.02535   0.12384   0.14744   0.20236   0.13575   0.00000   0.02524   0.00660   0.01603   0.03295   0.05766   0.02212   0.17552   0.00000   0.28699   0.15338   0.00000   0.00000   0.45900   0.14448   0.04716   2.83744   4.86798   3.35493   2.29439   2.95091   0.39705   0.93380   1.31448   0.00000   4.84577   2.57669   1.78281   0.99588   0.53005   4.94553   1.00000  
306 16.9049  11694.240183  x:  2.82570  17.21568   1.93455  12.56193   0.00000   5.79916  11.59496   7.42116   6.08821   0.53467   0.32499   0.10113   0.00000   0.04522   0.32977   0.23509   0.43033   0.40678   0.18931   0.14382   0.17150   0.81547   0.00000   0.01217   0.66621   0.00000   1.59201   0.03674   0.52845   0.11135   0.16495   0.25919   0.45576   0.61006   1.74799   1.02808   0.66736   0.18394   0.00000   0.07618   0.28966   1.04826   0.00000   0.85629   0.52850   1.12609   0.07400   0.08791   0.16493   1.20135   0.00000   0.49392   0.02185   0.07081   0.00000   0.98183   0.00000   0.47636   0.00000   0.42673   0.18135   0.27529   0.03770   0.07297   0.02696   0.17879   0.02451   0.21958   0.01042   0.21761   0.03579   0.01444   0.08468   0.02487   0.00000   0.00000   0.54698   0.06895   0.11114   0.01500   0.00000   0.01571   0.08123   0.03251   0.00000   0.00000   0.08832   0.16855   0.01081   0.05134   0.00000   0.01416   0.05969   0.00000   0.03356   0.01013   0.01670   0.03316   0.06026   0.04276   0.03339   0.04821   0.06118   0.00000   0.30633   0.02834   0.26043   0.00000   0.24208   0.06594   0.02831   0.00000   0.05439   0.02173   0.63924   0.06717   0.27514   0.00000   0.26966   0.02982   0.02563   0.12371   0.14729   0.20222   0.13493   0.00000   0.02447   0.00659   0.01624   0.03281   0.05790   0.02203   0.17508   0.00000   0.28688   0.15306   0.00000   0.00000   0.45817   0.14436   0.04716   2.83813   4.86901   3.35512   2.29146   2.95012   0.39859   0.93252   1.31445   0.00000   4.84679   2.57658   1.78472   0.99590   0.52933   4.94557   1.00000  
307 16.5142  11694.223042  x:  2.82684  17.22178   1.93583  12.56607   0.00000   5.80003  11.59641   7.42220   6.09009   0.53343   0.32533   0.10032   0.00000   0.04528   0.32920   0.23532   0.42985   0.40583   0.18960   0.14312   0.17040   0.81640   0.00000   0.01400   0.66620   0.00000   1.59238   0.03620   0.52867   0.11145   0.16501   0.25853   0.45502   0.61018   1.74858   1.03123   0.66860   0.18148   0.00000   0.07698   0.29037   1.04492   0.00000   0.85569   0.53077   1.12645   0.07435   0.08802   0.16367   1.20116   0.00000   0.49297   0.02117   0.07158   0.00000   0.98564   0.00000   0.47505   0.00000   0.42635   0.18177   0.27463   0.03714   0.07322   0.02721   0.17812   0.02433   0.21917   0.01098   0.21706   0.03594   0.01427   0.08510   0.02467   0.00000   0.00000   0.54589   0.06900   0.11077   0.01549   0.00000   0.01477   0.08132   0.03242   0.00000   0.00000   0.08828   0.16731   0.01065   0.05114   0.00000   0.01340   0.05969   0.00000   0.03335   0.01011   0.01627   0.03301   0.06039   0.04265   0.03312   0.04784   0.06122   0.00000   0.30556   0.02861   0.26006   0.00000   0.24222   0.06656   0.02800   0.00000   0.05403   0.02100   0.63841   0.06779   0.27500   0.00000   0.26963   0.02956   0.02557   0.12349   0.14698   0.20181   0.13344   0.00000   0.02495   0.00663   0.01587   0.03265   0.05763   0.02277   0.17403   0.00000   0.28685   0.15253   0.00000   0.00000   0.45704   0.14408   0.04725   2.83927   4.87072   3.35543   2.28665   2.94883   0.40110   0.93043   1.31441   0.00000   4.84846   2.57642   1.78720   0.99597   0.52896   4.94560   1.00000  
308 18.9215  11694.205232  x:  2.82811  17.22855   1.93726  12.57066   0.00000   5.80100  11.59802   7.42336   6.09219   0.53197   0.32566   0.09949   0.00000   0.04578   0.32880   0.23564   0.42941   0.40499   0.19002   0.14221   0.16928   0.81741   0.00000   0.01545   0.66617   0.00000   1.59280   0.03571   0.52891   0.11146   0.16507   0.25810   0.45436   0.61029   1.74920   1.03465   0.67005   0.17902   0.00000   0.07761   0.29111   1.04129   0.00000   0.85504   0.53324   1.12688   0.07500   0.08839   0.16237   1.20094   0.00000   0.49211   0.02065   0.07218   0.00000   0.98970   0.00000   0.47381   0.00000   0.42610   0.18221   0.27416   0.03664   0.07297   0.02684   0.17728   0.02362   0.21860   0.01064   0.21637   0.03602   0.01462   0.08574   0.02456   0.00000   0.00000   0.54485   0.06913   0.11051   0.01466   0.00000   0.01549   0.08158   0.03232   0.00000   0.00000   0.08837   0.16604   0.01088   0.05097   0.00000   0.01394   0.05990   0.00000   0.03342   0.01001   0.01703   0.03310   0.06047   0.04258   0.03298   0.04745   0.06117   0.00000   0.30519   0.02860   0.25983   0.00000   0.24209   0.06678   0.02787   0.00000   0.05351   0.02089   0.63757   0.06835   0.27504   0.00000   0.26973   0.02925   0.02527   0.12333   0.14666   0.20132   0.13207   0.00000   0.02531   0.00663   0.01629   0.03273   0.05722   0.02364   0.17287   0.00000   0.28689   0.15205   0.00000   0.00000   0.45594   0.14377   0.04740   2.84053   4.87261   3.35577   2.28132   2.94740   0.40386   0.92811   1.31437   0.00000   4.85032   2.57625   1.78950   0.99600   0.52937   4.94560   1.00000  
309 35.9989  11694.193480  x:  2.82903  17.23346   1.93829  12.57400   0.00000   5.80171  11.59919   7.42419   6.09371   0.53086   0.32588   0.09906   0.00000   0.04628   0.32873   0.23588   0.42919   0.40459   0.19038   0.14162   0.16875   0.81809   0.00000   0.01600   0.66614   0.00000   1.59311   0.03556   0.52906   0.11139   0.16511   0.25807   0.45405   0.61037   1.74962   1.03706   0.67116   0.17752   0.00000   0.07754   0.29159   1.03874   0.00000   0.85459   0.53496   1.12720   0.07543   0.08862   0.16154   1.20077   0.00000   0.49167   0.02067   0.07231   0.00000   0.99247   0.00000   0.47314   0.00000   0.42610   0.18253   0.27406   0.03671   0.07262   0.02637   0.17686   0.02318   0.21820   0.01046   0.21592   0.03600   0.01423   0.08604   0.02476   0.00000   0.00000   0.54425   0.06930   0.11043   0.01560   0.00000   0.01645   0.08179   0.03230   0.00000   0.00000   0.08853   0.16542   0.01085   0.05095   0.00000   0.01406   0.06005   0.00000   0.03358   0.01003   0.01676   0.03321   0.06036   0.04263   0.03317   0.04751   0.06105   0.00000   0.30536   0.02827   0.25978   0.00000   0.24178   0.06655   0.02811   0.00000   0.05344   0.02164   0.63707   0.06849   0.27524   0.00000   0.26989   0.02924   0.02501   0.12337   0.14652   0.20104   0.13165   0.00000   0.02484   0.00665   0.01614   0.03289   0.05714   0.02399   0.17221   0.00000   0.28698   0.15190   0.00000   0.00000   0.45530   0.14359   0.04754   2.84145   4.87399   3.35602   2.27747   2.94637   0.40584   0.92643   1.31435   0.00000   4.85167   2.57613   1.79070   0.99601   0.52983   4.94559   1.00000  
310 29.1300  11694.173649  x:  2.83065  17.24219   1.94013  12.57993   0.00000   5.80296  11.60127   7.42568   6.09642   0.52884   0.32625   0.09867   0.00000   0.04702   0.32896   0.23626   0.42899   0.40424   0.19105   0.14085   0.16840   0.81920   0.00000   0.01617   0.66607   0.00000   1.59367   0.03569   0.52931   0.11119   0.16516   0.25851   0.45377   0.61049   1.75031   1.04120   0.67323   0.17541   0.00000   0.07660   0.29233   1.03441   0.00000   0.85382   0.53791   1.12782   0.07589   0.08873   0.16024   1.20047   0.00000   0.49125   0.02124   0.07194   0.00000   0.99702   0.00000   0.47237   0.00000   0.42642   0.18314   0.27433   0.03750   0.07204   0.02580   0.17667   0.02319   0.21762   0.01112   0.21530   0.03596   0.01468   0.08608   0.02495   0.00000   0.00000   0.54349   0.06968   0.11037   0.01463   0.00000   0.01654   0.08199   0.03234   0.00000   0.00000   0.08886   0.16493   0.01060   0.05107   0.00000   0.01324   0.06014   0.00000   0.03367   0.01003   0.01606   0.03327   0.05997   0.04281   0.03360   0.04816   0.06075   0.00000   0.30639   0.02738   0.25987   0.00000   0.24092   0.06572   0.02826   0.00000   0.05382   0.02192   0.63637   0.06827   0.27588   0.00000   0.27030   0.02974   0.02469   0.12371   0.14647   0.20075   0.13203   0.00000   0.02421   0.00667   0.01581   0.03298   0.05748   0.02403   0.17151   0.00000   0.28721   0.15200   0.00000   0.00000   0.45448   0.14340   0.04781   2.84308   4.87644   3.35646   2.27064   2.94454   0.40930   0.92344   1.31431   0.00000   4.85406   2.57594   1.79200   0.99602   0.52999   4.94561   1.00000  
311 27.7804  11694.137740  x:  2.83374  17.25875   1.94362  12.59118   0.00000   5.80533  11.60520   7.42850   6.10155   0.52505   0.32692   0.09827   0.00000   0.04786   0.32962   0.23686   0.42875   0.40388   0.19228   0.13980   0.16833   0.82123   0.00000   0.01593   0.66595   0.00000   1.59474   0.03619   0.52974   0.11075   0.16525   0.25967   0.45347   0.61069   1.75156   1.04889   0.67722   0.17190   0.00000   0.07495   0.29361   1.02638   0.00000   0.85240   0.54335   1.12902   0.07631   0.08856   0.15798   1.19988   0.00000   0.49072   0.02222   0.07077   0.00000   1.00529   0.00000   0.47128   0.00000   0.42725   0.18427   0.27520   0.03890   0.07111   0.02526   0.17670   0.02396   0.21674   0.01109   0.21443   0.03578   0.01444   0.08574   0.02473   0.00000   0.00000   0.54229   0.07038   0.11028   0.01531   0.00000   0.01523   0.08216   0.03232   0.00000   0.00000   0.08933   0.16460   0.01065   0.05141   0.00000   0.01409   0.06014   0.00000   0.03368   0.00986   0.01700   0.03323   0.05952   0.04295   0.03376   0.04905   0.06028   0.00000   0.30878   0.02595   0.26022   0.00000   0.23927   0.06435   0.02805   0.00000   0.05453   0.02088   0.63524   0.06767   0.27720   0.00000   0.27105   0.03085   0.02424   0.12448   0.14653   0.20041   0.13345   0.00000   0.02476   0.00668   0.01643   0.03285   0.05813   0.02383   0.17068   0.00000   0.28769   0.15247   0.00000   0.00000   0.45320   0.14314   0.04821   2.84617   4.88109   3.35729   2.25772   2.94107   0.41581   0.91779   1.31423   0.00000   4.85860   2.57560   1.79375   0.99599   0.52953   4.94567   1.00000  
312 64.5652  11694.107077  x:  2.83645  17.27334   1.94669  12.60109   0.00000   5.80742  11.60867   7.43098   6.10608   0.52198   0.32738   0.09848   0.00000   0.04718   0.33038   0.23707   0.42872   0.40395   0.19308   0.13965   0.16912   0.82283   0.00000   0.01518   0.66587   0.00000   1.59567   0.03670   0.53006   0.11036   0.16529   0.26098   0.45349   0.61082   1.75260   1.05537   0.68075   0.16958   0.00000   0.07537   0.29453   1.01967   0.00000   0.85121   0.54788   1.13011   0.07597   0.08782   0.15632   1.19938   0.00000   0.49061   0.02219   0.06953   0.00000   1.01192   0.00000   0.47094   0.00000   0.42824   0.18491   0.27634   0.03876   0.07066   0.02533   0.17697   0.02506   0.21651   0.00942   0.21433   0.03570   0.01461   0.08521   0.02450   0.00000   0.00000   0.54167   0.07078   0.11037   0.01509   0.00000   0.01540   0.08219   0.03205   0.00000   0.00000   0.08919   0.16517   0.01072   0.05108   0.00000   0.01399   0.05986   0.00000   0.03333   0.00989   0.01636   0.03298   0.05985   0.04253   0.03269   0.04814   0.06030   0.00000   0.31113   0.02606   0.26079   0.00000   0.23825   0.06439   0.02835   0.00000   0.05434   0.02123   0.63460   0.06734   0.27825   0.00000   0.27144   0.03117   0.02401   0.12498   0.14670   0.20048   0.13499   0.00000   0.02564   0.00674   0.01548   0.03265   0.05777   0.02381   0.17080   0.00000   0.28807   0.15302   0.00000   0.00000   0.45253   0.14308   0.04815   2.84888   4.88518   3.35802   2.24640   2.93804   0.42144   0.91282   1.31417   0.00000   4.86259   2.57534   1.79419   0.99598   0.52931   4.94571   1.00000  
313 41.4633  11694.071960  x:  2.83974  17.29100   1.95040  12.61309   0.00000   5.80996  11.61288   7.43399   6.11156   0.51855   0.32781   0.09906   0.00000   0.04580   0.33134   0.23711   0.42879   0.40425   0.19378   0.13993   0.17049   0.82462   0.00000   0.01408   0.66580   0.00000   1.59679   0.03722   0.53040   0.10992   0.16530   0.26265   0.45366   0.61096   1.75382   1.06299   0.68498   0.16728   0.00000   0.07675   0.29550   1.01183   0.00000   0.84983   0.55314   1.13147   0.07542   0.08688   0.15454   1.19879   0.00000   0.49068   0.02214   0.06865   0.00000   1.01945   0.00000   0.47090   0.00000   0.42953   0.18524   0.27782   0.03812   0.07056   0.02546   0.17737   0.02600   0.21666   0.01095   0.21465   0.03587   0.01454   0.08475   0.02472   0.00000   0.00000   0.54120   0.07093   0.11051   0.01524   0.00000   0.01608   0.08212   0.03189   0.00000   0.00000   0.08879   0.16625   0.01083   0.05063   0.00000   0.01363   0.05959   0.00000   0.03319   0.00993   0.01668   0.03297   0.06051   0.04223   0.03221   0.04685   0.06050   0.00000   0.31387   0.02681   0.26158   0.00000   0.23744   0.06526   0.02846   0.00000   0.05378   0.02169   0.63406   0.06715   0.27930   0.00000   0.27167   0.03091   0.02379   0.12533   0.14691   0.20077   0.13660   0.00000   0.02507   0.00671   0.01671   0.03267   0.05709   0.02389   0.17140   0.00000   0.28846   0.15362   0.00000   0.00000   0.45204   0.14314   0.04784   2.85217   4.89014   3.35891   2.23273   2.93437   0.42816   0.90681   1.31411   0.00000   4.86742   2.57505   1.79405   0.99591   0.52948   4.94573   1.00000  
314 77.7974  11694.041481  x:  2.84264  17.30663   1.95369  12.62371   0.00000   5.81220  11.61660   7.43665   6.11642   0.51605   0.32795   0.09995   0.00000   0.04476   0.33218   0.23689   0.42899   0.40475   0.19397   0.14061   0.17194   0.82598   0.00000   0.01308   0.66580   0.00000   1.59776   0.03738   0.53062   0.10962   0.16525   0.26405   0.45398   0.61104   1.75485   1.06936   0.68859   0.16595   0.00000   0.07791   0.29612   1.00537   0.00000   0.84871   0.55743   1.13271   0.07529   0.08656   0.15331   1.19830   0.00000   0.49100   0.02260   0.06941   0.00000   1.02533   0.00000   0.47135   0.00000   0.43068   0.18474   0.27908   0.03788   0.07122   0.02534   0.17742   0.02501   0.21722   0.01096   0.21541   0.03591   0.01464   0.08493   0.02492   0.00000   0.00000   0.54118   0.07045   0.11055   0.01523   0.00000   0.01575   0.08185   0.03230   0.00000   0.00000   0.08844   0.16737   0.01082   0.05088   0.00000   0.01423   0.05974   0.00000   0.03367   0.00970   0.01696   0.03333   0.06087   0.04273   0.03375   0.04704   0.06056   0.00000   0.31576   0.02751   0.26229   0.00000   0.23736   0.06671   0.02773   0.00000   0.05344   0.02091   0.63390   0.06721   0.27981   0.00000   0.27153   0.02992   0.02377   0.12521   0.14703   0.20122   0.13710   0.00000   0.02412   0.00678   0.01548   0.03298   0.05698   0.02399   0.17236   0.00000   0.28864   0.15389   0.00000   0.00000   0.45205   0.14341   0.04747   2.85507   4.89454   3.35969   2.22072   2.93115   0.43396   0.90150   1.31406   0.00000   4.87169   2.57484   1.79305   0.99583   0.53003   4.94572   1.00000  
315 51.2889  11694.015780  x:  2.84518  17.32035   1.95657  12.63303   0.00000   5.81417  11.61986   7.43898   6.12068   0.51433   0.32785   0.10090   0.00000   0.04449   0.33285   0.23657   0.42924   0.40534   0.19381   0.14133   0.17314   0.82699   0.00000   0.01235   0.66584   0.00000   1.59858   0.03729   0.53074   0.10946   0.16518   0.26511   0.45434   0.61108   1.75572   1.07463   0.69160   0.16526   0.00000   0.07817   0.29647   1.00010   0.00000   0.84779   0.56089   1.13382   0.07557   0.08679   0.15251   1.19791   0.00000   0.49146   0.02263   0.07057   0.00000   1.02984   0.00000   0.47207   0.00000   0.43166   0.18394   0.28000   0.03780   0.07213   0.02523   0.17738   0.02355   0.21794   0.01012   0.21627   0.03588   0.01461   0.08543   0.02471   0.00000   0.00000   0.54147   0.06968   0.11062   0.01526   0.00000   0.01530   0.08154   0.03267   0.00000   0.00000   0.08827   0.16825   0.01061   0.05129   0.00000   0.01348   0.06001   0.00000   0.03382   0.00981   0.01643   0.03338   0.06066   0.04308   0.03430   0.04802   0.06035   0.00000   0.31684   0.02772   0.26283   0.00000   0.23770   0.06794   0.02784   0.00000   0.05361   0.02130   0.63398   0.06735   0.27992   0.00000   0.27123   0.02902   0.02407   0.12484   0.14708   0.20167   0.13677   0.00000   0.02494   0.00673   0.01678   0.03302   0.05737   0.02406   0.17333   0.00000   0.28864   0.15388   0.00000   0.00000   0.45241   0.14381   0.04720   2.85762   4.89839   3.36038   2.21024   2.92834   0.43893   0.89686   1.31402   0.00000   4.87543   2.57469   1.79163   0.99576   0.53015   4.94570   1.00000  
316 59.6582  11693.987141  x:  2.84811  17.33619   1.95988  12.64379   0.00000   5.81644  11.62363   7.44167   6.12560   0.51304   0.32741   0.10208   0.00000   0.04521   0.33349   0.23610   0.42962   0.40616   0.19322   0.14211   0.17415   0.82788   0.00000   0.01182   0.66596   0.00000   1.59950   0.03695   0.53079   0.10945   0.16506   0.26603   0.45484   0.61109   1.75669   1.08026   0.69478   0.16507   0.00000   0.07732   0.29660   0.99461   0.00000   0.84686   0.56443   1.13513   0.07621   0.08754   0.15194   1.19752   0.00000   0.49217   0.02154   0.07164   0.00000   1.03412   0.00000   0.47325   0.00000   0.43272   0.18297   0.28063   0.03740   0.07316   0.02536   0.17757   0.02276   0.21897   0.01123   0.21733   0.03600   0.01467   0.08610   0.02457   0.00000   0.00000   0.54220   0.06866   0.11089   0.01523   0.00000   0.01554   0.08124   0.03266   0.00000   0.00000   0.08829   0.16896   0.01062   0.05165   0.00000   0.01407   0.06027   0.00000   0.03348   0.00964   0.01686   0.03307   0.06007   0.04284   0.03291   0.04891   0.05971   0.00000   0.31720   0.02733   0.26328   0.00000   0.23846   0.06868   0.02853   0.00000   0.05415   0.02206   0.63433   0.06757   0.27963   0.00000   0.27075   0.02858   0.02487   0.12419   0.14708   0.20219   0.13554   0.00000   0.02577   0.00679   0.01591   0.03268   0.05800   0.02402   0.17438   0.00000   0.28842   0.15356   0.00000   0.00000   0.45324   0.14442   0.04705   2.86054   4.90285   3.36118   2.19825   2.92511   0.44450   0.89153   1.31398   0.00000   4.87975   2.57457   1.78938   0.99569   0.52973   4.94567   1.00000  
317 51.0813  11693.957469  x:  2.85112  17.35252   1.96329  12.65488   0.00000   5.81877  11.62752   7.44445   6.13067   0.51245   0.32656   0.10317   0.00000   0.04646   0.33392   0.23558   0.43006   0.40709   0.19227   0.14260   0.17459   0.82850   0.00000   0.01169   0.66614   0.00000   1.60042   0.03646   0.53074   0.10963   0.16490   0.26656   0.45539   0.61107   1.75765   1.08554   0.69768   0.16537   0.00000   0.07601   0.29643   0.98961   0.00000   0.84602   0.56758   1.13649   0.07671   0.08830   0.15172   1.19717   0.00000   0.49307   0.02013   0.07227   0.00000   1.03756   0.00000   0.47471   0.00000   0.43373   0.18225   0.28074   0.03663   0.07365   0.02591   0.17799   0.02336   0.21992   0.01050   0.21819   0.03601   0.01467   0.08639   0.02494   0.00000   0.00000   0.54332   0.06780   0.11132   0.01530   0.00000   0.01603   0.08105   0.03236   0.00000   0.00000   0.08850   0.16917   0.01066   0.05130   0.00000   0.01384   0.06018   0.00000   0.03326   0.00969   0.01666   0.03299   0.05967   0.04243   0.03214   0.04852   0.05889   0.00000   0.31670   0.02660   0.26349   0.00000   0.23938   0.06837   0.02804   0.00000   0.05432   0.02080   0.63490   0.06789   0.27896   0.00000   0.27023   0.02900   0.02572   0.12349   0.14706   0.20260   0.13385   0.00000   0.02421   0.00680   0.01630   0.03269   0.05809   0.02376   0.17516   0.00000   0.28801   0.15305   0.00000   0.00000   0.45444   0.14501   0.04701   2.86356   4.90744   3.36200   2.18600   2.92181   0.45004   0.88607   1.31395   0.00000   4.88418   2.57452   1.78662   0.99568   0.52953   4.94559   1.00000  
318 50.1482  11693.919459  x:  2.85531  17.37529   1.96804  12.67034   0.00000   5.82204  11.63294   7.44832   6.13775   0.51266   0.32482   0.10424   0.00000   0.04765   0.33409   0.23489   0.43069   0.40843   0.19065   0.14262   0.17416   0.82891   0.00000   0.01215   0.66646   0.00000   1.60164   0.03580   0.53052   0.11014   0.16466   0.26660   0.45613   0.61099   1.75893   1.09208   0.70101   0.16634   0.00000   0.07532   0.29575   0.98371   0.00000   0.84507   0.57119   1.13840   0.07651   0.08865   0.15195   1.19677   0.00000   0.49447   0.02006   0.07291   0.00000   1.04087   0.00000   0.47691   0.00000   0.43502   0.18168   0.28004   0.03629   0.07332   0.02669   0.17872   0.02517   0.22080   0.01062   0.21872   0.03604   0.01475   0.08591   0.02461   0.00000   0.00000   0.54531   0.06721   0.11181   0.01529   0.00000   0.01554   0.08099   0.03234   0.00000   0.00000   0.08886   0.16865   0.01083   0.05046   0.00000   0.01388   0.05974   0.00000   0.03376   0.00963   0.01668   0.03349   0.06018   0.04264   0.03435   0.04682   0.05822   0.00000   0.31493   0.02596   0.26338   0.00000   0.24061   0.06651   0.02804   0.00000   0.05395   0.02176   0.63595   0.06851   0.27764   0.00000   0.26953   0.03013   0.02606   0.12277   0.14704   0.20286   0.13177   0.00000   0.02524   0.00684   0.01621   0.03321   0.05728   0.02306   0.17549   0.00000   0.28727   0.15233   0.00000   0.00000   0.45644   0.14553   0.04691   2.86774   4.91386   3.36315   2.16911   2.91725   0.45745   0.87851   1.31391   0.00000   4.89036   2.57455   1.78246   0.99563   0.52983   4.94540   1.00000  
319 46.5457  11693.854586  x:  2.86266  17.41544   1.97639  12.69759   0.00000   5.82778  11.64250   7.45514   6.15024   0.51461   0.32108   0.10512   0.00000   0.04688   0.33361   0.23398   0.43175   0.41069   0.18780   0.14160   0.17191   0.82884   0.00000   0.01390   0.66707   0.00000   1.60369   0.03522   0.52986   0.11136   0.16425   0.26548   0.45731   0.61078   1.76108   1.10203   0.70535   0.16851   0.00000   0.07763   0.29379   0.97527   0.00000   0.84378   0.57604   1.14172   0.07463   0.08789   0.15313   1.19622   0.00000   0.49693   0.02245   0.07255   0.00000   1.04411   0.00000   0.48064   0.00000   0.43701   0.18093   0.27772   0.03922   0.07152   0.02604   0.17888   0.02500   0.22101   0.01059   0.21825   0.03578   0.01487   0.08455   0.02508   0.00000   0.00000   0.54926   0.06743   0.11221   0.01535   0.00000   0.01583   0.08139   0.03313   0.00000   0.00000   0.08899   0.16704   0.01068   0.05139   0.00000   0.01383   0.05973   0.00000   0.03328   0.00947   0.01671   0.03282   0.06125   0.04313   0.03278   0.04756   0.05896   0.00000   0.31067   0.02687   0.26254   0.00000   0.24246   0.06326   0.02868   0.00000   0.05315   0.02112   0.63822   0.06939   0.27515   0.00000   0.26855   0.03093   0.02508   0.12257   0.14717   0.20268   0.13064   0.00000   0.02499   0.00692   0.01626   0.03220   0.05682   0.02228   0.17469   0.00000   0.28613   0.15181   0.00000   0.00000   0.46006   0.14554   0.04654   2.87510   4.92516   3.36518   2.13970   2.90927   0.46990   0.86530   1.31385   0.00000   4.90121   2.57482   1.77549   0.99562   0.52942   4.94501   1.00000  
320 46.3685  11693.809834  x:  2.86785  17.44389   1.98228  12.71689   0.00000   5.83185  11.64926   7.45998   6.15910   0.51664   0.31861   0.10526   0.00000   0.04560   0.33292   0.23382   0.43247   0.41204   0.18641   0.14082   0.17020   0.82831   0.00000   0.01524   0.66742   0.00000   1.60509   0.03527   0.52924   0.11217   0.16404   0.26410   0.45799   0.61060   1.76253   1.10799   0.70722   0.16987   0.00000   0.07824   0.29195   0.97063   0.00000   0.84312   0.57841   1.14398   0.07404   0.08798   0.15422   1.19592   0.00000   0.49832   0.02119   0.06979   0.00000   1.04475   0.00000   0.48277   0.00000   0.43796   0.18094   0.27604   0.03926   0.07015   0.02546   0.17812   0.02472   0.22038   0.01066   0.21734   0.03571   0.01494   0.08497   0.02397   0.00000   0.00000   0.55192   0.06805   0.11187   0.01539   0.00000   0.01551   0.08154   0.03210   0.00000   0.00000   0.08850   0.16625   0.01051   0.05163   0.00000   0.01389   0.06013   0.00000   0.03374   0.00929   0.01666   0.03363   0.06060   0.04259   0.03301   0.04869   0.05997   0.00000   0.30766   0.02786   0.26161   0.00000   0.24346   0.06320   0.02779   0.00000   0.05440   0.02158   0.63999   0.06885   0.27387   0.00000   0.26829   0.03022   0.02530   0.12335   0.14732   0.20227   0.13220   0.00000   0.02475   0.00695   0.01626   0.03378   0.05797   0.02298   0.17373   0.00000   0.28584   0.15227   0.00000   0.00000   0.46228   0.14515   0.04645   2.88030   4.93318   3.36662   2.11913   2.90368   0.47829   0.85607   1.31379   0.00000   4.90887   2.57515   1.77155   0.99563   0.52907   4.94468   1.00000  
321 52.6634  11693.767646  x:  2.87309  17.47271   1.98824  12.73645   0.00000   5.83597  11.65612   7.46487   6.16807   0.51907   0.31673   0.10517   0.00000   0.04502   0.33206   0.23423   0.43314   0.41304   0.18587   0.14044   0.16894   0.82735   0.00000   0.01633   0.66764   0.00000   1.60643   0.03557   0.52849   0.11276   0.16394   0.26234   0.45850   0.61041   1.76392   1.11288   0.70782   0.17083   0.00000   0.07714   0.28969   0.96729   0.00000   0.84270   0.57968   1.14611   0.07451   0.08891   0.15540   1.19572   0.00000   0.49924   0.02212   0.06889   0.00000   1.04378   0.00000   0.48418   0.00000   0.43828   0.18160   0.27479   0.03807   0.07027   0.02567   0.17692   0.02519   0.21923   0.01064   0.21624   0.03590   0.01499   0.08622   0.02645   0.00000   0.00000   0.55421   0.06892   0.11107   0.01540   0.00000   0.01566   0.08172   0.03205   0.00000   0.00000   0.08826   0.16611   0.01058   0.05094   0.00000   0.01399   0.06027   0.00000   0.03364   0.00927   0.01667   0.03316   0.05953   0.04243   0.03396   0.04834   0.06051   0.00000   0.30519   0.02838   0.26055   0.00000   0.24395   0.06507   0.02857   0.00000   0.05487   0.02111   0.64182   0.06732   0.27343   0.00000   0.26858   0.02889   0.02566   0.12455   0.14742   0.20171   0.13495   0.00000   0.02548   0.00700   0.01628   0.03249   0.05845   0.02368   0.17281   0.00000   0.28609   0.15325   0.00000   0.00000   0.46397   0.14460   0.04667   2.88554   4.94130   3.36809   2.09859   2.89806   0.48634   0.84687   1.31373   0.00000   4.91660   2.57564   1.76895   0.99560   0.52923   4.94430   1.00000  
322 53.7381  11693.723846  x:  2.87838  17.50188   1.99425  12.75623   0.00000   5.84013  11.66306   7.46982   6.17715   0.52165   0.31555   0.10503   0.00000   0.04547   0.33119   0.23505   0.43378   0.41372   0.18604   0.14058   0.16833   0.82610   0.00000   0.01702   0.66773   0.00000   1.60774   0.03589   0.52767   0.11309   0.16397   0.26048   0.45889   0.61023   1.76524   1.11694   0.70742   0.17139   0.00000   0.07588   0.28715   0.96495   0.00000   0.84248   0.58009   1.14810   0.07520   0.08988   0.15654   1.19559   0.00000   0.49972   0.02403   0.06954   0.00000   1.04161   0.00000   0.48496   0.00000   0.43802   0.18243   0.27412   0.03758   0.07182   0.02632   0.17580   0.02544   0.21799   0.01065   0.21530   0.03610   0.01504   0.08704   0.02379   0.00000   0.00000   0.55604   0.06957   0.11025   0.01545   0.00000   0.01584   0.08190   0.03273   0.00000   0.00000   0.08845   0.16644   0.01068   0.05047   0.00000   0.01401   0.06007   0.00000   0.03328   0.00924   0.01668   0.03284   0.05931   0.04277   0.03343   0.04748   0.06023   0.00000   0.30346   0.02857   0.25971   0.00000   0.24382   0.06701   0.02874   0.00000   0.05425   0.02122   0.64354   0.06571   0.27379   0.00000   0.26931   0.02807   0.02540   0.12558   0.14741   0.20118   0.13737   0.00000   0.02466   0.00705   0.01632   0.03214   0.05780   0.02381   0.17227   0.00000   0.28664   0.15420   0.00000   0.00000   0.46519   0.14413   0.04703   2.89083   4.94952   3.36957   2.07807   2.89242   0.49414   0.83771   1.31365   0.00000   4.92439   2.57628   1.76758   0.99558   0.52934   4.94388   1.00000  
323 69.9955  11693.649114  x:  2.88777  17.55394   2.00495  12.79152   0.00000   5.84755  11.67544   7.47865   6.19336   0.52617   0.31503   0.10483   0.00000   0.04751   0.32982   0.23692   0.43474   0.41421   0.18748   0.14182   0.16870   0.82345   0.00000   0.01717   0.66759   0.00000   1.60994   0.03614   0.52619   0.11309   0.16429   0.25744   0.45939   0.60998   1.76747   1.12251   0.70493   0.17157   0.00000   0.07576   0.28224   0.96272   0.00000   0.84244   0.57924   1.15129   0.07557   0.09040   0.15828   1.19553   0.00000   0.49970   0.02362   0.07009   0.00000   1.03573   0.00000   0.48511   0.00000   0.43647   0.18351   0.27413   0.03818   0.07494   0.02713   0.17471   0.02435   0.21625   0.01078   0.21444   0.03611   0.01518   0.08643   0.02569   0.00000   0.00000   0.55815   0.06967   0.10946   0.01548   0.00000   0.01548   0.08195   0.03263   0.00000   0.00000   0.08919   0.16756   0.01054   0.05129   0.00000   0.01386   0.05959   0.00000   0.03352   0.00897   0.01661   0.03392   0.06102   0.04325   0.03182   0.04741   0.05824   0.00000   0.30222   0.02888   0.25927   0.00000   0.24235   0.06830   0.02684   0.00000   0.05266   0.02212   0.64612   0.06427   0.27580   0.00000   0.27121   0.02894   0.02385   0.12630   0.14713   0.20057   0.13909   0.00000   0.02523   0.00711   0.01632   0.03481   0.05625   0.02343   0.17241   0.00000   0.28793   0.15512   0.00000   0.00000   0.46645   0.14369   0.04755   2.90023   4.96419   3.37220   2.04193   2.88246   0.50739   0.82172   1.31350   0.00000   4.93824   2.57768   1.76766   0.99554   0.52879   4.94308   1.00000  
324 68.0629  11693.504052  x:  2.90588  17.65448   2.02558  12.85966   0.00000   5.86188  11.69934   7.49570   6.22466   0.53444   0.31559   0.10436   0.00000   0.04976   0.32755   0.24024   0.43623   0.41436   0.19076   0.14457   0.17047   0.81808   0.00000   0.01610   0.66701   0.00000   1.61405   0.03610   0.52348   0.11255   0.16521   0.25251   0.46024   0.60963   1.77162   1.13163   0.69861   0.17124   0.00000   0.07784   0.27261   0.96033   0.00000   0.84276   0.57613   1.15701   0.07479   0.08959   0.16123   1.19559   0.00000   0.49884   0.01980   0.07003   0.00000   1.02274   0.00000   0.48432   0.00000   0.43270   0.18478   0.27507   0.03677   0.07646   0.02695   0.17465   0.02240   0.21421   0.01092   0.21399   0.03596   0.01546   0.08423   0.02466   0.00000   0.00000   0.56083   0.06895   0.10941   0.01560   0.00000   0.01571   0.08183   0.03118   0.00000   0.00000   0.09000   0.16953   0.01019   0.05254   0.00000   0.01370   0.05963   0.00000   0.03381   0.00855   0.01663   0.03297   0.06301   0.04275   0.03422   0.04867   0.05477   0.00000   0.30198   0.02981   0.25984   0.00000   0.23883   0.06784   0.02909   0.00000   0.05250   0.02121   0.65031   0.06428   0.28020   0.00000   0.27479   0.03152   0.02167   0.12632   0.14648   0.20001   0.13887   0.00000   0.02493   0.00731   0.01641   0.03163   0.05686   0.02388   0.17348   0.00000   0.29035   0.15550   0.00000   0.00000   0.46793   0.14330   0.04798   2.91834   4.99252   3.37730   1.97273   2.86335   0.53233   0.79135   1.31321   0.00000   4.96493   2.58069   1.77015   0.99553   0.52917   4.94138   1.00000  
325 133.9242  11693.330098  x:  2.92798  17.77751   2.05077  12.94304   0.00000   5.87940  11.72859   7.51655   6.26296   0.54351   0.31760   0.10337   0.00000   0.04794   0.32549   0.24287   0.43733   0.41362   0.19408   0.14695   0.17261   0.81161   0.00000   0.01327   0.66602   0.00000   1.61890   0.03573   0.52064   0.11162   0.16662   0.24846   0.46125   0.60946   1.77656   1.14114   0.68988   0.17050   0.00000   0.07896   0.26109   0.95934   0.00000   0.84354   0.57101   1.16341   0.07350   0.08803   0.16414   1.19583   0.00000   0.49719   0.02251   0.07324   0.00000   1.00586   0.00000   0.48251   0.00000   0.42812   0.18571   0.27664   0.03386   0.07325   0.02577   0.17754   0.02305   0.21402   0.01074   0.21485   0.03635   0.01574   0.08400   0.02502   0.00000   0.00000   0.56243   0.06820   0.11083   0.01571   0.00000   0.01533   0.08157   0.03286   0.00000   0.00000   0.08968   0.17057   0.01043   0.05089   0.00000   0.01397   0.06048   0.00000   0.03292   0.00832   0.01659   0.03292   0.06010   0.04184   0.03297   0.04810   0.05446   0.00000   0.30394   0.03014   0.26161   0.00000   0.23531   0.06504   0.02796   0.00000   0.05644   0.02144   0.65419   0.06646   0.28442   0.00000   0.27779   0.03078   0.02195   0.12528   0.14598   0.20029   0.13558   0.00000   0.02498   0.00747   0.01643   0.03338   0.05964   0.02560   0.17445   0.00000   0.29261   0.15427   0.00000   0.00000   0.46858   0.14332   0.04771   2.94045   5.02719   3.38353   1.88880   2.84013   0.56220   0.75497   1.31288   0.00000   4.99751   2.58476   1.77522   0.99549   0.52923   4.93918   1.00000  
326 167.0453  11693.187050  x:  2.94626  17.87967   2.07162  13.01225   0.00000   5.89393  11.75288   7.53386   6.29475   0.54958   0.32021   0.10210   0.00000   0.04432   0.32492   0.24306   0.43735   0.41212   0.19522   0.14686   0.17326   0.80669   0.00000   0.00961   0.66500   0.00000   1.62266   0.03559   0.51906   0.11098   0.16792   0.24777   0.46209   0.60967   1.78054   1.14743   0.68234   0.17009   0.00000   0.07671   0.25226   0.96036   0.00000   0.84457   0.56565   1.16796   0.07415   0.08832   0.16554   1.19619   0.00000   0.49541   0.02113   0.07140   0.00000   0.99160   0.00000   0.48053   0.00000   0.42499   0.18579   0.27813   0.03929   0.07224   0.02544   0.18104   0.02395   0.21609   0.01059   0.21638   0.03614   0.01596   0.08653   0.02495   0.00000   0.00000   0.56202   0.06788   0.11263   0.01581   0.00000   0.01519   0.08106   0.03257   0.00000   0.00000   0.08800   0.16964   0.01054   0.04987   0.00000   0.01401   0.06011   0.00000   0.03407   0.00793   0.01647   0.03405   0.05806   0.04372   0.03280   0.04691   0.05823   0.00000   0.30711   0.02870   0.26323   0.00000   0.23487   0.06380   0.02901   0.00000   0.05459   0.02105   0.65597   0.06708   0.28551   0.00000   0.27810   0.02626   0.02406   0.12403   0.14623   0.20135   0.13237   0.00000   0.02495   0.00765   0.01648   0.03282   0.05752   0.02507   0.17416   0.00000   0.29308   0.15232   0.00000   0.00000   0.46793   0.14389   0.04706   2.95874   5.05597   3.38870   1.82003   2.82106   0.58638   0.72591   1.31266   0.00000   5.02446   2.58859   1.78049   0.99553   0.52856   4.93718   1.00000  
327 144.8136  11693.093824  x:  2.95819  17.94677   2.08524  13.05768   0.00000   5.90346  11.76883   7.54523   6.31559   0.55193   0.32257   0.10101   0.00000   0.04460   0.32594   0.24131   0.43652   0.41040   0.19415   0.14473   0.17229   0.80421   0.00000   0.00632   0.66423   0.00000   1.62481   0.03586   0.51894   0.11091   0.16863   0.25000   0.46256   0.61015   1.78304   1.14997   0.67762   0.17044   0.00000   0.07596   0.24758   0.96281   0.00000   0.84559   0.56118   1.17007   0.07554   0.08948   0.16528   1.19664   0.00000   0.49422   0.02222   0.06994   0.00000   0.98256   0.00000   0.47894   0.00000   0.42366   0.18501   0.27879   0.03923   0.07095   0.02522   0.18167   0.02509   0.21868   0.01053   0.21750   0.03519   0.01614   0.08722   0.02495   0.00000   0.00000   0.56011   0.06786   0.11295   0.01588   0.00000   0.01526   0.08088   0.03242   0.00000   0.00000   0.08765   0.16785   0.01025   0.05192   0.00000   0.01396   0.05968   0.00000   0.03180   0.00777   0.01659   0.03154   0.06106   0.04202   0.03376   0.04870   0.06159   0.00000   0.30998   0.02843   0.26389   0.00000   0.23734   0.06515   0.02717   0.00000   0.05307   0.02202   0.65554   0.06623   0.28349   0.00000   0.27628   0.02729   0.02674   0.12342   0.14702   0.20226   0.13227   0.00000   0.02495   0.00776   0.01653   0.03293   0.05675   0.02418   0.17377   0.00000   0.29167   0.15138   0.00000   0.00000   0.46641   0.14472   0.04641   2.97068   5.07487   3.39209   1.77596   2.80881   0.60160   0.70826   1.31259   0.00000   5.04203   2.59165   1.78404   0.99554   0.52932   4.93560   1.00000  
328 94.6327  11693.006622  x:  2.96966  18.01164   2.09835  13.10158   0.00000   5.91265  11.78424   7.55622   6.33571   0.55300   0.32514   0.09998   0.00000   0.04676   0.32787   0.23855   0.43517   0.40843   0.19208   0.14181   0.17081   0.80250   0.00000   0.00294   0.66348   0.00000   1.62659   0.03638   0.51953   0.11114   0.16902   0.25376   0.46285   0.61083   1.78539   1.15120   0.67348   0.17144   0.00000   0.07687   0.24410   0.96651   0.00000   0.84685   0.55622   1.17136   0.07619   0.08998   0.16411   1.19724   0.00000   0.49325   0.02369   0.06915   0.00000   0.97437   0.00000   0.47733   0.00000   0.42290   0.18375   0.27913   0.03765   0.07058   0.02521   0.18038   0.02527   0.22115   0.01046   0.21827   0.03556   0.01629   0.08628   0.02489   0.00000   0.00000   0.55720   0.06805   0.11231   0.01595   0.00000   0.01527   0.08108   0.03275   0.00000   0.00000   0.08835   0.16619   0.01001   0.05210   0.00000   0.01372   0.05968   0.00000   0.03446   0.00728   0.01641   0.03454   0.06260   0.04187   0.03265   0.04861   0.06381   0.00000   0.31267   0.02821   0.26422   0.00000   0.24101   0.06689   0.02904   0.00000   0.05359   0.02122   0.65390   0.06511   0.27987   0.00000   0.27325   0.02949   0.02664   0.12291   0.14788   0.20290   0.13351   0.00000   0.02492   0.00787   0.01656   0.03283   0.05793   0.02275   0.17361   0.00000   0.28928   0.15133   0.00000   0.00000   0.46426   0.14562   0.04602   2.98215   5.09313   3.39535   1.73432   2.79721   0.61578   0.69247   1.31260   0.00000   5.05890   2.59507   1.78711   0.99552   0.52848   4.93395   1.00000  
329 115.0221  11692.936772  x:  2.97874  18.06342   2.10874  13.13658   0.00000   5.91997  11.79654   7.56499   6.35174   0.55279   0.32717   0.09933   0.00000   0.04814   0.32999   0.23582   0.43372   0.40684   0.18999   0.13968   0.16988   0.80191   0.00000   0.00059   0.66297   0.00000   1.62766   0.03674   0.52063   0.11153   0.16882   0.25764   0.46278   0.61150   1.78719   1.15099   0.67081   0.17299   0.00000   0.07799   0.24251   0.97072   0.00000   0.84809   0.55177   1.17162   0.07534   0.08912   0.16235   1.19789   0.00000   0.49276   0.02276   0.06879   0.00000   0.96867   0.00000   0.47618   0.00000   0.42276   0.18258   0.27909   0.03811   0.07248   0.02583   0.17795   0.02428   0.22211   0.01051   0.21821   0.03634   0.01640   0.08498   0.02495   0.00000   0.00000   0.55407   0.06854   0.11119   0.01599   0.00000   0.01533   0.08151   0.03230   0.00000   0.00000   0.08913   0.16574   0.01039   0.05032   0.00000   0.01398   0.06018   0.00000   0.03298   0.00736   0.01647   0.03279   0.06017   0.04379   0.03296   0.04691   0.06363   0.00000   0.31402   0.02752   0.26424   0.00000   0.24378   0.06651   0.02810   0.00000   0.05525   0.02152   0.65143   0.06488   0.27621   0.00000   0.27016   0.03015   0.02368   0.12273   0.14820   0.20290   0.13511   0.00000   0.02491   0.00795   0.01657   0.03286   0.05853   0.02254   0.17378   0.00000   0.28704   0.15231   0.00000   0.00000   0.46212   0.14603   0.04616   2.99124   5.10770   3.39794   1.70215   2.78823   0.62654   0.68130   1.31270   0.00000   5.07225   2.59831   1.78869   0.99560   0.52851   4.93239   1.00000  
330 88.3425  11692.885484  x:  2.98398  18.09376   2.11475  13.15707   0.00000   5.92424  11.80375   7.57012   6.36109   0.55175   0.32808   0.09922   0.00000   0.04720   0.33141   0.23428   0.43266   0.40617   0.18896   0.13940   0.17016   0.80235   0.00000   0.00000   0.66282   0.00000   1.62789   0.03666   0.52179   0.11183   0.16807   0.26006   0.46232   0.61192   1.78816   1.14968   0.66995   0.17461   0.00000   0.07753   0.24284   0.97438   0.00000   0.84904   0.54883   1.17099   0.07445   0.08829   0.16072   1.19841   0.00000   0.49282   0.02234   0.07017   0.00000   0.96638   0.00000   0.47582   0.00000   0.42312   0.18212   0.27863   0.03790   0.07336   0.02657   0.17645   0.02466   0.22126   0.01059   0.21745   0.03561   0.01649   0.08525   0.02494   0.00000   0.00000   0.55174   0.06928   0.11053   0.01602   0.00000   0.01540   0.08175   0.03211   0.00000   0.00000   0.08912   0.16648   0.01026   0.05059   0.00000   0.01406   0.06000   0.00000   0.03301   0.00724   0.01643   0.03329   0.05876   0.04226   0.03321   0.04790   0.06200   0.00000   0.31381   0.02728   0.26391   0.00000   0.24432   0.06465   0.02843   0.00000   0.05411   0.02144   0.64908   0.06585   0.27440   0.00000   0.26858   0.03020   0.02346   0.12328   0.14784   0.20241   0.13609   0.00000   0.02491   0.00800   0.01659   0.03297   0.05739   0.02471   0.17391   0.00000   0.28609   0.15347   0.00000   0.00000   0.46071   0.14563   0.04655   2.99648   5.11622   3.39945   1.68445   2.78326   0.63221   0.67627   1.31288   0.00000   5.07993   2.60075   1.78860   0.99563   0.52826   4.93128   1.00000  
331 49.9348  11692.819767  x:  2.99284  18.14580   2.12492  13.19215   0.00000   5.93154  11.81610   7.57893   6.37706   0.54860   0.32888   0.09951   0.00000   0.04510   0.33362   0.23281   0.43084   0.40572   0.18833   0.14069   0.17185   0.80439   0.00000   0.00073   0.66286   0.00000   1.62757   0.03595   0.52436   0.11226   0.16584   0.26343   0.46072   0.61251   1.78964   1.14550   0.66964   0.17824   0.00000   0.07639   0.24557   0.98252   0.00000   0.85100   0.54352   1.16864   0.07492   0.08887   0.15735   1.19950   0.00000   0.49335   0.02073   0.07178   0.00000   0.96453   0.00000   0.47582   0.00000   0.42454   0.18143   0.27721   0.03703   0.07186   0.02648   0.17538   0.02567   0.21812   0.01053   0.21571   0.03677   0.01658   0.08671   0.02496   0.00000   0.00000   0.54738   0.07060   0.11012   0.01607   0.00000   0.01537   0.08177   0.03273   0.00000   0.00000   0.08851   0.16817   0.00999   0.05140   0.00000   0.01376   0.05976   0.00000   0.03423   0.00692   0.01644   0.03249   0.06221   0.04427   0.03244   0.04798   0.05944   0.00000   0.31200   0.02744   0.26247   0.00000   0.24332   0.06293   0.02767   0.00000   0.05440   0.02174   0.64413   0.06696   0.27366   0.00000   0.26732   0.02842   0.02353   0.12462   0.14652   0.20127   0.13583   0.00000   0.02490   0.00809   0.01662   0.03236   0.05845   0.02351   0.17310   0.00000   0.28560   0.15447   0.00000   0.00000   0.45829   0.14395   0.04738   3.00534   5.13082   3.40202   1.65618   2.77528   0.64075   0.67030   1.31337   0.00000   5.09287   2.60591   1.78667   0.99567   0.52794   4.92903   1.00000  
332 47.4905  11692.754885  x:  3.00166  18.19825   2.13509  13.22747   0.00000   5.93887  11.82855   7.58782   6.39310   0.54468   0.32902   0.09996   0.00000   0.04540   0.33528   0.23264   0.42921   0.40581   0.18870   0.14234   0.17350   0.80713   0.00000   0.00260   0.66310   0.00000   1.62678   0.03516   0.52706   0.11253   0.16335   0.26573   0.45863   0.61290   1.79095   1.14009   0.66990   0.18199   0.00000   0.07697   0.24958   0.99175   0.00000   0.85315   0.53831   1.16556   0.07599   0.08999   0.15415   1.20064   0.00000   0.49415   0.02084   0.07218   0.00000   0.96416   0.00000   0.47617   0.00000   0.42635   0.18072   0.27593   0.03917   0.07093   0.02590   0.17559   0.02547   0.21528   0.01060   0.21444   0.03647   0.01668   0.08679   0.02499   0.00000   0.00000   0.54324   0.07092   0.11043   0.01611   0.00000   0.01530   0.08142   0.03195   0.00000   0.00000   0.08817   0.16915   0.01026   0.05092   0.00000   0.01384   0.06003   0.00000   0.03133   0.00702   0.01640   0.03382   0.06286   0.04355   0.03304   0.04657   0.05915   0.00000   0.30984   0.02917   0.26071   0.00000   0.24165   0.06437   0.02952   0.00000   0.05540   0.02087   0.63913   0.06765   0.27461   0.00000   0.26765   0.02881   0.02527   0.12566   0.14553   0.20044   0.13461   0.00000   0.02489   0.00814   0.01663   0.03371   0.05902   0.02181   0.17250   0.00000   0.28590   0.15428   0.00000   0.00000   0.45613   0.14242   0.04795   3.01417   5.14551   3.40459   1.62913   2.76762   0.64846   0.66601   1.31402   0.00000   5.10574   2.61178   1.78382   0.99565   0.52776   4.92656   1.00000  
333 70.6511  11692.683587  x:  3.01141  18.25669   2.14633  13.26679   0.00000   5.94702  11.84242   7.59771   6.41093   0.53984   0.32853   0.10039   0.00000   0.04734   0.33637   0.23354   0.42770   0.40632   0.18984   0.14374   0.17463   0.81060   0.00000   0.00548   0.66353   0.00000   1.62553   0.03452   0.52992   0.11268   0.16081   0.26715   0.45605   0.61313   1.79221   1.13317   0.67050   0.18583   0.00000   0.07817   0.25494   1.00268   0.00000   0.85566   0.53284   1.16162   0.07645   0.09044   0.15116   1.20191   0.00000   0.49518   0.02172   0.07115   0.00000   0.96496   0.00000   0.47672   0.00000   0.42845   0.18032   0.27498   0.04065   0.07043   0.02584   0.17668   0.02564   0.21354   0.01064   0.21397   0.03555   0.01685   0.08566   0.02495   0.00000   0.00000   0.53929   0.07038   0.11111   0.01617   0.00000   0.01529   0.08104   0.03210   0.00000   0.00000   0.08858   0.16927   0.01020   0.05019   0.00000   0.01390   0.06014   0.00000   0.03414   0.00674   0.01642   0.03250   0.06029   0.04212   0.03290   0.04647   0.06083   0.00000   0.30750   0.03065   0.25887   0.00000   0.23960   0.06725   0.02775   0.00000   0.05565   0.02168   0.63390   0.06790   0.27655   0.00000   0.26921   0.02980   0.02647   0.12599   0.14521   0.20005   0.13296   0.00000   0.02489   0.00824   0.01667   0.03246   0.05820   0.02117   0.17261   0.00000   0.28677   0.15330   0.00000   0.00000   0.45415   0.14149   0.04835   3.02392   5.16187   3.40743   1.60021   2.75941   0.65621   0.66258   1.31486   0.00000   5.11993   2.61887   1.78023   0.99563   0.52734   4.92366   1.00000  
334 95.0530  11692.610352  x:  3.02143  18.31737   2.15791  13.30759   0.00000   5.95545  11.85683   7.60798   6.42941   0.53438   0.32713   0.10052   0.00000   0.04865   0.33615   0.23545   0.42663   0.40726   0.19155   0.14393   0.17434   0.81449   0.00000   0.00914   0.66413   0.00000   1.62382   0.03440   0.53245   0.11260   0.15907   0.26703   0.45333   0.61305   1.79319   1.12499   0.67125   0.18887   0.00000   0.07804   0.26138   1.01454   0.00000   0.85836   0.52789   1.15703   0.07538   0.08926   0.14922   1.20316   0.00000   0.49631   0.02216   0.06894   0.00000   0.96730   0.00000   0.47734   0.00000   0.43038   0.18074   0.27485   0.03808   0.07032   0.02673   0.17810   0.02661   0.21446   0.01047   0.21503   0.03644   0.01696   0.08470   0.02495   0.00000   0.00000   0.53662   0.06897   0.11163   0.01622   0.00000   0.01541   0.08102   0.03321   0.00000   0.00000   0.08934   0.16806   0.01000   0.05103   0.00000   0.01410   0.06002   0.00000   0.03271   0.00661   0.01637   0.03333   0.05868   0.04439   0.03289   0.04895   0.06350   0.00000   0.30557   0.02908   0.25776   0.00000   0.23770   0.06934   0.02823   0.00000   0.05368   0.02167   0.62937   0.06751   0.27881   0.00000   0.27162   0.02911   0.02448   0.12498   0.14607   0.20049   0.13190   0.00000   0.02490   0.00831   0.01670   0.03290   0.05760   0.02238   0.17376   0.00000   0.28800   0.15210   0.00000   0.00000   0.45284   0.14199   0.04850   3.03395   5.17883   3.41037   1.57181   2.75133   0.66303   0.66065   1.31592   0.00000   5.13447   2.62697   1.77653   0.99559   0.52717   4.92042   1.00000  
335 76.2075  11692.529540  x:  3.03259  18.38582   2.17084  13.35356   0.00000   5.96494  11.87307   7.61956   6.45019   0.52794   0.32475   0.10038   0.00000   0.04717   0.33426   0.23785   0.42614   0.40854   0.19338   0.14272   0.17245   0.81895   0.00000   0.01352   0.66493   0.00000   1.62144   0.03474   0.53450   0.11221   0.15876   0.26527   0.45063   0.61257   1.79380   1.11477   0.67203   0.19068   0.00000   0.07667   0.26936   1.02811   0.00000   0.86141   0.52342   1.15141   0.07436   0.08798   0.14883   1.20443   0.00000   0.49738   0.02354   0.06869   0.00000   0.97155   0.00000   0.47799   0.00000   0.43188   0.18161   0.27569   0.03776   0.07305   0.02699   0.17897   0.02420   0.21809   0.01050   0.21729   0.03656   0.01707   0.08579   0.02499   0.00000   0.00000   0.53578   0.06717   0.11159   0.01628   0.00000   0.01554   0.08131   0.03121   0.00000   0.00000   0.08885   0.16609   0.01002   0.05069   0.00000   0.01389   0.06003   0.00000   0.03334   0.00642   0.01639   0.03268   0.06197   0.04312   0.03279   0.04723   0.06505   0.00000   0.30474   0.02571   0.25809   0.00000   0.23637   0.06880   0.02854   0.00000   0.05464   0.02145   0.62587   0.06720   0.28082   0.00000   0.27426   0.02936   0.02319   0.12336   0.14789   0.20180   0.13302   0.00000   0.02487   0.00839   0.01672   0.03320   0.05913   0.02544   0.17515   0.00000   0.28939   0.15157   0.00000   0.00000   0.45258   0.14380   0.04802   3.04512   5.19794   3.41364   1.54183   2.74277   0.66908   0.66029   1.31735   0.00000   5.15062   2.63702   1.77320   0.99553   0.52679   4.91653   1.00000  
336 70.6217  11692.462836  x:  3.04195  18.44401   2.18170  13.39259   0.00000   5.97298  11.88687   7.62941   6.46781   0.52252   0.32263   0.10062   0.00000   0.04548   0.33161   0.23926   0.42658   0.40952   0.19406   0.14138   0.17043   0.82253   0.00000   0.01685   0.66567   0.00000   1.61906   0.03485   0.53524   0.11157   0.16033   0.26285   0.44921   0.61183   1.79373   1.10532   0.67246   0.19033   0.00000   0.07740   0.27647   1.03935   0.00000   0.86389   0.52095   1.14638   0.07583   0.08915   0.15045   1.20535   0.00000   0.49779   0.02150   0.06934   0.00000   0.97650   0.00000   0.47845   0.00000   0.43231   0.18328   0.27672   0.03739   0.07430   0.02669   0.17954   0.02303   0.22155   0.01057   0.21885   0.03542   0.01719   0.08686   0.02501   0.00000   0.00000   0.53747   0.06771   0.11104   0.01632   0.00000   0.01548   0.08178   0.03488   0.00000   0.00000   0.08861   0.16563   0.01009   0.05086   0.00000   0.01393   0.06008   0.00000   0.03247   0.00634   0.01632   0.03421   0.06169   0.04284   0.03286   0.04662   0.06380   0.00000   0.30602   0.02618   0.26012   0.00000   0.23667   0.06687   0.02771   0.00000   0.05601   0.02176   0.62503   0.06756   0.28153   0.00000   0.27504   0.03080   0.02385   0.12261   0.14887   0.20302   0.13537   0.00000   0.02491   0.00847   0.01675   0.03184   0.05828   0.02408   0.17460   0.00000   0.29004   0.15210   0.00000   0.00000   0.45369   0.14523   0.04704   3.05447   5.21417   3.41639   1.51847   2.73610   0.67238   0.66163   1.31884   0.00000   5.16409   2.64650   1.77191   0.99545   0.52690   4.91295   1.00000  
337 58.9617  11692.382977  x:  3.05308  18.51387   2.19466  13.43941   0.00000   5.98260  11.90344   7.64121   6.48892   0.51624   0.32044   0.10148   0.00000   0.04516   0.32833   0.24026   0.42772   0.41050   0.19412   0.14034   0.16854   0.82656   0.00000   0.02032   0.66655   0.00000   1.61602   0.03475   0.53544   0.11068   0.16320   0.25983   0.44832   0.61080   1.79320   1.09362   0.67285   0.18872   0.00000   0.07860   0.28499   1.05241   0.00000   0.86673   0.51896   1.14029   0.07752   0.09052   0.15368   1.20632   0.00000   0.49801   0.02080   0.07176   0.00000   0.98319   0.00000   0.47888   0.00000   0.43229   0.18572   0.27786   0.03669   0.07399   0.02627   0.18035   0.02336   0.22460   0.01044   0.21992   0.03587   0.01730   0.08694   0.02502   0.00000   0.00000   0.54089   0.06905   0.11074   0.01638   0.00000   0.01534   0.08172   0.03290   0.00000   0.00000   0.08788   0.16614   0.00992   0.05089   0.00000   0.01404   0.06008   0.00000   0.03359   0.00616   0.01639   0.03200   0.05982   0.04361   0.03287   0.04782   0.06153   0.00000   0.30861   0.02821   0.26314   0.00000   0.23814   0.06534   0.02938   0.00000   0.05529   0.02108   0.62562   0.06819   0.28135   0.00000   0.27473   0.03086   0.02453   0.12229   0.14920   0.20405   0.13763   0.00000   0.02490   0.00852   0.01679   0.03401   0.05747   0.02096   0.17322   0.00000   0.29036   0.15307   0.00000   0.00000   0.45578   0.14639   0.04612   3.06561   5.23364   3.41967   1.49192   2.72851   0.67502   0.66426   1.32085   0.00000   5.18010   2.65851   1.77162   0.99536   0.52646   4.90849   1.00000  
338 103.0975  11692.311634  x:  3.06299  18.57678   2.20623  13.48154   0.00000   5.99125  11.91835   7.65184   6.50791   0.51112   0.31916   0.10294   0.00000   0.04711   0.32600   0.24020   0.42934   0.41106   0.19330   0.14071   0.16818   0.82975   0.00000   0.02263   0.66730   0.00000   1.61317   0.03437   0.53491   0.10987   0.16628   0.25762   0.44861   0.60983   1.79225   1.08289   0.67313   0.18623   0.00000   0.07821   0.29237   1.06338   0.00000   0.86910   0.51825   1.13489   0.07698   0.08986   0.15781   1.20703   0.00000   0.49799   0.02132   0.07300   0.00000   0.98977   0.00000   0.47909   0.00000   0.43175   0.18744   0.27860   0.03768   0.07266   0.02568   0.18085   0.02399   0.22489   0.01033   0.21958   0.03686   0.01740   0.08566   0.02500   0.00000   0.00000   0.54502   0.07025   0.11082   0.01642   0.00000   0.01527   0.08152   0.03000   0.00000   0.00000   0.08829   0.16726   0.00991   0.05051   0.00000   0.01410   0.06017   0.00000   0.03258   0.00606   0.01629   0.03419   0.05986   0.04356   0.03275   0.04831   0.05992   0.00000   0.31130   0.02941   0.26556   0.00000   0.24031   0.06578   0.02738   0.00000   0.05417   0.02204   0.62784   0.06830   0.27983   0.00000   0.27336   0.02873   0.02517   0.12270   0.14850   0.20402   0.13771   0.00000   0.02491   0.00861   0.01682   0.03178   0.05872   0.02085   0.17256   0.00000   0.29011   0.15381   0.00000   0.00000   0.45826   0.14647   0.04613   3.07553   5.25116   3.42259   1.46964   2.72217   0.67587   0.66758   1.32291   0.00000   5.19432   2.67003   1.77270   0.99531   0.52629   4.90427   1.00000  
339 86.4909  11692.220028  x:  3.07594  18.65962   2.22137  13.53697   0.00000   6.00261  11.93799   7.66583   6.53288   0.50511   0.31816   0.10520   0.00000   0.04966   0.32396   0.23921   0.43187   0.41147   0.19155   0.14235   0.16907   0.83338   0.00000   0.02480   0.66822   0.00000   1.60939   0.03384   0.53362   0.10895   0.17022   0.25558   0.45007   0.60860   1.79053   1.06874   0.67355   0.18229   0.00000   0.07691   0.30159   1.07682   0.00000   0.87194   0.51832   1.12798   0.07510   0.08796   0.16409   1.20782   0.00000   0.49778   0.02084   0.07152   0.00000   0.99873   0.00000   0.47920   0.00000   0.43061   0.18847   0.27926   0.03953   0.07096   0.02472   0.18080   0.02436   0.22285   0.01039   0.21805   0.03612   0.01757   0.08438   0.02505   0.00000   0.00000   0.55095   0.07124   0.11089   0.01648   0.00000   0.01491   0.08172   0.03317   0.00000   0.00000   0.09018   0.16863   0.00990   0.05036   0.00000   0.01398   0.06019   0.00000   0.03307   0.00591   0.01634   0.03281   0.06138   0.04284   0.03291   0.04728   0.05869   0.00000   0.31448   0.02941   0.26781   0.00000   0.24324   0.06773   0.02846   0.00000   0.05401   0.02161   0.63217   0.06738   0.27707   0.00000   0.27121   0.02650   0.02597   0.12369   0.14703   0.20311   0.13596   0.00000   0.02490   0.00867   0.01683   0.03323   0.05974   0.02344   0.17288   0.00000   0.28926   0.15421   0.00000   0.00000   0.46184   0.14569   0.04675   3.08848   5.27421   3.42641   1.44193   2.71430   0.67548   0.67277   1.32589   0.00000   5.21285   2.68588   1.77526   0.99523   0.52606   4.89851   1.00000  
340 117.8173  11692.136425  x:  3.08768  18.73579   2.23513  13.58789   0.00000   6.01303  11.95604   7.67868   6.55580   0.50121   0.31804   0.10675   0.00000   0.04747   0.32424   0.23730   0.43435   0.41138   0.18954   0.14451   0.17116   0.83560   0.00000   0.02547   0.66890   0.00000   1.60603   0.03388   0.53174   0.10867   0.17250   0.25555   0.45296   0.60778   1.78824   1.05608   0.67429   0.17845   0.00000   0.07771   0.30887   1.08710   0.00000   0.87398   0.51975   1.12214   0.07528   0.08835   0.17033   1.20830   0.00000   0.49733   0.02295   0.06918   0.00000   1.00693   0.00000   0.47911   0.00000   0.42920   0.18702   0.27938   0.03842   0.07127   0.02472   0.17930   0.02475   0.21862   0.01054   0.21617   0.03480   0.01772   0.08677   0.02501   0.00000   0.00000   0.55614   0.06960   0.11126   0.01654   0.00000   0.01492   0.08165   0.03178   0.00000   0.00000   0.08934   0.16872   0.00986   0.05173   0.00000   0.01390   0.06003   0.00000   0.03300   0.00571   0.01631   0.03314   0.06099   0.04421   0.03263   0.04726   0.05917   0.00000   0.31568   0.02712   0.26762   0.00000   0.24401   0.06801   0.02854   0.00000   0.05672   0.02143   0.63762   0.06474   0.27524   0.00000   0.26997   0.02943   0.02451   0.12461   0.14606   0.20167   0.13289   0.00000   0.02488   0.00877   0.01687   0.03286   0.05660   0.02379   0.17458   0.00000   0.28785   0.15319   0.00000   0.00000   0.46501   0.14413   0.04729   3.10022   5.29539   3.42988   1.41906   2.70789   0.67262   0.67865   1.32912   0.00000   5.22959   2.70152   1.77888   0.99522   0.52555   4.89292   1.00000  
341 68.1351  11692.079661  x:  3.09570  18.78872   2.24457  13.62323   0.00000   6.02025  11.96858   7.68761   6.57169   0.49995   0.31841   0.10696   0.00000   0.04563   0.32608   0.23606   0.43589   0.41106   0.18848   0.14519   0.17230   0.83622   0.00000   0.02507   0.66923   0.00000   1.60387   0.03428   0.53012   0.10898   0.17254   0.25677   0.45572   0.60753   1.78618   1.04780   0.67523   0.17621   0.00000   0.07833   0.31282   1.09239   0.00000   0.87484   0.52155   1.11855   0.07646   0.08978   0.17433   1.20847   0.00000   0.49676   0.02336   0.06806   0.00000   1.01224   0.00000   0.47910   0.00000   0.42835   0.18480   0.27915   0.03827   0.07304   0.02592   0.17802   0.02491   0.21605   0.01042   0.21554   0.03774   0.01772   0.08727   0.02501   0.00000   0.00000   0.55895   0.06788   0.11167   0.01657   0.00000   0.01502   0.08146   0.03291   0.00000   0.00000   0.08838   0.16799   0.00988   0.05011   0.00000   0.01408   0.06017   0.00000   0.03296   0.00567   0.01629   0.03311   0.06035   0.04236   0.03294   0.04794   0.06076   0.00000   0.31494   0.02672   0.26636   0.00000   0.24279   0.06637   0.02836   0.00000   0.05420   0.02166   0.64187   0.06398   0.27524   0.00000   0.26975   0.03117   0.02348   0.12494   0.14623   0.20101   0.13217   0.00000   0.02486   0.00882   0.01688   0.03298   0.05901   0.02278   0.17525   0.00000   0.28707   0.15225   0.00000   0.00000   0.46670   0.14335   0.04742   3.10825   5.31009   3.43226   1.40516   2.70407   0.66873   0.68344   1.33175   0.00000   5.24099   2.71319   1.78188   0.99520   0.52535   4.88883   1.00000  
342 62.6232  11691.985685  x:  3.10891  18.87755   2.26019  13.68245   0.00000   6.03231  11.98963   7.70258   6.59830   0.50083   0.31982   0.10562   0.00000   0.04675   0.33156   0.23515   0.43778   0.41023   0.18800   0.14388   0.17250   0.83549   0.00000   0.02312   0.66952   0.00000   1.60065   0.03513   0.52715   0.11041   0.16962   0.26049   0.46097   0.60780   1.78191   1.03512   0.67769   0.17388   0.00000   0.07740   0.31720   1.09753   0.00000   0.87514   0.52572   1.11353   0.07671   0.09063   0.17954   1.20844   0.00000   0.49547   0.02236   0.06968   0.00000   1.01995   0.00000   0.47929   0.00000   0.42765   0.17982   0.27811   0.03699   0.07435   0.02763   0.17662   0.02500   0.21480   0.01072   0.21590   0.03422   0.01797   0.08460   0.02504   0.00000   0.00000   0.56156   0.06566   0.11267   0.01662   0.00000   0.01523   0.08072   0.03262   0.00000   0.00000   0.08775   0.16632   0.01001   0.05048   0.00000   0.01401   0.06033   0.00000   0.03295   0.00554   0.01627   0.03307   0.06043   0.04475   0.03255   0.04699   0.06369   0.00000   0.31101   0.02901   0.26308   0.00000   0.23916   0.06364   0.02844   0.00000   0.05345   0.02164   0.64909   0.06637   0.27731   0.00000   0.27045   0.02973   0.02550   0.12478   0.14790   0.20117   0.13506   0.00000   0.02487   0.00889   0.01689   0.03299   0.06052   0.02307   0.17464   0.00000   0.28703   0.15174   0.00000   0.00000   0.46805   0.14363   0.04730   3.12147   5.33472   3.43619   1.38561   2.69888   0.65869   0.69275   1.33696   0.00000   5.25968   2.73426   1.78706   0.99514   0.52497   4.88160   1.00000  
343 54.7695  11691.894131  x:  3.12176  18.96490   2.27541  13.74064   0.00000   6.04416  12.01033   7.71730   6.62442   0.50347   0.32157   0.10382   0.00000   0.04831   0.33680   0.23504   0.43895   0.40943   0.18842   0.14178   0.17194   0.83389   0.00000   0.02104   0.66969   0.00000   1.59778   0.03554   0.52443   0.11211   0.16574   0.26409   0.46561   0.60845   1.77739   1.02356   0.68055   0.17267   0.00000   0.07720   0.32020   1.10040   0.00000   0.87473   0.53011   1.10926   0.07528   0.08977   0.18319   1.20822   0.00000   0.49434   0.02107   0.07170   0.00000   1.02650   0.00000   0.47943   0.00000   0.42764   0.17632   0.27679   0.03771   0.07337   0.02807   0.17659   0.02571   0.21599   0.01045   0.21702   0.03749   0.01802   0.08449   0.02505   0.00000   0.00000   0.56275   0.06563   0.11319   0.01668   0.00000   0.01521   0.08046   0.03287   0.00000   0.00000   0.08853   0.16595   0.00987   0.05145   0.00000   0.01395   0.06010   0.00000   0.03289   0.00537   0.01625   0.03316   0.06109   0.04228   0.03297   0.04749   0.06346   0.00000   0.30667   0.02907   0.25974   0.00000   0.23698   0.06410   0.02871   0.00000   0.05665   0.02130   0.65548   0.06819   0.27951   0.00000   0.27160   0.02692   0.02522   0.12381   0.14918   0.20180   0.13730   0.00000   0.02487   0.00898   0.01695   0.03291   0.05677   0.02169   0.17388   0.00000   0.28761   0.15205   0.00000   0.00000   0.46812   0.14464   0.04692   3.13432   5.35892   3.44001   1.36847   2.69447   0.64700   0.70256   1.34255   0.00000   5.27780   2.75576   1.79144   0.99508   0.52453   4.87429   1.00000  
344 97.2588  11691.755851  x:  3.14137  19.09993   2.29872  13.83050   0.00000   6.06242  12.04234   7.74006   6.66474   0.51058   0.32476   0.10117   0.00000   0.04714   0.34224   0.23587   0.43918   0.40843   0.19040   0.13888   0.17090   0.83008   0.00000   0.01846   0.66986   0.00000   1.59395   0.03515   0.52112   0.11485   0.15955   0.26808   0.47060   0.61005   1.77002   1.00763   0.68547   0.17279   0.00000   0.07889   0.32253   1.10102   0.00000   0.87287   0.53704   1.10401   0.07366   0.08861   0.18576   1.20749   0.00000   0.49335   0.02068   0.07235   0.00000   1.03437   0.00000   0.47941   0.00000   0.42904   0.17533   0.27520   0.04058   0.06983   0.02683   0.17795   0.02756   0.22085   0.01030   0.21863   0.03628   0.01817   0.08917   0.02503   0.00000   0.00000   0.56201   0.06931   0.11239   0.01675   0.00000   0.01499   0.08126   0.03241   0.00000   0.00000   0.08988   0.16821   0.00984   0.04936   0.00000   0.01412   0.06014   0.00000   0.03286   0.00529   0.01624   0.03308   0.06075   0.04408   0.03259   0.04816   0.05731   0.00000   0.30162   0.02737   0.25593   0.00000   0.23769   0.06899   0.02835   0.00000   0.05454   0.02173   0.66281   0.06927   0.28150   0.00000   0.27415   0.03039   0.02520   0.12203   0.14938   0.20286   0.13729   0.00000   0.02488   0.00908   0.01699   0.03297   0.05857   0.02284   0.17448   0.00000   0.28917   0.15357   0.00000   0.00000   0.46601   0.14654   0.04571   3.15394   5.39629   3.44584   1.34554   2.68889   0.62605   0.71885   1.35203   0.00000   5.30537   2.79029   1.79587   0.99492   0.52408   4.86267   1.00000  
345 86.6190  11691.605135  x:  3.16249  19.24715   2.32388  13.92838   0.00000   6.08230  12.07724   7.76488   6.70860   0.52076   0.32851   0.09967   0.00000   0.04474   0.34347   0.23709   0.43780   0.40774   0.19292   0.13862   0.17119   0.82508   0.00000   0.01724   0.67009   0.00000   1.59051   0.03485   0.51915   0.11743   0.15526   0.26947   0.47255   0.61220   1.76193   0.99273   0.69070   0.17458   0.00000   0.07737   0.32290   1.09797   0.00000   0.86971   0.54441   1.10000   0.07642   0.09108   0.18535   1.20631   0.00000   0.49324   0.02242   0.06990   0.00000   1.04046   0.00000   0.47932   0.00000   0.43244   0.17884   0.27548   0.04004   0.06933   0.02679   0.17793   0.02695   0.22495   0.01040   0.21917   0.03373   0.01849   0.08597   0.02502   0.00000   0.00000   0.55866   0.07292   0.11022   0.01683   0.00000   0.01479   0.08220   0.03209   0.00000   0.00000   0.08896   0.17026   0.00982   0.05343   0.00000   0.01382   0.06059   0.00000   0.03286   0.00502   0.01620   0.03317   0.05946   0.04151   0.03302   0.04570   0.05507   0.00000   0.30091   0.02812   0.25568   0.00000   0.24066   0.06911   0.02823   0.00000   0.05378   0.02181   0.66654   0.06899   0.28109   0.00000   0.27537   0.02855   0.02027   0.12160   0.14764   0.20346   0.13348   0.00000   0.02483   0.00921   0.01700   0.03306   0.06028   0.02238   0.17495   0.00000   0.29068   0.15413   0.00000   0.00000   0.46212   0.14728   0.04625   3.17506   5.43697   3.45212   1.32409   2.68408   0.60080   0.73779   1.36328   0.00000   5.33496   2.82913   1.79724   0.99486   0.52271   4.84967   1.00000  
346 94.1733  11691.348919  x:  3.19936  19.50555   2.36787  14.10011   0.00000   6.11717  12.13851   7.80845   6.78554   0.53935   0.33475   0.09789   0.00000   0.04393   0.34206   0.23892   0.43440   0.40682   0.19666   0.14027   0.17257   0.81612   0.00000   0.01611   0.67054   0.00000   1.58508   0.03498   0.51717   0.12103   0.15085   0.26954   0.47312   0.61604   1.74789   0.96867   0.69915   0.17832   0.00000   0.07630   0.32217   1.09012   0.00000   0.86346   0.55694   1.09437   0.07929   0.09310   0.18244   1.20402   0.00000   0.49351   0.02487   0.06593   0.00000   1.04908   0.00000   0.47932   0.00000   0.43891   0.18634   0.27715   0.03892   0.07256   0.02693   0.17739   0.02393   0.22874   0.01017   0.21923   0.03815   0.01877   0.08094   0.02505   0.00000   0.00000   0.55133   0.07575   0.10737   0.01698   0.00000   0.01488   0.08295   0.03199   0.00000   0.00000   0.08778   0.17158   0.00952   0.05092   0.00000   0.01401   0.06040   0.00000   0.03295   0.00479   0.01619   0.03315   0.06088   0.04437   0.03248   0.04771   0.05553   0.00000   0.30327   0.03165   0.25770   0.00000   0.24578   0.06459   0.02870   0.00000   0.05611   0.02146   0.66957   0.06781   0.27890   0.00000   0.27641   0.02963   0.02467   0.12397   0.14483   0.20396   0.12947   0.00000   0.02483   0.00940   0.01709   0.03303   0.05757   0.02730   0.17526   0.00000   0.29269   0.15423   0.00000   0.00000   0.45524   0.14665   0.04756   3.21194   5.50833   3.46308   1.28896   2.67659   0.55514   0.77194   1.38370   0.00000   5.38654   2.89809   1.79710   0.99459   0.52204   4.82661   1.00000  
347 229.4180  11691.042170  x:  3.24225  19.80784   2.41909  14.30092   0.00000   6.15793  12.21019   7.85943   6.87546   0.56001   0.34058   0.09573   0.00000   0.04827   0.33724   0.23990   0.42997   0.40613   0.19890   0.14332   0.17425   0.80623   0.00000   0.01534   0.67111   0.00000   1.57955   0.03645   0.51692   0.12313   0.15079   0.26728   0.47069   0.62021   1.73203   0.94347   0.70715   0.18217   0.00000   0.07917   0.32017   1.07850   0.00000   0.85556   0.57060   1.08960   0.07549   0.08827   0.17673   1.20127   0.00000   0.49403   0.02395   0.06725   0.00000   1.05645   0.00000   0.47954   0.00000   0.44549   0.19288   0.27939   0.03551   0.07660   0.02577   0.17904   0.02189   0.22681   0.01048   0.21805   0.03409   0.01923   0.08728   0.02508   0.00000   0.00000   0.54227   0.07275   0.10838   0.01714   0.00000   0.01475   0.08245   0.03208   0.00000   0.00000   0.08963   0.16898   0.00932   0.04705   0.00000   0.01437   0.05998   0.00000   0.03253   0.00455   0.01611   0.03324   0.06161   0.04250   0.03271   0.04980   0.05907   0.00000   0.30868   0.03036   0.26107   0.00000   0.24990   0.05905   0.02889   0.00000   0.05564   0.02132   0.66922   0.06408   0.27646   0.00000   0.27538   0.02660   0.02654   0.12754   0.14407   0.20386   0.13001   0.00000   0.02480   0.00966   0.01715   0.03303   0.05806   0.02114   0.17366   0.00000   0.29300   0.15269   0.00000   0.00000   0.44867   0.14360   0.04847   3.25485   5.59171   3.47580   1.25058   2.66893   0.50105   0.81311   1.40840   0.00000   5.44643   2.97944   1.79422   0.99452   0.51937   4.79946   1.00000  
348 242.9226  11690.840967  x:  3.27122  20.01331   2.45373  14.43734   0.00000   6.18562  12.25892   7.89410   6.93651   0.57171   0.34265   0.09314   0.00000   0.04915   0.33276   0.23915   0.42711   0.40598   0.19818   0.14458   0.17440   0.80057   0.00000   0.01453   0.67149   0.00000   1.57642   0.03768   0.51837   0.12216   0.15436   0.26472   0.46725   0.62243   1.72195   0.92890   0.71045   0.18354   0.00000   0.07901   0.31834   1.06922   0.00000   0.84999   0.57882   1.08789   0.07446   0.08636   0.17172   1.19953   0.00000   0.49458   0.02153   0.07091   0.00000   1.05919   0.00000   0.47974   0.00000   0.44803   0.19451   0.28031   0.03639   0.07621   0.02541   0.18250   0.02202   0.22189   0.01020   0.21724   0.03780   0.01938   0.09032   0.02510   0.00000   0.00000   0.53705   0.06807   0.11151   0.01726   0.00000   0.01486   0.08180   0.03239   0.00000   0.00000   0.09037   0.16596   0.00953   0.05435   0.00000   0.01390   0.06062   0.00000   0.03287   0.00420   0.01611   0.03313   0.05889   0.04357   0.03281   0.04560   0.06070   0.00000   0.31285   0.02980   0.26332   0.00000   0.25067   0.06037   0.02873   0.00000   0.05441   0.02161   0.66638   0.06606   0.27524   0.00000   0.27357   0.03001   0.02753   0.12817   0.14591   0.20314   0.13421   0.00000   0.02483   0.00981   0.01723   0.03304   0.05982   0.02193   0.17396   0.00000   0.29155   0.15204   0.00000   0.00000   0.44647   0.14190   0.04836   3.28383   5.64831   3.48436   1.22636   2.66457   0.46445   0.84213   1.42579   0.00000   5.48678   3.03510   1.79093   0.99438   0.51856   4.78091   1.00000  
349 230.4392  11690.592231  x:  3.30600  20.26184   2.49539  14.60224   0.00000   6.21908  12.31788   7.93606   7.01027   0.58185   0.34279   0.08880   0.00000   0.04653   0.32735   0.23691   0.42448   0.40637   0.19476   0.14451   0.17320   0.79563   0.00000   0.01298   0.67197   0.00000   1.57347   0.03889   0.52221   0.11762   0.16214   0.26113   0.46146   0.62403   1.71091   0.91502   0.71127   0.18316   0.00000   0.07676   0.31582   1.05658   0.00000   0.84319   0.58708   1.08799   0.07815   0.08890   0.16470   1.19769   0.00000   0.49552   0.01876   0.07515   0.00000   1.05940   0.00000   0.47980   0.00000   0.44849   0.19247   0.28039   0.03835   0.07253   0.02580   0.18687   0.02329   0.21448   0.01029   0.21660   0.03584   0.01982   0.08625   0.02510   0.00000   0.00000   0.53318   0.06285   0.11559   0.01739   0.00000   0.01488   0.08093   0.03306   0.00000   0.00000   0.08872   0.16422   0.00938   0.04957   0.00000   0.01424   0.06106   0.00000   0.03265   0.00405   0.01605   0.03330   0.06083   0.04321   0.03251   0.04842   0.06071   0.00000   0.31710   0.02678   0.26475   0.00000   0.24826   0.06707   0.02865   0.00000   0.05528   0.02177   0.65983   0.07221   0.27483   0.00000   0.27019   0.03195   0.02185   0.12531   0.14949   0.20186   0.13916   0.00000   0.02482   0.01002   0.01731   0.03305   0.05814   0.02366   0.17546   0.00000   0.28847   0.15237   0.00000   0.00000   0.44681   0.14209   0.04875   3.31863   5.71664   3.49456   1.19945   2.66044   0.42101   0.87871   1.44767   0.00000   5.53507   3.10278   1.78605   0.99436   0.51654   4.75846   1.00000  
350 211.3400  11690.312340  x:  3.34478  20.54288   2.54195  14.78850   0.00000   6.25686  12.38458   7.98355   7.09346   0.58371   0.34037   0.08504   0.00000   0.04794   0.32542   0.23476   0.42475   0.40820   0.18875   0.14244   0.17058   0.79489   0.00000   0.01058   0.67273   0.00000   1.57172   0.03896   0.53024   0.10677   0.17273   0.25829   0.45384   0.62310   1.70129   0.90771   0.70559   0.17857   0.00000   0.08195   0.31299   1.04050   0.00000   0.83591   0.59262   1.09280   0.07886   0.08929   0.15657   1.19609   0.00000   0.49677   0.02142   0.07093   0.00000   1.05319   0.00000   0.47906   0.00000   0.44512   0.18468   0.27797   0.03766   0.07387   0.02624   0.18280   0.02417   0.21373   0.01033   0.21785   0.03607   0.02023   0.08342   0.02508   0.00000   0.00000   0.53583   0.06698   0.11267   0.01754   0.00000   0.01478   0.08075   0.03316   0.00000   0.00000   0.08620   0.17048   0.00925   0.05089   0.00000   0.01417   0.05806   0.00000   0.03246   0.00377   0.01601   0.03323   0.05985   0.04302   0.03262   0.04757   0.05874   0.00000   0.31792   0.01919   0.26118   0.00000   0.23756   0.06889   0.02864   0.00000   0.05477   0.02178   0.64680   0.07336   0.27711   0.00000   0.26708   0.02852   0.02817   0.12103   0.15041   0.20136   0.13674   0.00000   0.02476   0.01026   0.01737   0.03308   0.05894   0.02265   0.17485   0.00000   0.28596   0.15452   0.00000   0.00000   0.45180   0.14587   0.04900   3.35742   5.79359   3.50577   1.17368   2.65824   0.37481   0.92331   1.47413   0.00000   5.58854   3.17969   1.78124   0.99445   0.51399   4.73323   1.00000  
351 116.2872  11690.085795  x:  3.37685  20.77725   2.58051  14.94371   0.00000   6.28835  12.44022   8.02318   7.16272   0.58100   0.33851   0.08449   0.00000   0.04907   0.32626   0.23408   0.42658   0.41025   0.18498   0.14160   0.16961   0.79656   0.00000   0.00961   0.67366   0.00000   1.57086   0.03964   0.53805   0.09765   0.17950   0.25746   0.44830   0.62111   1.69479   0.90566   0.69854   0.17397   0.00000   0.07723   0.31092   1.02685   0.00000   0.83034   0.59562   1.09886   0.07680   0.08741   0.15083   1.19509   0.00000   0.49751   0.02335   0.06762   0.00000   1.04538   0.00000   0.47817   0.00000   0.44109   0.17884   0.27598   0.03794   0.07492   0.02875   0.17788   0.02597   0.21710   0.01031   0.21885   0.03617   0.02045   0.08837   0.02508   0.00000   0.00000   0.54051   0.07145   0.10990   0.01765   0.00000   0.01485   0.08118   0.03237   0.00000   0.00000   0.08895   0.17392   0.00919   0.05066   0.00000   0.01404   0.06303   0.00000   0.03264   0.00366   0.01595   0.03328   0.06079   0.04311   0.03252   0.04792   0.06048   0.00000   0.31738   0.02774   0.25897   0.00000   0.23014   0.06875   0.02885   0.00000   0.05515   0.02169   0.63476   0.07358   0.27920   0.00000   0.26604   0.02966   0.02623   0.11919   0.14950   0.20166   0.13258   0.00000   0.02475   0.01043   0.01742   0.03305   0.05845   0.02211   0.17502   0.00000   0.28453   0.15520   0.00000   0.00000   0.45674   0.14737   0.04599   3.38950   5.85759   3.51493   1.15418   2.65757   0.33804   0.96184   1.49698   0.00000   5.63255   3.24384   1.77839   0.99438   0.51244   4.71244   1.00000  
352 209.8209  11689.816116  x:  3.41356  21.04971   2.62479  15.12391   0.00000   6.32489  12.50495   8.06931   7.24300   0.57015   0.33795   0.09037   0.00000   0.04693   0.33159   0.23610   0.43150   0.41322   0.18597   0.14417   0.17245   0.80288   0.00000   0.01286   0.67562   0.00000   1.57091   0.04246   0.54820   0.09206   0.17990   0.26038   0.44553   0.61688   1.69064   0.91157   0.68752   0.16971   0.00000   0.07697   0.30940   1.01144   0.00000   0.82544   0.59569   1.10975   0.07729   0.08897   0.14735   1.19475   0.00000   0.49735   0.02084   0.07236   0.00000   1.03136   0.00000   0.47693   0.00000   0.43413   0.17554   0.27511   0.04013   0.07006   0.02865   0.17426   0.02635   0.22458   0.01031   0.21860   0.03612   0.02079   0.08738   0.02511   0.00000   0.00000   0.54885   0.07232   0.11024   0.01778   0.00000   0.01477   0.08232   0.03156   0.00000   0.00000   0.09280   0.16827   0.00905   0.05021   0.00000   0.01435   0.05427   0.00000   0.03231   0.00346   0.01595   0.03323   0.05976   0.04306   0.03255   0.04781   0.06191   0.00000   0.31227   0.03107   0.25865   0.00000   0.23331   0.06744   0.02892   0.00000   0.05540   0.02163   0.62178   0.06513   0.27985   0.00000   0.26953   0.02978   0.02352   0.12614   0.14684   0.20359   0.13267   0.00000   0.02474   0.01061   0.01747   0.03311   0.05906   0.02488   0.17585   0.00000   0.28585   0.15370   0.00000   0.00000   0.46257   0.14580   0.04522   3.42622   5.93160   3.52515   1.13532   2.65925   0.29940   1.00898   1.52512   0.00000   5.68245   3.31812   1.77850   0.99426   0.51061   4.68903   1.00000  
353 119.4410  11689.618459  x:  3.44153  21.25908   2.65858  15.26229   0.00000   6.35295  12.55470   8.10479   7.30459   0.55929   0.33741   0.09523   0.00000   0.04636   0.33602   0.23795   0.43554   0.41511   0.18831   0.14576   0.17441   0.80912   0.00000   0.01713   0.67745   0.00000   1.57135   0.04353   0.55566   0.09095   0.17726   0.26362   0.44509   0.61330   1.68885   0.91932   0.67901   0.16815   0.00000   0.07990   0.30865   1.00024   0.00000   0.82251   0.59439   1.11938   0.07760   0.09014   0.14608   1.19502   0.00000   0.49713   0.01989   0.07435   0.00000   1.01909   0.00000   0.47623   0.00000   0.42837   0.17568   0.27555   0.04171   0.06993   0.02834   0.17401   0.03012   0.22793   0.01009   0.21807   0.03583   0.02102   0.08520   0.02513   0.00000   0.00000   0.55520   0.07161   0.11114   0.01786   0.00000   0.01483   0.08262   0.03195   0.00000   0.00000   0.09075   0.16386   0.00920   0.05064   0.00000   0.01417   0.06394   0.00000   0.03263   0.00348   0.01589   0.03332   0.06028   0.04300   0.03252   0.04804   0.06116   0.00000   0.30796   0.02852   0.26007   0.00000   0.23927   0.06663   0.02897   0.00000   0.05523   0.02166   0.61396   0.06145   0.27972   0.00000   0.27276   0.02864   0.02394   0.13063   0.14526   0.20472   0.13446   0.00000   0.02476   0.01072   0.01753   0.03313   0.05861   0.02604   0.17563   0.00000   0.28778   0.15278   0.00000   0.00000   0.46668   0.14487   0.04766   3.45420   5.98829   3.53283   1.12224   2.66156   0.27146   1.04582   1.54738   0.00000   5.72026   3.37496   1.78022   0.99402   0.50972   4.67140   1.00000  
354 227.9284  11689.325563  x:  3.48188  21.56545   2.70745  15.46452   0.00000   6.39397  12.62754   8.15677   7.39447   0.53868   0.33502   0.09931   0.00000   0.04891   0.34054   0.23960   0.44044   0.41595   0.19322   0.14456   0.17399   0.82074   0.00000   0.02706   0.68079   0.00000   1.57299   0.04056   0.56448   0.09718   0.16806   0.26924   0.44819   0.60810   1.68953   0.93790   0.66827   0.17156   0.00000   0.07793   0.30860   0.98627   0.00000   0.82062   0.58948   1.13586   0.07559   0.08880   0.14763   1.19700   0.00000   0.49720   0.02372   0.06781   0.00000   0.99880   0.00000   0.47650   0.00000   0.42091   0.17976   0.27951   0.03948   0.07361   0.02561   0.17653   0.02809   0.22349   0.01013   0.21742   0.03622   0.02131   0.08802   0.02511   0.00000   0.00000   0.56240   0.06834   0.11243   0.01798   0.00000   0.01454   0.08147   0.03344   0.00000   0.00000   0.08308   0.16456   0.00914   0.05047   0.00000   0.01427   0.06029   0.00000   0.03253   0.00342   0.01588   0.03337   0.06012   0.04304   0.03249   0.04806   0.06002   0.00000   0.30477   0.02868   0.26691   0.00000   0.25022   0.06707   0.02889   0.00000   0.05511   0.02177   0.61023   0.07234   0.27858   0.00000   0.27608   0.02926   0.02369   0.12791   0.14580   0.20422   0.13721   0.00000   0.02474   0.01090   0.01759   0.03310   0.05862   0.02317   0.17369   0.00000   0.29122   0.15319   0.00000   0.00000   0.47084   0.14372   0.05018   3.49456   6.07080   3.54357   1.10628   2.66747   0.23481   1.10056   1.58147   0.00000   5.77429   3.45737   1.78633   0.99376   0.50795   4.64655   1.00000  
355 140.4835  11689.100229  x:  3.51292  21.80478   2.74516  15.62230   0.00000   6.42598  12.68450   8.19744   7.46450   0.52071   0.33169   0.09864   0.00000   0.04564   0.34005   0.23848   0.44180   0.41441   0.19499   0.14167   0.17147   0.83058   0.00000   0.03609   0.68359   0.00000   1.57531   0.03679   0.56800   0.10546   0.16047   0.27217   0.45217   0.60488   1.69258   0.95736   0.66258   0.17871   0.00000   0.07881   0.30917   0.97835   0.00000   0.82141   0.58365   1.14979   0.07695   0.08998   0.15102   1.19974   0.00000   0.49745   0.02399   0.06768   0.00000   0.98280   0.00000   0.47787   0.00000   0.41908   0.18573   0.28320   0.03808   0.07361   0.02994   0.18030   0.02419   0.21692   0.01037   0.21766   0.03610   0.02156   0.08698   0.02512   0.00000   0.00000   0.56478   0.06759   0.11412   0.01807   0.00000   0.01449   0.08092   0.03194   0.00000   0.00000   0.09408   0.17091   0.00911   0.05068   0.00000   0.01417   0.06130   0.00000   0.03253   0.00346   0.01585   0.03336   0.06028   0.04295   0.03245   0.04796   0.06253   0.00000   0.30557   0.02664   0.27007   0.00000   0.25120   0.06582   0.02897   0.00000   0.05524   0.02172   0.61432   0.07101   0.27637   0.00000   0.27592   0.02861   0.02635   0.12164   0.14878   0.20266   0.13708   0.00000   0.02473   0.01101   0.01762   0.03316   0.05867   0.02200   0.17420   0.00000   0.29261   0.15441   0.00000   0.00000   0.47074   0.14298   0.04579   3.52561   6.13489   3.55155   1.09613   2.67416   0.20935   1.14302   1.60929   0.00000   5.81542   3.52092   1.79295   0.99355   0.50662   4.62802   1.00000  
356 137.5742  11688.891089  x:  3.54092  22.02489   2.77932  15.76718   0.00000   6.45540  12.73693   8.23490   7.52870   0.50407   0.32913   0.09699   0.00000   0.04741   0.33585   0.23623   0.44018   0.41106   0.19348   0.14060   0.16974   0.83948   0.00000   0.04407   0.68599   0.00000   1.57884   0.03554   0.56644   0.11322   0.15677   0.27230   0.45612   0.60338   1.69801   0.97989   0.66048   0.18857   0.00000   0.07856   0.31008   0.97518   0.00000   0.82486   0.57633   1.16291   0.07689   0.08940   0.15548   1.20367   0.00000   0.49831   0.02069   0.07303   0.00000   0.96948   0.00000   0.48013   0.00000   0.42176   0.18903   0.28191   0.03829   0.07512   0.02304   0.18450   0.02585   0.21490   0.01011   0.21869   0.03613   0.02177   0.08681   0.02515   0.00000   0.00000   0.56268   0.06993   0.11217   0.01814   0.00000   0.01384   0.08171   0.03236   0.00000   0.00000   0.08953   0.17411   0.00901   0.05073   0.00000   0.01416   0.06076   0.00000   0.03250   0.00351   0.01584   0.03340   0.06033   0.04293   0.03244   0.04799   0.06598   0.00000   0.30973   0.02935   0.26946   0.00000   0.24362   0.06519   0.02908   0.00000   0.05529   0.02172   0.62484   0.06257   0.27467   0.00000   0.27287   0.02959   0.02474   0.11939   0.15154   0.20175   0.13504   0.00000   0.02474   0.01112   0.01766   0.03313   0.05878   0.02428   0.17741   0.00000   0.29131   0.15425   0.00000   0.00000   0.46767   0.14777   0.04781   3.55362   6.19338   3.55839   1.08919   2.68269   0.18915   1.18076   1.63615   0.00000   5.85200   3.57822   1.79973   0.99342   0.50532   4.61214   1.00000  
357 112.4399  11688.709438  x:  3.56531  22.22134   2.80923  15.89622   0.00000   6.48163  12.78380   8.26841   7.58578   0.49144   0.32916   0.09779   0.00000   0.04973   0.33051   0.23517   0.43642   0.40766   0.19038   0.14352   0.17110   0.84619   0.00000   0.04893   0.68742   0.00000   1.58373   0.03655   0.55957   0.11645   0.15904   0.26978   0.45870   0.60400   1.70544   1.00400   0.66113   0.19782   0.00000   0.07864   0.31091   0.97741   0.00000   0.83084   0.56774   1.17402   0.07639   0.08868   0.15917   1.20872   0.00000   0.50002   0.02134   0.07202   0.00000   0.96060   0.00000   0.48262   0.00000   0.42626   0.18975   0.27984   0.03900   0.07133   0.03126   0.18263   0.02282   0.22032   0.01031   0.21926   0.03583   0.02192   0.08761   0.02513   0.00000   0.00000   0.55683   0.07057   0.11200   0.01820   0.00000   0.01464   0.08171   0.03307   0.00000   0.00000   0.08485   0.16864   0.00901   0.05064   0.00000   0.01423   0.06118   0.00000   0.03254   0.00360   0.01581   0.03338   0.06014   0.04289   0.03244   0.04809   0.06180   0.00000   0.31416   0.02822   0.26669   0.00000   0.23615   0.06702   0.02904   0.00000   0.05541   0.02173   0.63857   0.06435   0.27642   0.00000   0.26942   0.02955   0.02429   0.12575   0.15002   0.20303   0.13485   0.00000   0.02472   0.01120   0.01767   0.03315   0.05875   0.02461   0.17724   0.00000   0.28871   0.15289   0.00000   0.00000   0.46355   0.14771   0.04557   3.57802   6.24507   3.56391   1.08548   2.69296   0.17420   1.21197   1.66145   0.00000   5.88324   3.62790   1.80494   0.99328   0.50416   4.59949   1.00000  
358 89.6162  11688.578036  x:  3.58266  22.36427   2.83061  15.98994   0.00000   6.50070  12.81795   8.29286   7.62717   0.48483   0.33013   0.09951   0.00000   0.04739   0.32765   0.23575   0.43323   0.40620   0.18898   0.14605   0.17258   0.84983   0.00000   0.05035   0.68773   0.00000   1.58840   0.03656   0.55195   0.11540   0.16331   0.26706   0.45962   0.60568   1.71221   1.02338   0.66231   0.20276   0.00000   0.07873   0.31124   0.98237   0.00000   0.83693   0.56059   1.18134   0.07710   0.08964   0.16120   1.21311   0.00000   0.50128   0.02268   0.06951   0.00000   0.95698   0.00000   0.48412   0.00000   0.43013   0.18641   0.27607   0.03850   0.07485   0.02631   0.18072   0.02587   0.22485   0.01005   0.21939   0.03596   0.02203   0.08705   0.02513   0.00000   0.00000   0.55107   0.06893   0.11193   0.01823   0.00000   0.01448   0.08207   0.03213   0.00000   0.00000   0.09138   0.16465   0.00902   0.05065   0.00000   0.01429   0.06106   0.00000   0.03259   0.00370   0.01581   0.03342   0.06002   0.04288   0.03240   0.04823   0.05965   0.00000   0.31632   0.02737   0.26455   0.00000   0.23498   0.06788   0.02902   0.00000   0.05523   0.02179   0.64850   0.06984   0.27896   0.00000   0.26853   0.02888   0.02407   0.12909   0.14707   0.20419   0.13572   0.00000   0.02472   0.01125   0.01770   0.03317   0.05867   0.02457   0.17532   0.00000   0.28728   0.15324   0.00000   0.00000   0.46075   0.14648   0.04666   3.59537   6.28235   3.56756   1.08424   2.70210   0.16491   1.23255   1.68061   0.00000   5.90508   3.66304   1.80774   0.99315   0.50339   4.59137   1.00000  
359 102.1158  11688.355340  x:  3.61166  22.61278   2.86664  16.15238   0.00000   6.53384  12.87749   8.33553   7.69872   0.48322   0.33231   0.10332   0.00000   0.04736   0.32984   0.24096   0.42900   0.40842   0.19226   0.14593   0.17201   0.85174   0.00000   0.04677   0.68582   0.00000   1.59982   0.03439   0.53437   0.10537   0.17425   0.26201   0.45828   0.61201   1.72744   1.06098   0.66474   0.20248   0.00000   0.07865   0.31034   1.00093   0.00000   0.85227   0.54640   1.19102   0.07587   0.09023   0.16197   1.22203   0.00000   0.50202   0.02092   0.07236   0.00000   0.96046   0.00000   0.48434   0.00000   0.43793   0.17847   0.27470   0.03962   0.07241   0.03011   0.17704   0.02693   0.22425   0.01015   0.21820   0.03608   0.02214   0.08763   0.02514   0.00000   0.00000   0.54120   0.07053   0.11268   0.01827   0.00000   0.01456   0.08306   0.03232   0.00000   0.00000   0.08973   0.17015   0.00901   0.05077   0.00000   0.01423   0.06103   0.00000   0.03264   0.00403   0.01582   0.03345   0.06017   0.04290   0.03243   0.04815   0.06680   0.00000   0.31432   0.02605   0.26100   0.00000   0.24794   0.06425   0.02907   0.00000   0.05537   0.02178   0.65987   0.06990   0.28244   0.00000   0.27393   0.03137   0.02345   0.12205   0.14430   0.20461   0.13711   0.00000   0.02474   0.01128   0.01772   0.03318   0.05875   0.02479   0.17238   0.00000   0.28817   0.15811   0.00000   0.00000   0.45724   0.14281   0.05198   3.62437   6.34616   3.57276   1.08624   2.72288   0.15281   1.26083   1.71594   0.00000   5.94033   3.72088   1.80832   0.99280   0.50209   4.58076   1.00000  
360 58.5365  11688.184773  x:  3.63305  22.80251   2.89344  16.27608   0.00000   6.55913  12.92307   8.36823   7.75309   0.48914   0.33112   0.10294   0.00000   0.04828   0.33444   0.24156   0.42844   0.41169   0.19542   0.14351   0.17063   0.85039   0.00000   0.04380   0.68316   0.00000   1.61038   0.03998   0.52431   0.10224   0.17867   0.26076   0.45696   0.61840   1.74058   1.09033   0.66649   0.19660   0.00000   0.07842   0.30821   1.02017   0.00000   0.86592   0.53515   1.19595   0.07559   0.09093   0.16019   1.22882   0.00000   0.50190   0.02146   0.07162   0.00000   0.96847   0.00000   0.48277   0.00000   0.43977   0.17715   0.27722   0.03974   0.07328   0.02754   0.17803   0.02854   0.21984   0.01010   0.21863   0.03616   0.02225   0.08667   0.02515   0.00000   0.00000   0.53809   0.06957   0.11056   0.01830   0.00000   0.01481   0.07951   0.03284   0.00000   0.00000   0.08770   0.17166   0.00905   0.05084   0.00000   0.01421   0.06106   0.00000   0.03265   0.00428   0.01582   0.03347   0.06014   0.04283   0.03245   0.04809   0.06225   0.00000   0.31137   0.02777   0.25976   0.00000   0.25352   0.06221   0.02914   0.00000   0.05542   0.02169   0.66229   0.06795   0.28066   0.00000   0.27507   0.02924   0.02395   0.12367   0.15108   0.20482   0.13506   0.00000   0.02474   0.01133   0.01773   0.03318   0.05867   0.02536   0.17500   0.00000   0.29022   0.15453   0.00000   0.00000   0.45580   0.14123   0.04226   3.64577   6.39423   3.57602   1.09013   2.74160   0.14542   1.27685   1.74380   0.00000   5.96557   3.76283   1.80684   0.99272   0.50080   4.57506   1.00000  
361 70.5098  11687.989840  x:  3.65812  23.02924   2.92497  16.42367   0.00000   6.58935  12.97761   8.40740   7.81788   0.50047   0.32849   0.10118   0.00000   0.04675   0.33950   0.23916   0.42953   0.41529   0.19717   0.14152   0.17038   0.84706   0.00000   0.04045   0.67928   0.00000   1.62384   0.04353   0.51674   0.10267   0.17961   0.26131   0.45588   0.62629   1.75681   1.12499   0.66895   0.18724   0.00000   0.07892   0.30458   1.04574   0.00000   0.88309   0.52230   1.20016   0.07535   0.09106   0.15741   1.23660   0.00000   0.50150   0.02285   0.06971   0.00000   0.98101   0.00000   0.48034   0.00000   0.43928   0.18050   0.28208   0.03956   0.07260   0.02909   0.17955   0.02699   0.21643   0.01024   0.21961   0.03617   0.02232   0.08802   0.02515   0.00000   0.00000   0.53833   0.06809   0.11200   0.01833   0.00000   0.01481   0.08084   0.03246   0.00000   0.00000   0.09067   0.17033   0.00906   0.05098   0.00000   0.01424   0.06066   0.00000   0.03274   0.00464   0.01584   0.03347   0.06002   0.04281   0.03247   0.04812   0.05691   0.00000   0.30894   0.03213   0.26012   0.00000   0.25359   0.06208   0.02916   0.00000   0.05544   0.02165   0.66090   0.06710   0.27720   0.00000   0.27409   0.02723   0.02573   0.12702   0.15605   0.20413   0.13392   0.00000   0.02475   0.01134   0.01773   0.03323   0.05876   0.02397   0.17870   0.00000   0.29225   0.14988   0.00000   0.00000   0.45694   0.15050   0.05012   3.67084   6.45123   3.57944   1.09623   2.76575   0.13749   1.29197   1.77745   0.00000   5.99461   3.81140   1.80503   0.99241   0.49990   4.57002   1.00000  
362 125.0272  11687.675961  x:  3.69740  23.39304   2.97464  16.66008   0.00000   6.63784  13.06528   8.47044   7.92151   0.52421   0.32601   0.10060   0.00000   0.04825   0.34285   0.23305   0.43408   0.41824   0.19367   0.14369   0.17460   0.83927   0.00000   0.03584   0.67238   0.00000   1.64625   0.03504   0.51593   0.11052   0.17241   0.26538   0.45624   0.63752   1.78291   1.17816   0.67513   0.17237   0.00000   0.07866   0.29670   1.08979   0.00000   0.91128   0.50481   1.20381   0.07631   0.09024   0.15390   1.24767   0.00000   0.50098   0.02191   0.07111   0.00000   1.00471   0.00000   0.47746   0.00000   0.43533   0.19064   0.28588   0.03840   0.07457   0.02565   0.18143   0.02526   0.22100   0.01020   0.22038   0.03611   0.02245   0.08754   0.02515   0.00000   0.00000   0.54629   0.07050   0.11653   0.01834   0.00000   0.01366   0.08761   0.03227   0.00000   0.00000   0.08919   0.16597   0.00902   0.05102   0.00000   0.01432   0.06070   0.00000   0.03286   0.00524   0.01585   0.03349   0.06000   0.04279   0.03246   0.04841   0.06165   0.00000   0.30866   0.02866   0.26446   0.00000   0.24277   0.06559   0.02918   0.00000   0.05533   0.02174   0.65166   0.06884   0.27315   0.00000   0.27153   0.02881   0.02561   0.12530   0.14655   0.20104   0.13739   0.00000   0.02477   0.01136   0.01774   0.03323   0.05868   0.02301   0.18023   0.00000   0.29266   0.15469   0.00000   0.00000   0.46367   0.14978   0.04454   3.71012   6.54188   3.58405   1.10852   2.80751   0.12613   1.30839   1.83166   0.00000   6.03918   3.88628   1.80443   0.99200   0.49784   4.56547   1.00000  
363 106.4835  11687.545637  x:  3.71320  23.54444   2.99477  16.75822   0.00000   6.65802  13.10188   8.49679   7.96446   0.53339   0.32770   0.10208   0.00000   0.04785   0.34000   0.23395   0.43634   0.41727   0.19020   0.14423   0.17502   0.83555   0.00000   0.03488   0.66990   0.00000   1.65561   0.03761   0.52189   0.11530   0.16738   0.26711   0.45773   0.63955   1.79311   1.19750   0.67995   0.17027   0.00000   0.07869   0.29246   1.10796   0.00000   0.92230   0.50059   1.20359   0.07676   0.08942   0.15406   1.25077   0.00000   0.50156   0.02096   0.07257   0.00000   1.01428   0.00000   0.47795   0.00000   0.43315   0.19140   0.28387   0.03893   0.07342   0.02634   0.18227   0.02506   0.22359   0.01015   0.21982   0.03599   0.02247   0.08781   0.02514   0.00000   0.00000   0.55178   0.06973   0.10985   0.01835   0.00000   0.01492   0.07749   0.03259   0.00000   0.00000   0.09025   0.16790   0.00913   0.05109   0.00000   0.01427   0.06068   0.00000   0.03291   0.00553   0.01586   0.03350   0.06006   0.04279   0.03245   0.04829   0.06449   0.00000   0.31168   0.02627   0.26707   0.00000   0.24005   0.06694   0.02918   0.00000   0.05533   0.02179   0.64548   0.06998   0.27535   0.00000   0.27096   0.03076   0.02442   0.12490   0.14671   0.20324   0.13679   0.00000   0.02478   0.01135   0.01774   0.03324   0.05871   0.02386   0.17638   0.00000   0.29061   0.15631   0.00000   0.00000   0.46735   0.14674   0.04794   3.72593   6.57912   3.58548   1.11484   2.82629   0.12201   1.31067   1.85384   0.00000   6.05657   3.91553   1.80722   0.99183   0.49733   4.56583   1.00000  
364 76.8882  11687.421714  x:  3.72839  23.69646   3.01431  16.85643   0.00000   6.67830  13.13875   8.52341   8.00734   0.53997   0.33154   0.10303   0.00000   0.04797   0.33381   0.23857   0.43875   0.41453   0.18744   0.14357   0.17321   0.83196   0.00000   0.03413   0.66826   0.00000   1.66463   0.04173   0.53381   0.11792   0.16255   0.26801   0.46050   0.63776   1.80208   1.21280   0.68705   0.17356   0.00000   0.07870   0.28728   1.12503   0.00000   0.93182   0.50033   1.20128   0.07743   0.08894   0.15590   1.25173   0.00000   0.50304   0.02110   0.07244   0.00000   1.02232   0.00000   0.48049   0.00000   0.43186   0.18607   0.27866   0.03879   0.07377   0.02793   0.18205   0.02554   0.22361   0.01014   0.21923   0.03608   0.02248   0.08783   0.02515   0.00000   0.00000   0.55814   0.06785   0.11200   0.01834   0.00000   0.01421   0.08526   0.03236   0.00000   0.00000   0.08974   0.17296   0.00911   0.05123   0.00000   0.01422   0.06065   0.00000   0.03296   0.00584   0.01588   0.03352   0.06015   0.04279   0.03247   0.04831   0.06299   0.00000   0.31687   0.02626   0.26901   0.00000   0.24157   0.06741   0.02918   0.00000   0.05533   0.02181   0.63801   0.06878   0.28026   0.00000   0.27069   0.03049   0.02398   0.12598   0.15149   0.20731   0.13521   0.00000   0.02478   0.01133   0.01773   0.03325   0.05871   0.02534   0.17225   0.00000   0.28784   0.15480   0.00000   0.00000   0.46970   0.14300   0.04887   3.74111   6.61590   3.58629   1.12260   2.84675   0.11879   1.30754   1.87540   0.00000   6.07261   3.94245   1.81375   0.99160   0.49728   4.56907   1.00000  
365 60.0907  11687.309807  x:  3.74157  23.83662   3.03151  16.94661   0.00000   6.69701  13.17292   8.54815   8.04660   0.54204   0.33458   0.09972   0.00000   0.04773   0.32915   0.24187   0.44094   0.41217   0.18937   0.14365   0.17168   0.82988   0.00000   0.03320   0.66841   0.00000   1.67191   0.03690   0.54795   0.11424   0.16203   0.26759   0.46353   0.63215   1.80840   1.22146   0.69409   0.18036   0.00000   0.07861   0.28202   1.13832   0.00000   0.93813   0.50457   1.19697   0.07749   0.08883   0.15870   1.25018   0.00000   0.50473   0.02216   0.07092   0.00000   1.02698   0.00000   0.48435   0.00000   0.43336   0.18049   0.27529   0.03842   0.07443   0.02869   0.18024   0.02587   0.22061   0.01021   0.21965   0.03623   0.02248   0.08779   0.02513   0.00000   0.00000   0.56285   0.07042   0.11792   0.01832   0.00000   0.01421   0.07990   0.03279   0.00000   0.00000   0.08941   0.16919   0.00932   0.05125   0.00000   0.01422   0.06042   0.00000   0.03299   0.00612   0.01588   0.03351   0.06005   0.04276   0.03247   0.04814   0.05885   0.00000   0.31972   0.02829   0.26893   0.00000   0.24524   0.06614   0.02919   0.00000   0.05531   0.02173   0.63266   0.06544   0.28255   0.00000   0.27125   0.02897   0.02427   0.12480   0.14952   0.20619   0.13680   0.00000   0.02478   0.01131   0.01772   0.03323   0.05865   0.02557   0.17636   0.00000   0.28794   0.15414   0.00000   0.00000   0.46941   0.14694   0.04714   3.75429   6.64908   3.58632   1.13136   2.86733   0.11751   1.29899   1.89421   0.00000   6.08573   3.96433   1.82191   0.99150   0.49690   4.57528   1.00000  
366 45.2962  11687.197381  x:  3.75402  23.97764   3.04801  17.03695   0.00000   6.71585  13.20747   8.57325   8.08581   0.54047   0.33642   0.09473   0.00000   0.04795   0.32930   0.24055   0.44231   0.41118   0.19358   0.14562   0.17241   0.82972   0.00000   0.03450   0.67112   0.00000   1.67777   0.03799   0.56150   0.10819   0.16640   0.26666   0.46571   0.62424   1.81270   1.22441   0.69871   0.18672   0.00000   0.07859   0.27700   1.14837   0.00000   0.94163   0.51252   1.19097   0.07709   0.08911   0.16163   1.24657   0.00000   0.50578   0.02173   0.07150   0.00000   1.02860   0.00000   0.48819   0.00000   0.43635   0.18043   0.27748   0.03976   0.07226   0.02905   0.17980   0.02728   0.21946   0.01020   0.22012   0.03608   0.02246   0.08783   0.02511   0.00000   0.00000   0.56466   0.06631   0.10879   0.01830   0.00000   0.01485   0.08385   0.03239   0.00000   0.00000   0.08977   0.16710   0.00924   0.05128   0.00000   0.01426   0.06032   0.00000   0.03305   0.00640   0.01589   0.03349   0.05988   0.04271   0.03249   0.04828   0.05969   0.00000   0.31778   0.02812   0.26811   0.00000   0.24666   0.06590   0.02918   0.00000   0.05526   0.02172   0.63146   0.06756   0.28043   0.00000   0.27249   0.02847   0.02554   0.12458   0.14665   0.20235   0.13743   0.00000   0.02479   0.01128   0.01770   0.03322   0.05866   0.02353   0.18001   0.00000   0.29039   0.15543   0.00000   0.00000   0.46852   0.15069   0.04514   3.76674   6.68174   3.58563   1.14163   2.88949   0.11858   1.28583   1.91179   0.00000   6.09730   3.98337   1.82849   0.99138   0.49688   4.58465   1.00000  
367 44.1354  11687.038245  x:  3.77223  24.19458   3.07244  17.17549   0.00000   6.74486  13.26082   8.61210   8.14582   0.53536   0.33929   0.09182   0.00000   0.04815   0.33505   0.23573   0.44228   0.41152   0.19682   0.14737   0.17387   0.83209   0.00000   0.03945   0.67857   0.00000   1.68432   0.04486   0.57743   0.10054   0.17508   0.26563   0.46674   0.61231   1.81673   1.22205   0.70025   0.19127   0.00000   0.07845   0.27058   1.15915   0.00000   0.94333   0.52743   1.18069   0.07662   0.08974   0.16474   1.23917   0.00000   0.50642   0.02034   0.07340   0.00000   1.02774   0.00000   0.49130   0.00000   0.44222   0.18663   0.28424   0.03858   0.07404   0.02639   0.17847   0.02586   0.22250   0.01025   0.21994   0.03617   0.02240   0.08780   0.02511   0.00000   0.00000   0.56334   0.07254   0.11497   0.01824   0.00000   0.01398   0.08243   0.03232   0.00000   0.00000   0.09023   0.16972   0.00933   0.05137   0.00000   0.01422   0.06040   0.00000   0.03316   0.00690   0.01593   0.03351   0.06009   0.04274   0.03247   0.04827   0.06332   0.00000   0.31121   0.02533   0.26635   0.00000   0.24381   0.06764   0.02918   0.00000   0.05522   0.02177   0.63526   0.07286   0.27420   0.00000   0.27357   0.03091   0.02470   0.12686   0.15085   0.20146   0.13551   0.00000   0.02481   0.01121   0.01766   0.03324   0.05858   0.02288   0.17754   0.00000   0.29318   0.15495   0.00000   0.00000   0.46750   0.14838   0.04685   3.78495   6.73114   3.58374   1.15901   2.92498   0.12403   1.26190   1.93695   0.00000   6.11323   4.00916   1.83266   0.99110   0.49740   4.60236   1.00000  
368 56.0188  11686.838022  x:  3.79403  24.46821   3.10208  17.34967   0.00000   6.78146  13.32837   8.66137   8.22112   0.52818   0.34309   0.09781   0.00000   0.04743   0.34271   0.23556   0.43941   0.41377   0.19247   0.14287   0.17180   0.83810   0.00000   0.04530   0.69078   0.00000   1.68831   0.03466   0.58643   0.09699   0.17873   0.26593   0.46455   0.60289   1.81831   1.21078   0.69405   0.18721   0.00000   0.07851   0.26580   1.16610   0.00000   0.94043   0.54617   1.16805   0.07657   0.08968   0.16444   1.22863   0.00000   0.50551   0.02201   0.07108   0.00000   1.02382   0.00000   0.48955   0.00000   0.44626   0.19106   0.28844   0.03779   0.07464   0.02564   0.18433   0.02434   0.22445   0.01015   0.21958   0.03613   0.02233   0.08773   0.02508   0.00000   0.00000   0.55788   0.06478   0.11459   0.01818   0.00000   0.01427   0.08138   0.03290   0.00000   0.00000   0.08910   0.17122   0.00940   0.05146   0.00000   0.01419   0.05993   0.00000   0.03322   0.00747   0.01596   0.03350   0.05998   0.04267   0.03248   0.04823   0.05710   0.00000   0.30824   0.02868   0.26365   0.00000   0.23880   0.06727   0.02915   0.00000   0.05519   0.02170   0.64429   0.06779   0.27242   0.00000   0.27175   0.02993   0.02378   0.12416   0.15115   0.20756   0.13768   0.00000   0.02480   0.01114   0.01761   0.03319   0.05849   0.02516   0.17265   0.00000   0.29251   0.15280   0.00000   0.00000   0.46516   0.14138   0.05001   3.80676   6.79241   3.58037   1.18261   2.97084   0.13748   1.23036   1.96574   0.00000   6.13115   4.03741   1.82823   0.99102   0.49672   4.62777   1.00000  
369 56.1812  11686.535957  x:  3.82714  24.90062   3.14757  17.62427   0.00000   6.83928  13.43540   8.73954   8.33966   0.51539   0.34012   0.10252   0.00000   0.04716   0.34479   0.23924   0.43491   0.41760   0.18492   0.13858   0.17163   0.84937   0.00000   0.05166   0.70924   0.00000   1.68942   0.04321   0.58446   0.10756   0.17130   0.26820   0.45828   0.59927   1.81720   1.18417   0.67878   0.17474   0.00000   0.07835   0.26414   1.16817   0.00000   0.92980   0.57168   1.15089   0.07775   0.08834   0.15869   1.21293   0.00000   0.50176   0.02162   0.07175   0.00000   1.01611   0.00000   0.48300   0.00000   0.44880   0.19001   0.27976   0.03723   0.07511   0.02694   0.18471   0.02338   0.21878   0.01030   0.21947   0.03615   0.02220   0.08781   0.02507   0.00000   0.00000   0.55060   0.06793   0.11490   0.01807   0.00000   0.01446   0.08236   0.03265   0.00000   0.00000   0.08944   0.16828   0.00948   0.05166   0.00000   0.01420   0.05965   0.00000   0.03337   0.00838   0.01602   0.03349   0.05995   0.04259   0.03254   0.04829   0.05787   0.00000   0.31294   0.02805   0.26653   0.00000   0.24392   0.06603   0.02909   0.00000   0.05512   0.02168   0.65699   0.06885   0.28394   0.00000   0.27104   0.02882   0.02559   0.12334   0.14295   0.20743   0.13545   0.00000   0.02481   0.01100   0.01753   0.03317   0.05848   0.02419   0.17923   0.00000   0.28825   0.15811   0.00000   0.00000   0.46405   0.14812   0.04684   3.83986   6.88795   3.57383   1.22118   3.04338   0.16742   1.18237   2.00650   0.00000   6.15694   4.07672   1.81442   0.99078   0.49674   4.67071   1.00000  
370 73.7845  11686.337333  x:  3.84824  25.18707   3.17686  17.80577   0.00000   6.87754  13.50645   8.79146   8.41790   0.50738   0.33278   0.09719   0.00000   0.04778   0.33842   0.23848   0.43560   0.41913   0.18916   0.14443   0.17598   0.85593   0.00000   0.04937   0.71586   0.00000   1.68678   0.03201   0.57339   0.11088   0.16322   0.27046   0.45526   0.60401   1.81463   1.16255   0.67227   0.17234   0.00000   0.07811   0.26790   1.16383   0.00000   0.91960   0.58342   1.14346   0.07817   0.08773   0.15344   1.20557   0.00000   0.50007   0.02085   0.07277   0.00000   1.01183   0.00000   0.47967   0.00000   0.44572   0.18608   0.27382   0.03792   0.07415   0.02798   0.18072   0.02439   0.22060   0.01034   0.21997   0.03609   0.02208   0.08771   0.02504   0.00000   0.00000   0.55008   0.07217   0.11077   0.01798   0.00000   0.01474   0.08310   0.03209   0.00000   0.00000   0.09016   0.16953   0.00951   0.05173   0.00000   0.01417   0.05958   0.00000   0.03346   0.00898   0.01605   0.03347   0.05994   0.04256   0.03256   0.04828   0.06124   0.00000   0.31715   0.02585   0.26749   0.00000   0.24781   0.06523   0.02907   0.00000   0.05508   0.02165   0.65915   0.07119   0.28448   0.00000   0.27174   0.02978   0.02442   0.12938   0.15382   0.20318   0.13618   0.00000   0.02482   0.01091   0.01746   0.03316   0.05839   0.02422   0.17747   0.00000   0.28711   0.15396   0.00000   0.00000   0.46568   0.14955   0.04614   3.86096   6.95042   3.56876   1.24695   3.09040   0.19249   1.15412   2.02947   0.00000   6.17259   4.09935   1.80933   0.99062   0.49627   4.69975   1.00000  
371 79.5681  11686.097807  x:  3.87339  25.54363   3.21217  18.03111   0.00000   6.92507  13.59508   8.85625   8.51490   0.50023   0.32651   0.09324   0.00000   0.04820   0.32675   0.23725   0.43983   0.41746   0.19745   0.14923   0.17480   0.86138   0.00000   0.04508   0.71457   0.00000   1.67986   0.03987   0.55122   0.11464   0.15917   0.27398   0.45446   0.61734   1.81001   1.13161   0.67218   0.18109   0.00000   0.07803   0.27945   1.15096   0.00000   0.90343   0.58937   1.14106   0.07776   0.08810   0.14721   1.20213   0.00000   0.50018   0.02181   0.07137   0.00000   1.00828   0.00000   0.47908   0.00000   0.43558   0.18005   0.27606   0.03850   0.07325   0.02825   0.17937   0.02582   0.22497   0.01029   0.22009   0.03608   0.02195   0.08746   0.02499   0.00000   0.00000   0.55487   0.06906   0.11386   0.01787   0.00000   0.01476   0.08205   0.03247   0.00000   0.00000   0.08934   0.16895   0.00972   0.05181   0.00000   0.01413   0.05908   0.00000   0.03354   0.00966   0.01608   0.03344   0.05981   0.04248   0.03259   0.04814   0.05794   0.00000   0.31804   0.02844   0.26364   0.00000   0.24496   0.06515   0.02901   0.00000   0.05499   0.02159   0.65177   0.06780   0.27355   0.00000   0.27246   0.02918   0.02480   0.12043   0.14936   0.19959   0.13736   0.00000   0.02480   0.01081   0.01739   0.03310   0.05829   0.02483   0.17278   0.00000   0.29152   0.15322   0.00000   0.00000   0.46832   0.14330   0.04887   3.88610   7.02700   3.56141   1.27873   3.14649   0.22953   1.12474   2.05153   0.00000   6.19013   4.12261   1.81158   0.99064   0.49607   4.73587   1.00000  
372 71.5740  11685.870041  x:  3.89738  25.89859   3.24624  18.25490   0.00000   6.97228  13.68348   8.92088   8.61106   0.49921   0.33094   0.10293   0.00000   0.04744   0.32442   0.24025   0.44318   0.41213   0.19402   0.14441   0.16646   0.86356   0.00000   0.04396   0.70408   0.00000   1.67027   0.03647   0.53038   0.11433   0.16441   0.27455   0.45660   0.63190   1.80481   1.09893   0.67698   0.19487   0.00000   0.07782   0.29643   1.13280   0.00000   0.88623   0.58769   1.14583   0.07723   0.08838   0.14570   1.20506   0.00000   0.50199   0.02091   0.07260   0.00000   1.00668   0.00000   0.48334   0.00000   0.42742   0.18282   0.28374   0.03818   0.07345   0.02650   0.17929   0.02576   0.22023   0.01041   0.21845   0.03617   0.02176   0.08742   0.02495   0.00000   0.00000   0.56199   0.06976   0.11352   0.01774   0.00000   0.01456   0.08213   0.03238   0.00000   0.00000   0.08954   0.17028   0.00985   0.05198   0.00000   0.01406   0.05899   0.00000   0.03366   0.01035   0.01614   0.03343   0.05997   0.04244   0.03259   0.04807   0.06244   0.00000   0.31264   0.02716   0.26409   0.00000   0.24111   0.06686   0.02898   0.00000   0.05484   0.02158   0.63899   0.07036   0.27253   0.00000   0.27372   0.02977   0.02456   0.12925   0.14763   0.20848   0.13487   0.00000   0.02481   0.01066   0.01730   0.03307   0.05823   0.02308   0.17926   0.00000   0.29398   0.15696   0.00000   0.00000   0.47020   0.14594   0.04765   3.91010   7.10212   3.55314   1.30962   3.19912   0.26903   1.10067   2.06649   0.00000   6.20591   4.14112   1.82024   0.99037   0.49643   4.77075   1.00000  
373 75.8962  11685.715117  x:  3.91300  26.14589   3.26883  18.41021   0.00000   7.00501  13.74523   8.96601   8.67759   0.50400   0.33357   0.10442   0.00000   0.04711   0.33594   0.23911   0.44398   0.40968   0.18738   0.14586   0.17331   0.86208   0.00000   0.04897   0.68999   0.00000   1.66262   0.03752   0.52708   0.11416   0.17053   0.26874   0.46057   0.63836   1.80157   1.07637   0.67983   0.19925   0.00000   0.07773   0.31213   1.11676   0.00000   0.87579   0.57984   1.15642   0.07737   0.08802   0.15130   1.21379   0.00000   0.50457   0.02155   0.07187   0.00000   1.00769   0.00000   0.48778   0.00000   0.42976   0.18871   0.28323   0.03779   0.07370   0.02563   0.18019   0.02441   0.21976   0.01045   0.21953   0.03606   0.02164   0.08740   0.02493   0.00000   0.00000   0.56457   0.07238   0.11167   0.01765   0.00000   0.01452   0.08313   0.03204   0.00000   0.00000   0.08991   0.16850   0.00988   0.05197   0.00000   0.01409   0.05880   0.00000   0.03374   0.01078   0.01617   0.03341   0.05983   0.04241   0.03261   0.04816   0.06105   0.00000   0.31085   0.02704   0.26845   0.00000   0.24311   0.06676   0.02894   0.00000   0.05482   0.02156   0.63159   0.06786   0.28194   0.00000   0.27212   0.02952   0.02439   0.12239   0.14978   0.20321   0.13824   0.00000   0.02483   0.01055   0.01725   0.03306   0.05815   0.02494   0.17452   0.00000   0.28855   0.15023   0.00000   0.00000   0.46909   0.14946   0.04584   3.92571   7.15321   3.54638   1.32998   3.23153   0.29614   1.08860   2.06867   0.00000   6.21524   4.14901   1.82581   0.99024   0.49668   4.79245   1.00000  
374 48.8391  11685.585526  x:  3.92573  26.36328   3.28764  18.54621   0.00000   7.03361  13.79964   9.00574   8.73567   0.50996   0.33200   0.09579   0.00000   0.04741   0.34400   0.23635   0.44288   0.41219   0.18942   0.14191   0.17568   0.85863   0.00000   0.05196   0.67574   0.00000   1.65610   0.03744   0.53546   0.11274   0.17107   0.26261   0.46511   0.63886   1.79940   1.05825   0.67988   0.19522   0.00000   0.07774   0.32756   1.10153   0.00000   0.86996   0.56898   1.17050   0.07735   0.08801   0.16010   1.22645   0.00000   0.50654   0.02194   0.07135   0.00000   1.01061   0.00000   0.48969   0.00000   0.43575   0.18749   0.27845   0.03726   0.07425   0.02673   0.18284   0.02362   0.22275   0.01038   0.22003   0.03603   0.02151   0.08740   0.02492   0.00000   0.00000   0.56232   0.06755   0.11418   0.01757   0.00000   0.01471   0.08202   0.03257   0.00000   0.00000   0.08925   0.16840   0.01002   0.05208   0.00000   0.01406   0.05866   0.00000   0.03381   0.01113   0.01621   0.03341   0.05985   0.04240   0.03265   0.04811   0.05951   0.00000   0.31394   0.02803   0.27161   0.00000   0.24395   0.06662   0.02891   0.00000   0.05475   0.02156   0.63144   0.06595   0.28358   0.00000   0.27108   0.02914   0.02464   0.12640   0.15165   0.20176   0.13405   0.00000   0.02483   0.01046   0.01719   0.03305   0.05816   0.02461   0.17610   0.00000   0.28796   0.16071   0.00000   0.00000   0.46857   0.14498   0.04806   3.93843   7.19702   3.53954   1.34670   3.25575   0.31721   1.08113   2.06279   0.00000   6.22205   4.15149   1.82651   0.99009   0.49675   4.80835   1.00000  
375 45.7165  11685.451937  x:  3.93835  26.59559   3.30671  18.69099   0.00000   7.06398  13.85791   9.04825   8.79730   0.51673   0.33512   0.09467   0.00000   0.04740   0.34119   0.23704   0.44023   0.41691   0.19511   0.13989   0.17362   0.85381   0.00000   0.05130   0.66419   0.00000   1.64999   0.03845   0.55124   0.11062   0.16771   0.26180   0.46913   0.63458   1.79800   1.04180   0.67887   0.18627   0.00000   0.07760   0.34361   1.08587   0.00000   0.86806   0.55561   1.18785   0.07664   0.08865   0.16919   1.24270   0.00000   0.50673   0.02090   0.07269   0.00000   1.01533   0.00000   0.48852   0.00000   0.44279   0.18441   0.27552   0.03740   0.07409   0.02743   0.18144   0.02412   0.22153   0.01042   0.21879   0.03609   0.02138   0.08736   0.02492   0.00000   0.00000   0.55791   0.06881   0.11314   0.01748   0.00000   0.01482   0.08197   0.03245   0.00000   0.00000   0.08945   0.17236   0.01005   0.05214   0.00000   0.01401   0.05869   0.00000   0.03386   0.01147   0.01625   0.03343   0.06001   0.04241   0.03268   0.04809   0.06060   0.00000   0.31703   0.02627   0.26964   0.00000   0.24231   0.06686   0.02890   0.00000   0.05470   0.02156   0.63804   0.06912   0.27661   0.00000   0.27171   0.02984   0.02434   0.12756   0.14529   0.20689   0.13719   0.00000   0.02486   0.01036   0.01715   0.03304   0.05809   0.02402   0.17829   0.00000   0.29007   0.15084   0.00000   0.00000   0.46895   0.14520   0.04773   3.95106   7.24274   3.53138   1.36336   3.27718   0.33498   1.07506   2.04871   0.00000   6.22805   4.14985   1.82255   0.98999   0.49644   4.82164   1.00000  
376 47.9296  11685.353068  x:  3.94742  26.77781   3.32078  18.80408   0.00000   7.08763  13.90370   9.08161   8.84529   0.52124   0.34022   0.10041   0.00000   0.04719   0.33268   0.23942   0.43825   0.41769   0.19393   0.14532   0.17296   0.85027   0.00000   0.04794   0.66262   0.00000   1.64626   0.03903   0.56277   0.10895   0.16588   0.26720   0.46935   0.62879   1.79781   1.03239   0.67981   0.18091   0.00000   0.07762   0.35383   1.07571   0.00000   0.87069   0.54584   1.20097   0.07571   0.08959   0.17275   1.25509   0.00000   0.50537   0.02117   0.07232   0.00000   1.01970   0.00000   0.48542   0.00000   0.44371   0.18444   0.27954   0.03799   0.07334   0.02672   0.17923   0.02510   0.21949   0.01050   0.21923   0.03610   0.02126   0.08738   0.02491   0.00000   0.00000   0.55525   0.07012   0.11245   0.01742   0.00000   0.01495   0.08286   0.03229   0.00000   0.00000   0.08964   0.16730   0.01009   0.05213   0.00000   0.01407   0.05864   0.00000   0.03393   0.01168   0.01629   0.03344   0.05989   0.04241   0.03273   0.04820   0.05987   0.00000   0.31560   0.02702   0.26486   0.00000   0.24220   0.06628   0.02888   0.00000   0.05473   0.02153   0.64562   0.06932   0.27391   0.00000   0.27324   0.02967   0.02474   0.12375   0.15181   0.20573   0.13575   0.00000   0.02487   0.01028   0.01711   0.03305   0.05810   0.02378   0.17495   0.00000   0.29319   0.15652   0.00000   0.00000   0.46863   0.14943   0.04590   3.96012   7.27767   3.52426   1.37538   3.29001   0.34331   1.07095   2.03093   0.00000   6.23174   4.14494   1.81861   0.98988   0.49614   4.82861   1.00000  
377 42.1210  11685.193262  x:  3.96127  27.08817   3.34307  18.99579   0.00000   7.12755  13.98184   9.13844   8.92630   0.52524   0.33749   0.09304   0.00000   0.04778   0.32521   0.24003   0.43830   0.41290   0.18567   0.14732   0.16815   0.84650   0.00000   0.04118   0.67622   0.00000   1.64209   0.03932   0.57162   0.10663   0.16741   0.27749   0.46246   0.61834   1.79933   1.02443   0.68689   0.18121   0.00000   0.07756   0.36416   1.06444   0.00000   0.88261   0.53418   1.21937   0.07464   0.09065   0.17041   1.27178   0.00000   0.50223   0.02139   0.07219   0.00000   1.02697   0.00000   0.48002   0.00000   0.43538   0.18755   0.28967   0.03803   0.07325   0.02462   0.18020   0.02519   0.22299   0.01048   0.22079   0.03607   0.02106   0.08723   0.02491   0.00000   0.00000   0.55499   0.06929   0.11356   0.01730   0.00000   0.01473   0.08218   0.03247   0.00000   0.00000   0.08944   0.17088   0.01020   0.05224   0.00000   0.01401   0.05859   0.00000   0.03396   0.01197   0.01635   0.03344   0.06000   0.04241   0.03280   0.04811   0.06018   0.00000   0.30961   0.02850   0.26232   0.00000   0.24806   0.06398   0.02886   0.00000   0.05474   0.02147   0.65675   0.06797   0.28429   0.00000   0.27413   0.02870   0.02464   0.12744   0.14910   0.19816   0.13619   0.00000   0.02490   0.01015   0.01705   0.03304   0.05809   0.02427   0.17847   0.00000   0.29095   0.15363   0.00000   0.00000   0.46820   0.14477   0.04794   3.97397   7.33536   3.51081   1.39388   3.30421   0.34589   1.06452   1.98811   0.00000   6.23617   4.12988   1.81565   0.98980   0.49535   4.83362   1.00000  
378 36.0520  11684.864408  x:  3.98927  27.75874   3.38915  19.40885   0.00000   7.21328  14.15082   9.26123   9.10042   0.53202   0.33608   0.08449   0.00000   0.04765   0.33723   0.23970   0.44625   0.40944   0.19348   0.14890   0.17549   0.84360   0.00000   0.04057   0.71737   0.00000   1.63484   0.03947   0.57061   0.10457   0.16939   0.27940   0.44427   0.60268   1.80444   1.01878   0.70317   0.18911   0.00000   0.07753   0.37465   1.05044   0.00000   0.91361   0.52162   1.24944   0.07556   0.08959   0.15859   1.29696   0.00000   0.50170   0.02207   0.07151   0.00000   1.03800   0.00000   0.47760   0.00000   0.42025   0.18775   0.28349   0.03807   0.07308   0.02526   0.17925   0.02501   0.21926   0.01063   0.21586   0.03621   0.02061   0.08717   0.02490   0.00000   0.00000   0.56059   0.07072   0.11297   0.01704   0.00000   0.01496   0.08275   0.03235   0.00000   0.00000   0.08969   0.16884   0.01043   0.05233   0.00000   0.01401   0.05861   0.00000   0.03409   0.01250   0.01647   0.03347   0.06006   0.04246   0.03295   0.04819   0.06146   0.00000   0.31198   0.02782   0.27074   0.00000   0.24798   0.06379   0.02876   0.00000   0.05467   0.02149   0.66872   0.06468   0.28278   0.00000   0.27160   0.02936   0.02435   0.12421   0.14739   0.21764   0.13590   0.00000   0.02495   0.00985   0.01692   0.03305   0.05811   0.02537   0.17415   0.00000   0.28647   0.15639   0.00000   0.00000   0.46777   0.14997   0.04543   4.00196   7.45776   3.48018   1.43162   3.32581   0.33875   1.05223   1.88145   0.00000   6.24366   4.08948   1.81691   0.98954   0.49407   4.83597   1.00000  
379 60.8915  11684.530575  x:  4.01619  28.43064   3.43412  19.82200   0.00000   7.29882  14.32016   9.38417   9.27432   0.53575   0.34915   0.09705   0.00000   0.04621   0.34575   0.23986   0.44919   0.41224   0.19928   0.13845   0.17341   0.84451   0.00000   0.04487   0.74949   0.00000   1.62839   0.03866   0.56237   0.10685   0.16851   0.27356   0.43982   0.59885   1.80961   1.02127   0.71061   0.18939   0.00000   0.07747   0.37678   1.04485   0.00000   0.94235   0.52208   1.27038   0.07679   0.08846   0.15087   1.31200   0.00000   0.50721   0.02156   0.07224   0.00000   1.04339   0.00000   0.48373   0.00000   0.42084   0.18227   0.27427   0.03774   0.07342   0.02763   0.18108   0.02431   0.22135   0.01064   0.22370   0.03595   0.02017   0.08709   0.02490   0.00000   0.00000   0.56457   0.07225   0.11202   0.01679   0.00000   0.01532   0.08303   0.03225   0.00000   0.00000   0.08986   0.16915   0.01064   0.05240   0.00000   0.01398   0.05874   0.00000   0.03421   0.01299   0.01659   0.03351   0.06030   0.04252   0.03308   0.04827   0.06125   0.00000   0.32047   0.02677   0.27480   0.00000   0.24217   0.06562   0.02869   0.00000   0.05455   0.02153   0.66667   0.06595   0.27577   0.00000   0.27245   0.02948   0.02490   0.12662   0.15062   0.19693   0.13671   0.00000   0.02502   0.00957   0.01678   0.03308   0.05805   0.02363   0.17783   0.00000   0.29286   0.15432   0.00000   0.00000   0.47139   0.14631   0.04707   4.02887   7.57907   3.44860   1.46854   3.34282   0.32867   1.04394   1.76843   0.00000   6.25015   4.04493   1.82110   0.98927   0.49286   4.83308   1.00000  
380 103.7911  11683.829750  x:  4.07228  29.88878   3.52923  20.71708   0.00000   7.48353  14.68758   9.65062   9.65049   0.52910   0.35568   0.08560   0.00000   0.04775   0.33537   0.23006   0.43984   0.42081   0.18759   0.14226   0.17581   0.85374   0.00000   0.04465   0.77481   0.00000   1.61816   0.03709   0.54369   0.11492   0.16553   0.26547   0.47255   0.62034   1.81935   1.04447   0.70396   0.16978   0.00000   0.07736   0.36354   1.05257   0.00000   0.98977   0.55326   1.29287   0.07617   0.08910   0.15312   1.31853   0.00000   0.52230   0.02098   0.07304   0.00000   1.04332   0.00000   0.50307   0.00000   0.45358   0.18683   0.28262   0.03769   0.07326   0.02548   0.17895   0.02477   0.22410   0.01071   0.21194   0.03635   0.01918   0.08693   0.02489   0.00000   0.00000   0.56289   0.06553   0.11417   0.01625   0.00000   0.01549   0.08179   0.03297   0.00000   0.00000   0.08921   0.17193   0.01107   0.05251   0.00000   0.01391   0.05892   0.00000   0.03439   0.01387   0.01685   0.03358   0.06059   0.04265   0.03339   0.04836   0.05655   0.00000   0.32020   0.02811   0.26198   0.00000   0.24673   0.06599   0.02862   0.00000   0.05444   0.02142   0.63673   0.06726   0.28167   0.00000   0.28242   0.02857   0.02434   0.12512   0.15056   0.20588   0.13703   0.00000   0.02514   0.00896   0.01651   0.03310   0.05797   0.02375   0.17749   0.00000   0.30300   0.15380   0.00000   0.00000   0.47886   0.15042   0.04482   4.08494   7.83951   3.37833   1.54775   3.37182   0.31097   1.04082   1.51568   0.00000   6.26258   3.94105   1.82920   0.98889   0.48945   4.81515   1.00000  
381 109.4670  11683.420443  x:  4.10478  30.76619   3.58512  21.25474   0.00000   7.59402  14.90849   9.81058   9.87608   0.52552   0.34857   0.08311   0.00000   0.04702   0.33386   0.25013   0.43855   0.42329   0.19617   0.14852   0.17375   0.85914   0.00000   0.04296   0.75763   0.00000   1.61655   0.03769   0.54240   0.11219   0.16801   0.26951   0.48676   0.63640   1.82395   1.06640   0.70168   0.16980   0.00000   0.07728   0.34840   1.06567   0.00000   1.00223   0.57903   1.29299   0.07544   0.08983   0.15822   1.30680   0.00000   0.51684   0.02158   0.07249   0.00000   1.04310   0.00000   0.49808   0.00000   0.46064   0.18806   0.28669   0.03736   0.07354   0.02488   0.18161   0.02375   0.21597   0.01091   0.23380   0.03576   0.01865   0.08683   0.02489   0.00000   0.00000   0.56119   0.07111   0.11111   0.01594   0.00000   0.01570   0.08345   0.03245   0.00000   0.00000   0.09000   0.16823   0.01121   0.05252   0.00000   0.01396   0.05907   0.00000   0.03453   0.01431   0.01699   0.03361   0.06070   0.04273   0.03356   0.04862   0.05569   0.00000   0.31029   0.02759   0.26860   0.00000   0.24283   0.06785   0.02854   0.00000   0.05429   0.02147   0.63363   0.06699   0.27988   0.00000   0.27050   0.03000   0.02430   0.12775   0.14734   0.20894   0.13611   0.00000   0.02521   0.00861   0.01636   0.03313   0.05798   0.02425   0.17452   0.00000   0.28567   0.15665   0.00000   0.00000   0.47573   0.14462   0.04774   4.11743   7.99461   3.33517   1.59594   3.38699   0.31065   1.05046   1.36625   0.00000   6.26970   3.87602   1.82425   0.98870   0.48697   4.79778   1.00000  
382 125.3339  11682.954065  x:  4.14009  31.75215   3.64665  21.85796   0.00000   7.71743  15.15648   9.98985  10.12877   0.52551   0.33824   0.09584   0.00000   0.04637   0.33661   0.25194   0.44205   0.41975   0.20120   0.14858   0.17040   0.86298   0.00000   0.04506   0.71428   0.00000   1.62019   0.03852   0.54911   0.10534   0.16886   0.27176   0.48515   0.64860   1.82800   1.09659   0.70384   0.18263   0.00000   0.07733   0.32690   1.08563   0.00000   0.99930   0.60638   1.28069   0.07573   0.08969   0.15915   1.28089   0.00000   0.50163   0.02209   0.07205   0.00000   1.04530   0.00000   0.48259   0.00000   0.45082   0.18893   0.28073   0.03731   0.07355   0.02528   0.18064   0.02367   0.22613   0.01085   0.21047   0.03630   0.01801   0.08667   0.02490   0.00000   0.00000   0.55949   0.06596   0.11386   0.01561   0.00000   0.01594   0.08189   0.03311   0.00000   0.00000   0.08936   0.17262   0.01151   0.05262   0.00000   0.01388   0.05925   0.00000   0.03459   0.01472   0.01715   0.03367   0.06098   0.04280   0.03377   0.04861   0.05655   0.00000   0.30775   0.02729   0.27757   0.00000   0.23940   0.06838   0.02842   0.00000   0.05419   0.02151   0.64781   0.06727   0.28135   0.00000   0.26781   0.02927   0.02632   0.12484   0.15115   0.20168   0.13678   0.00000   0.02529   0.00826   0.01620   0.03314   0.05798   0.02246   0.17966   0.00000   0.28398   0.15611   0.00000   0.00000   0.46686   0.14996   0.04550   4.15274   8.16727   3.28586   1.65108   3.40276   0.32019   1.06998   1.20487   0.00000   6.27765   3.80122   1.81370   0.98867   0.48372   4.77187   1.00000  
383 144.6131  11682.709898  x:  4.15829  32.28315   3.67890  22.18215   0.00000   7.78331  15.28979  10.08598  10.26426   0.52636   0.33295   0.09980   0.00000   0.04729   0.33910   0.23589   0.44463   0.41538   0.19397   0.14442   0.17403   0.86206   0.00000   0.04737   0.68637   0.00000   1.62638   0.03803   0.55332   0.10603   0.16646   0.26781   0.47370   0.64687   1.82955   1.11456   0.70572   0.18958   0.00000   0.07733   0.31494   1.09712   0.00000   0.98723   0.61421   1.26733   0.07650   0.08895   0.15354   1.26258   0.00000   0.49879   0.02188   0.07234   0.00000   1.04849   0.00000   0.47981   0.00000   0.44286   0.18720   0.28049   0.03729   0.07359   0.02569   0.18106   0.02347   0.22055   0.01099   0.22298   0.03603   0.01771   0.08661   0.02491   0.00000   0.00000   0.56064   0.07016   0.11201   0.01544   0.00000   0.01612   0.08293   0.03273   0.00000   0.00000   0.08981   0.17035   0.01162   0.05261   0.00000   0.01391   0.05945   0.00000   0.03464   0.01488   0.01723   0.03370   0.06106   0.04286   0.03388   0.04872   0.05606   0.00000   0.31527   0.02778   0.27098   0.00000   0.24441   0.06653   0.02839   0.00000   0.05424   0.02147   0.66096   0.06719   0.28330   0.00000   0.27885   0.02935   0.02454   0.12638   0.14909   0.20669   0.13714   0.00000   0.02533   0.00807   0.01612   0.03317   0.05796   0.02388   0.17599   0.00000   0.29789   0.15512   0.00000   0.00000   0.46594   0.14737   0.04681   4.17092   8.25908   3.25875   1.68172   3.41094   0.32942   1.08222   1.12563   0.00000   6.28211   3.76026   1.81132   0.98862   0.48211   4.75372   1.00000  
384 112.3079  11682.547759  x:  4.16934  32.65353   3.69967  22.40689   0.00000   7.82802  15.38221  10.15207  10.35753   0.52598   0.33726   0.09536   0.00000   0.04676   0.34153   0.24638   0.44564   0.41752   0.19510   0.14177   0.17910   0.85501   0.00000   0.04676   0.67460   0.00000   1.63888   0.03670   0.55116   0.11576   0.16551   0.26710   0.46104   0.63114   1.82947   1.12859   0.70504   0.18501   0.00000   0.07732   0.30928   1.10396   0.00000   0.96146   0.60362   1.24859   0.07705   0.08856   0.14311   1.24758   0.00000   0.51007   0.02109   0.07326   0.00000   1.05361   0.00000   0.49519   0.00000   0.44269   0.18859   0.28709   0.03702   0.07388   0.02462   0.18187   0.02327   0.22222   0.01097   0.21914   0.03617   0.01751   0.08656   0.02492   0.00000   0.00000   0.56300   0.07055   0.11200   0.01534   0.00000   0.01604   0.08304   0.03272   0.00000   0.00000   0.08985   0.16998   0.01169   0.05256   0.00000   0.01391   0.05965   0.00000   0.03464   0.01488   0.01728   0.03372   0.06113   0.04289   0.03395   0.04875   0.05709   0.00000   0.31859   0.02821   0.25740   0.00000   0.24755   0.06506   0.02840   0.00000   0.05428   0.02141   0.67072   0.06896   0.28125   0.00000   0.27599   0.02924   0.02483   0.12626   0.14982   0.20562   0.13680   0.00000   0.02536   0.00797   0.01608   0.03318   0.05796   0.02344   0.17781   0.00000   0.29175   0.15568   0.00000   0.00000   0.47324   0.14700   0.04688   4.18198   8.32070   3.23872   1.70514   3.41658   0.33989   1.08875   1.08901   0.00000   6.28584   3.73089   1.81764   0.98860   0.48102   4.73279   1.00000  
385 38.6225  11682.390558  x:  4.17889  33.02879   3.71895  22.63315   0.00000   7.87198  15.47523  10.21801  10.45073   0.52595   0.34458   0.09281   0.00000   0.04711   0.33685   0.24027   0.44382   0.42104   0.19719   0.14694   0.17246   0.84503   0.00000   0.04675   0.67868   0.00000   1.65797   0.03671   0.54273   0.11585   0.16574   0.27533   0.46125   0.61253   1.82846   1.14370   0.70625   0.17845   0.00000   0.07739   0.30813   1.10902   0.00000   0.92535   0.58353   1.22572   0.07710   0.08854   0.14394   1.23546   0.00000   0.51664   0.02211   0.07213   0.00000   1.05964   0.00000   0.50280   0.00000   0.44974   0.18894   0.28174   0.03775   0.07310   0.02509   0.17906   0.02420   0.22185   0.01100   0.22223   0.03602   0.01735   0.08653   0.02492   0.00000   0.00000   0.56418   0.06560   0.11405   0.01527   0.00000   0.01609   0.08172   0.03324   0.00000   0.00000   0.08934   0.17335   0.01178   0.05256   0.00000   0.01386   0.05978   0.00000   0.03461   0.01476   0.01731   0.03375   0.06125   0.04294   0.03400   0.04869   0.05677   0.00000   0.31024   0.02800   0.27373   0.00000   0.24475   0.06612   0.02835   0.00000   0.05425   0.02148   0.67286   0.06526   0.28390   0.00000   0.27630   0.02989   0.02403   0.12743   0.14826   0.20531   0.13700   0.00000   0.02537   0.00790   0.01607   0.03319   0.05802   0.02456   0.17417   0.00000   0.29275   0.15588   0.00000   0.00000   0.47352   0.14982   0.04571   4.19152   8.38059   3.21727   1.73099   3.42244   0.35082   1.08911   1.07263   0.00000   6.29036   3.70063   1.82139   0.98866   0.47956   4.70324   1.00000  
386 36.3535  11682.252369  x:  4.18653  33.37700   3.73556  22.84201   0.00000   7.91177  15.56104  10.27839  10.53624   0.52609   0.34490   0.09127   0.00000   0.04727   0.33744   0.24056   0.44214   0.42023   0.19487   0.14764   0.17305   0.83810   0.00000   0.04776   0.69230   0.00000   1.67724   0.03678   0.53787   0.11358   0.16539   0.27583   0.46828   0.60565   1.82692   1.15740   0.71113   0.17817   0.00000   0.07746   0.31049   1.11176   0.00000   0.89334   0.56523   1.20539   0.07737   0.08848   0.15942   1.23049   0.00000   0.51295   0.02184   0.07251   0.00000   1.06423   0.00000   0.49549   0.00000   0.45311   0.18624   0.28193   0.03649   0.07462   0.02609   0.18445   0.02231   0.22195   0.01097   0.21760   0.03619   0.01722   0.08654   0.02495   0.00000   0.00000   0.56482   0.07369   0.10966   0.01524   0.00000   0.01630   0.08429   0.03239   0.00000   0.00000   0.09038   0.16675   0.01171   0.05239   0.00000   0.01398   0.06002   0.00000   0.03460   0.01454   0.01733   0.03377   0.06117   0.04299   0.03406   0.04900   0.05572   0.00000   0.31197   0.02807   0.27527   0.00000   0.24379   0.06683   0.02836   0.00000   0.05422   0.02152   0.66703   0.06703   0.28401   0.00000   0.27644   0.02922   0.02561   0.12327   0.15183   0.20796   0.13759   0.00000   0.02540   0.00785   0.01606   0.03324   0.05806   0.02299   0.18178   0.00000   0.29603   0.15477   0.00000   0.00000   0.47291   0.14163   0.04963   4.19916   8.43422   3.19648   1.75641   3.42798   0.35894   1.08259   1.07301   0.00000   6.29509   3.67231   1.81850   0.98869   0.47795   4.67037   1.00000  
387 43.6766  11682.080903  x:  4.19534  33.81870   3.75569  23.10615   0.00000   7.96149  15.66950  10.35438  10.64402   0.52570   0.34191   0.09264   0.00000   0.04710   0.34124   0.24514   0.44180   0.41826   0.19433   0.14403   0.17760   0.83291   0.00000   0.04810   0.71079   0.00000   1.70068   0.03607   0.53727   0.11399   0.16593   0.27016   0.47652   0.60781   1.82449   1.17313   0.71830   0.18046   0.00000   0.07761   0.31487   1.11378   0.00000   0.85944   0.54531   1.18133   0.07695   0.08914   0.18347   1.22927   0.00000   0.50507   0.02127   0.07321   0.00000   1.06868   0.00000   0.48365   0.00000   0.45115   0.18765   0.28356   0.03681   0.07450   0.02570   0.18407   0.02280   0.22239   0.01097   0.22045   0.03614   0.01708   0.08661   0.02499   0.00000   0.00000   0.56342   0.06864   0.11275   0.01520   0.00000   0.01625   0.08249   0.03305   0.00000   0.00000   0.08980   0.17198   0.01178   0.05239   0.00000   0.01393   0.06043   0.00000   0.03453   0.01426   0.01736   0.03384   0.06142   0.04309   0.03412   0.04893   0.05731   0.00000   0.31832   0.02729   0.26355   0.00000   0.24541   0.06670   0.02841   0.00000   0.05434   0.02151   0.65865   0.06901   0.28107   0.00000   0.27752   0.03019   0.02415   0.12809   0.14845   0.20484   0.13699   0.00000   0.02543   0.00780   0.01607   0.03329   0.05811   0.02409   0.17466   0.00000   0.29562   0.15594   0.00000   0.00000   0.47038   0.14923   0.04626   4.20797   8.50078   3.16945   1.78955   3.43500   0.36739   1.06912   1.08433   0.00000   6.30146   3.63632   1.81300   0.98874   0.47575   4.62570   1.00000  
388 74.8655  11681.941808  x:  4.20131  34.19466   3.77123  23.32958   0.00000   8.00250  15.76110  10.41796  10.73454   0.52314   0.33870   0.09984   0.00000   0.04721   0.34093   0.23918   0.44489   0.41963   0.20169   0.14268   0.17658   0.83655   0.00000   0.04494   0.71446   0.00000   1.71521   0.03527   0.54563   0.11914   0.16760   0.26490   0.47338   0.62574   1.82163   1.18075   0.72010   0.17918   0.00000   0.07771   0.31808   1.11217   0.00000   0.85213   0.53698   1.16557   0.07469   0.09167   0.19206   1.23616   0.00000   0.50493   0.02145   0.07309   0.00000   1.06920   0.00000   0.48885   0.00000   0.44846   0.19350   0.28351   0.03966   0.07137   0.02386   0.17209   0.02630   0.22288   0.01111   0.22448   0.03587   0.01698   0.08664   0.02502   0.00000   0.00000   0.56216   0.06586   0.11409   0.01519   0.00000   0.01612   0.08225   0.03338   0.00000   0.00000   0.08953   0.17222   0.01180   0.05233   0.00000   0.01395   0.06070   0.00000   0.03448   0.01392   0.01738   0.03387   0.06148   0.04313   0.03417   0.04895   0.05722   0.00000   0.31716   0.02821   0.26112   0.00000   0.24604   0.06622   0.02842   0.00000   0.05446   0.02153   0.66220   0.06936   0.28595   0.00000   0.27684   0.02896   0.02574   0.12391   0.15147   0.20769   0.13740   0.00000   0.02547   0.00778   0.01609   0.03333   0.05821   0.02303   0.18128   0.00000   0.29104   0.15582   0.00000   0.00000   0.46779   0.14498   0.04830   4.21394   8.55483   3.14526   1.81895   3.44074   0.37221   1.04992   1.11131   0.00000   6.30742   3.60569   1.81577   0.98873   0.47413   4.58498   1.00000  
389 36.6622  11681.668160  x:  4.21224  34.95915   3.80155  23.78278   0.00000   8.08480  15.94676  10.54638  10.91766   0.51761   0.33077   0.10693   0.00000   0.04736   0.34061   0.23624   0.44921   0.42071   0.20424   0.14439   0.17429   0.84848   0.00000   0.04279   0.70897   0.00000   1.73942   0.03548   0.55934   0.11862   0.16667   0.26261   0.46489   0.66113   1.81577   1.19119   0.72043   0.17518   0.00000   0.07803   0.32285   1.10711   0.00000   0.85599   0.52825   1.13916   0.07336   0.09364   0.19699   1.25423   0.00000   0.51131   0.02229   0.07226   0.00000   1.06769   0.00000   0.50472   0.00000   0.44689   0.18315   0.29031   0.03688   0.07500   0.02618   0.18619   0.02339   0.22336   0.01093   0.21917   0.03634   0.01678   0.08671   0.02510   0.00000   0.00000   0.56182   0.07242   0.11157   0.01519   0.00000   0.01630   0.08343   0.03286   0.00000   0.00000   0.09043   0.17098   0.01177   0.05214   0.00000   0.01402   0.06144   0.00000   0.03437   0.01316   0.01739   0.03397   0.06166   0.04332   0.03428   0.04917   0.05734   0.00000   0.31184   0.02820   0.26866   0.00000   0.24709   0.06595   0.02847   0.00000   0.05454   0.02162   0.67584   0.06629   0.28776   0.00000   0.27796   0.03019   0.02385   0.12804   0.14861   0.20614   0.13744   0.00000   0.02551   0.00774   0.01615   0.03343   0.05836   0.02507   0.17458   0.00000   0.29165   0.15652   0.00000   0.00000   0.46507   0.14818   0.04740   4.22487   8.66258   3.09510   1.87948   3.45203   0.38288   1.00793   1.17848   0.00000   6.31989   3.54353   1.82520   0.98874   0.47108   4.50157   1.00000  
390 91.3022  11681.398954  x:  4.22180  35.71386   3.83020  24.22904   0.00000   8.16498  16.12940  10.67225  11.09749   0.51604   0.32710   0.10124   0.00000   0.04731   0.34346   0.25266   0.44773   0.41915   0.18988   0.14720   0.17709   0.85985   0.00000   0.05509   0.69226   0.00000   1.75672   0.03756   0.55731   0.10296   0.16186   0.27321   0.46646   0.67283   1.81102   1.19697   0.72022   0.17576   0.00000   0.07837   0.32434   1.10279   0.00000   0.87629   0.52954   1.12218   0.07817   0.08915   0.19060   1.27108   0.00000   0.51665   0.02227   0.07253   0.00000   1.06505   0.00000   0.50865   0.00000   0.44674   0.19161   0.28275   0.03789   0.07422   0.02585   0.18214   0.02360   0.22383   0.01100   0.22229   0.03611   0.01663   0.08676   0.02518   0.00000   0.00000   0.56401   0.06821   0.11363   0.01521   0.00000   0.01623   0.08271   0.03337   0.00000   0.00000   0.09009   0.17268   0.01177   0.05199   0.00000   0.01405   0.06210   0.00000   0.03423   0.01235   0.01741   0.03408   0.06186   0.04346   0.03436   0.04927   0.05762   0.00000   0.31562   0.02818   0.27361   0.00000   0.24704   0.06590   0.02852   0.00000   0.05470   0.02170   0.68597   0.06596   0.28073   0.00000   0.28063   0.03012   0.02449   0.12619   0.15033   0.20664   0.13872   0.00000   0.02557   0.00774   0.01621   0.03354   0.05857   0.02356   0.17839   0.00000   0.30328   0.15521   0.00000   0.00000   0.47260   0.14786   0.04746   4.23443   8.76674   3.04465   1.93954   3.46248   0.39998   0.97053   1.25388   0.00000   6.33244   3.48255   1.83132   0.98881   0.46838   4.42155   1.00000  
391 93.6954  11681.061768  x:  4.23214  36.68767   3.86511  24.80300   0.00000   8.26670  16.36398  10.83320  11.32805   0.51798   0.34098   0.09933   0.00000   0.04786   0.33949   0.24146   0.44570   0.42688   0.20364   0.14503   0.17654   0.86850   0.00000   0.06780   0.66485   0.00000   1.76705   0.03637   0.54112   0.10913   0.16867   0.27867   0.47996   0.64698   1.80696   1.19894   0.72118   0.18452   0.00000   0.07879   0.32116   1.10259   0.00000   0.91950   0.54764   1.11938   0.07968   0.08819   0.17628   1.28456   0.00000   0.51544   0.02239   0.07260   0.00000   1.06294   0.00000   0.49032   0.00000   0.44904   0.19308   0.28355   0.03721   0.07559   0.02628   0.18676   0.02229   0.22448   0.01096   0.22226   0.03619   0.01646   0.08703   0.02530   0.00000   0.00000   0.57022   0.06917   0.11332   0.01526   0.00000   0.01621   0.08313   0.03338   0.00000   0.00000   0.09045   0.17253   0.01169   0.05174   0.00000   0.01414   0.06300   0.00000   0.03404   0.01125   0.01741   0.03420   0.06204   0.04366   0.03447   0.04952   0.05710   0.00000   0.31931   0.02937   0.26553   0.00000   0.24977   0.06560   0.02863   0.00000   0.05496   0.02175   0.68270   0.06542   0.28973   0.00000   0.28157   0.02897   0.02462   0.12703   0.14980   0.20741   0.13847   0.00000   0.02563   0.00775   0.01632   0.03367   0.05881   0.02472   0.17788   0.00000   0.29252   0.15696   0.00000   0.00000   0.48641   0.14909   0.04656   4.24477   8.89751   2.97803   2.01690   3.47427   0.43755   0.93642   1.36063   0.00000   6.34891   3.40479   1.82657   0.98895   0.46466   4.32609   1.00000  
392 78.6560  11680.891853  x:  4.23598  37.18536   3.88146  25.09500   0.00000   8.31743  16.48303  10.91436  11.44487   0.51630   0.34073   0.09886   0.00000   0.04767   0.34300   0.24616   0.44510   0.42333   0.19742   0.14652   0.17728   0.86610   0.00000   0.05184   0.65877   0.00000   1.76426   0.03601   0.53577   0.12239   0.16520   0.26057   0.47989   0.62553   1.80669   1.19827   0.72030   0.18610   0.00000   0.07891   0.31629   1.10853   0.00000   0.94143   0.56350   1.13237   0.07541   0.09286   0.17394   1.28149   0.00000   0.51151   0.02271   0.07225   0.00000   1.06520   0.00000   0.48823   0.00000   0.45107   0.18870   0.28890   0.03875   0.07405   0.02589   0.18194   0.02516   0.22514   0.01096   0.22226   0.03620   0.01639   0.08704   0.02533   0.00000   0.00000   0.56977   0.06842   0.11378   0.01530   0.00000   0.01619   0.08284   0.03350   0.00000   0.00000   0.09044   0.17292   0.01166   0.05159   0.00000   0.01416   0.06339   0.00000   0.03393   0.01065   0.01739   0.03423   0.06211   0.04373   0.03449   0.04954   0.05739   0.00000   0.31377   0.02890   0.27317   0.00000   0.24766   0.06674   0.02864   0.00000   0.05495   0.02183   0.67576   0.06566   0.28620   0.00000   0.27889   0.02982   0.02473   0.12678   0.15036   0.20730   0.13909   0.00000   0.02564   0.00779   0.01637   0.03372   0.05888   0.02402   0.17812   0.00000   0.29856   0.15617   0.00000   0.00000   0.47759   0.14851   0.04715   4.24862   8.96168   2.94292   2.05563   3.47831   0.46518   0.92933   1.41733   0.00000   6.35742   3.36583   1.82524   0.98915   0.46254   4.28680   1.00000  
393 58.7998  11680.747883  x:  4.23696  37.63693   3.89372  25.35756   0.00000   8.36124  16.58955  10.98609  11.54910   0.52343   0.32440   0.10736   0.00000   0.04786   0.34246   0.24569   0.44863   0.42026   0.19942   0.14666   0.17666   0.85338   0.00000   0.05014   0.67043   0.00000   1.74946   0.03648   0.53670   0.12055   0.16917   0.27104   0.47685   0.61873   1.81133   1.19701   0.71695   0.18172   0.00000   0.07905   0.30692   1.12335   0.00000   0.95136   0.57915   1.16472   0.08089   0.08732   0.17815   1.26150   0.00000   0.51034   0.02213   0.07290   0.00000   1.07164   0.00000   0.50338   0.00000   0.45212   0.19089   0.28491   0.03803   0.07501   0.02663   0.18474   0.02360   0.22526   0.01093   0.22262   0.03617   0.01635   0.08709   0.02537   0.00000   0.00000   0.56524   0.06892   0.11360   0.01535   0.00000   0.01622   0.08297   0.03351   0.00000   0.00000   0.09050   0.17312   0.01159   0.05143   0.00000   0.01419   0.06377   0.00000   0.03381   0.01010   0.01737   0.03426   0.06215   0.04380   0.03449   0.04962   0.05625   0.00000   0.31738   0.02861   0.26789   0.00000   0.24719   0.06731   0.02868   0.00000   0.05504   0.02186   0.66934   0.06831   0.28468   0.00000   0.28439   0.02966   0.02489   0.12684   0.15046   0.20731   0.13901   0.00000   0.02564   0.00782   0.01642   0.03375   0.05893   0.02347   0.17860   0.00000   0.29599   0.15639   0.00000   0.00000   0.46304   0.14784   0.04803   4.24959   9.01515   2.90927   2.08853   3.47761   0.49533   0.93419   1.46830   0.00000   6.36517   3.33178   1.83099   0.98922   0.46206   4.27165   1.00000  
394 30.4040  11680.635550  x:  4.23573  38.00751   3.90168  25.57109   0.00000   8.39537  16.67571  11.04340  11.63324   0.52473   0.32977   0.10581   0.00000   0.04806   0.34152   0.24356   0.44807   0.42348   0.20096   0.14463   0.17809   0.84343   0.00000   0.05356   0.68409   0.00000   1.73048   0.03830   0.54354   0.10895   0.16149   0.27103   0.47345   0.63016   1.81954   1.19779   0.71801   0.18358   0.00000   0.07915   0.29842   1.14023   0.00000   0.94826   0.58550   1.19812   0.07422   0.09425   0.17293   1.23781   0.00000   0.51070   0.02199   0.07304   0.00000   1.07852   0.00000   0.50099   0.00000   0.45729   0.19255   0.28692   0.03795   0.07524   0.02626   0.18531   0.02343   0.22497   0.01091   0.22277   0.03616   0.01632   0.08717   0.02539   0.00000   0.00000   0.56469   0.06822   0.11391   0.01540   0.00000   0.01614   0.08288   0.03359   0.00000   0.00000   0.09046   0.17287   0.01153   0.05131   0.00000   0.01421   0.06402   0.00000   0.03372   0.00965   0.01733   0.03428   0.06215   0.04385   0.03446   0.04963   0.05646   0.00000   0.31782   0.02788   0.26635   0.00000   0.24858   0.06710   0.02873   0.00000   0.05506   0.02188   0.67295   0.06826   0.28959   0.00000   0.27285   0.03081   0.02419   0.12690   0.14998   0.20768   0.13913   0.00000   0.02564   0.00785   0.01648   0.03378   0.05897   0.02412   0.17780   0.00000   0.30004   0.15662   0.00000   0.00000   0.47220   0.14868   0.04734   4.24836   9.05514   2.88030   2.11326   3.47318   0.51282   0.93800   1.50713   0.00000   6.37161   3.30521   1.83664   0.98928   0.46252   4.27661   1.00000  
395 29.0784  11680.553910  x:  4.23365  38.29267   3.90663  25.73429   0.00000   8.42059  16.74129  11.08660  11.69719   0.52353   0.33946   0.09886   0.00000   0.04801   0.34305   0.24555   0.44603   0.42503   0.19814   0.14587   0.17816   0.84065   0.00000   0.05377   0.69162   0.00000   1.71399   0.03736   0.55207   0.11368   0.16778   0.27046   0.47416   0.64233   1.82783   1.20032   0.71974   0.18599   0.00000   0.07923   0.29378   1.15383   0.00000   0.94072   0.58653   1.22281   0.07644   0.09203   0.16529   1.22143   0.00000   0.51103   0.02216   0.07285   0.00000   1.08332   0.00000   0.49370   0.00000   0.46103   0.19057   0.28713   0.03830   0.07494   0.02651   0.18432   0.02415   0.22533   0.01090   0.22260   0.03619   0.01630   0.08722   0.02540   0.00000   0.00000   0.56723   0.06780   0.11402   0.01544   0.00000   0.01612   0.08280   0.03361   0.00000   0.00000   0.09048   0.17308   0.01148   0.05125   0.00000   0.01422   0.06415   0.00000   0.03366   0.00933   0.01731   0.03428   0.06216   0.04386   0.03445   0.04963   0.05495   0.00000   0.31639   0.02903   0.27009   0.00000   0.24764   0.06724   0.02872   0.00000   0.05512   0.02190   0.67837   0.06783   0.28501   0.00000   0.28431   0.02946   0.02475   0.12695   0.15054   0.20732   0.13923   0.00000   0.02564   0.00787   0.01652   0.03380   0.05902   0.02352   0.17874   0.00000   0.29640   0.15648   0.00000   0.00000   0.47980   0.14889   0.04706   4.24628   9.08372   2.85730   2.13083   3.46763   0.51819   0.93744   1.53433   0.00000   6.37666   3.28577   1.83728   0.98927   0.46319   4.28979   1.00000  
396 36.9707  11680.466206  x:  4.22867  38.62845   3.90987  25.92396   0.00000   8.44786  16.81687  11.13548  11.77073   0.52363   0.34471   0.09657   0.00000   0.04781   0.34340   0.24470   0.44657   0.42308   0.20003   0.14835   0.17499   0.85179   0.00000   0.04921   0.68729   0.00000   1.69508   0.03750   0.55229   0.11411   0.16892   0.26610   0.48122   0.64091   1.84092   1.20822   0.71964   0.18400   0.00000   0.07924   0.29546   1.16784   0.00000   0.92530   0.58420   1.24143   0.08775   0.08032   0.15831   1.21705   0.00000   0.51314   0.02181   0.07312   0.00000   1.08514   0.00000   0.49398   0.00000   0.45681   0.19133   0.28583   0.03819   0.07509   0.02654   0.18502   0.02379   0.22528   0.01089   0.22264   0.03616   0.01631   0.08721   0.02541   0.00000   0.00000   0.57274   0.06771   0.11410   0.01552   0.00000   0.01604   0.08271   0.03359   0.00000   0.00000   0.09047   0.17295   0.01139   0.05114   0.00000   0.01423   0.06422   0.00000   0.03357   0.00896   0.01725   0.03426   0.06211   0.04387   0.03440   0.04960   0.05657   0.00000   0.31505   0.02853   0.26651   0.00000   0.24937   0.06648   0.02875   0.00000   0.05515   0.02189   0.68064   0.06840   0.28724   0.00000   0.27618   0.03053   0.02444   0.12682   0.15031   0.20749   0.13906   0.00000   0.02561   0.00791   0.01656   0.03379   0.05903   0.02368   0.17813   0.00000   0.30134   0.15614   0.00000   0.00000   0.47216   0.14827   0.04758   4.24131   9.11243   2.82879   2.14783   3.45651   0.50396   0.92687   1.55884   0.00000   6.38294   3.26560   1.83147   0.98940   0.46431   4.32470   1.00000  
397 18.0343  11680.353982  x:  4.22073  39.07699   3.91285  26.17599   0.00000   8.48297  16.91694  11.19969  11.86801   0.52820   0.34006   0.09858   0.00000   0.04795   0.34094   0.24393   0.44777   0.42040   0.19832   0.14526   0.17734   0.86742   0.00000   0.04986   0.67769   0.00000   1.67374   0.03784   0.54590   0.11057   0.16530   0.26640   0.48498   0.63087   1.85868   1.21995   0.71903   0.18119   0.00000   0.07925   0.29989   1.18251   0.00000   0.90620   0.58254   1.25629   0.07655   0.09181   0.15349   1.22048   0.00000   0.51310   0.02156   0.07324   0.00000   1.08407   0.00000   0.49628   0.00000   0.45420   0.19061   0.28721   0.03836   0.07488   0.02636   0.18435   0.02417   0.22499   0.01087   0.22231   0.03614   0.01633   0.08715   0.02540   0.00000   0.00000   0.57355   0.06790   0.11400   0.01562   0.00000   0.01594   0.08257   0.03353   0.00000   0.00000   0.09038   0.17262   0.01126   0.05102   0.00000   0.01423   0.06424   0.00000   0.03343   0.00848   0.01716   0.03420   0.06203   0.04382   0.03431   0.04951   0.05657   0.00000   0.31818   0.02837   0.26713   0.00000   0.24776   0.06684   0.02873   0.00000   0.05515   0.02192   0.67960   0.06922   0.28491   0.00000   0.28167   0.02987   0.02485   0.12652   0.15021   0.20687   0.13895   0.00000   0.02556   0.00799   0.01663   0.03376   0.05901   0.02340   0.17852   0.00000   0.29410   0.15645   0.00000   0.00000   0.46381   0.14785   0.04784   4.23336   9.14812   2.79005   2.16807   3.43964   0.48014   0.91272   1.58696   0.00000   6.39149   3.24035   1.82997   0.98965   0.46628   4.37973   1.00000  
398 39.3859  11680.271619  x:  4.21308  39.43419   3.91386  26.37525   0.00000   8.50942  16.99564  11.24961  11.94440   0.53051   0.33254   0.10086   0.00000   0.04790   0.34118   0.24609   0.44727   0.42325   0.19852   0.14538   0.17785   0.86914   0.00000   0.04818   0.67331   0.00000   1.66691   0.03592   0.54279   0.12020   0.17203   0.27414   0.47412   0.62559   1.87044   1.22759   0.71944   0.18310   0.00000   0.07921   0.30236   1.18502   0.00000   0.90074   0.58595   1.25250   0.07506   0.09317   0.16123   1.23203   0.00000   0.50825   0.02194   0.07272   0.00000   1.07840   0.00000   0.49404   0.00000   0.45820   0.18876   0.28570   0.03853   0.07462   0.02689   0.18339   0.02458   0.22521   0.01084   0.22205   0.03614   0.01634   0.08715   0.02539   0.00000   0.00000   0.56446   0.06785   0.11369   0.01569   0.00000   0.01598   0.08246   0.03351   0.00000   0.00000   0.09031   0.17271   0.01116   0.05092   0.00000   0.01423   0.06420   0.00000   0.03334   0.00817   0.01709   0.03416   0.06192   0.04381   0.03422   0.04943   0.05580   0.00000   0.31767   0.02833   0.26865   0.00000   0.24743   0.06694   0.02875   0.00000   0.05515   0.02190   0.67465   0.06762   0.28635   0.00000   0.27720   0.03026   0.02416   0.12640   0.15017   0.20719   0.13879   0.00000   0.02551   0.00803   0.01667   0.03374   0.05900   0.02393   0.17777   0.00000   0.30180   0.15551   0.00000   0.00000   0.47571   0.14824   0.04712   4.22571   9.17364   2.75864   2.18072   3.42487   0.46868   0.91239   1.60379   0.00000   6.39855   3.22257   1.83584   0.98974   0.46826   4.42883   1.00000  
399 25.8376  11680.179313  x:  4.20336  39.84882   3.91418  26.60553   0.00000   8.53902  17.08630  11.30673  12.03234   0.52776   0.33424   0.10175   0.00000   0.04798   0.34099   0.24243   0.44588   0.42465   0.19685   0.14630   0.17562   0.86246   0.00000   0.04232   0.67344   0.00000   1.66852   0.03705   0.53968   0.11430   0.16171   0.27058   0.46247   0.62330   1.88173   1.23356   0.71842   0.18489   0.00000   0.07918   0.30308   1.18058   0.00000   0.90336   0.59060   1.23725   0.08212   0.08570   0.17035   1.24818   0.00000   0.50582   0.02233   0.07212   0.00000   1.07051   0.00000   0.49299   0.00000   0.45882   0.19114   0.28654   0.03825   0.07479   0.02640   0.18418   0.02403   0.22447   0.01081   0.22179   0.03611   0.01637   0.08708   0.02536   0.00000   0.00000   0.55868   0.06740   0.11370   0.01579   0.00000   0.01588   0.08235   0.03349   0.00000   0.00000   0.09009   0.17201   0.01102   0.05082   0.00000   0.01423   0.06405   0.00000   0.03322   0.00782   0.01700   0.03408   0.06178   0.04373   0.03411   0.04933   0.05460   0.00000   0.31556   0.02899   0.26965   0.00000   0.24681   0.06704   0.02873   0.00000   0.05512   0.02188   0.67058   0.06666   0.28426   0.00000   0.28095   0.02911   0.02474   0.12615   0.14988   0.20644   0.13880   0.00000   0.02545   0.00809   0.01672   0.03368   0.05895   0.02349   0.17831   0.00000   0.29323   0.15582   0.00000   0.00000   0.48467   0.14868   0.04645   4.21600   9.20128   2.72195   2.19265   3.40751   0.46470   0.92256   1.61942   0.00000   6.40696   3.20394   1.83861   0.98998   0.47015   4.48620   1.00000  
400 38.0015  11680.009491  x:  4.18337  40.65419   3.91363  27.05129   0.00000   8.59476  17.26134  11.41641  12.20198   0.52338   0.34516   0.09453   0.00000   0.04802   0.34006   0.24258   0.44491   0.41902   0.19738   0.14420   0.17772   0.84043   0.00000   0.04851   0.68377   0.00000   1.68646   0.03491   0.54378   0.11437   0.16668   0.27169   0.46815   0.63115   1.89917   1.23784   0.71063   0.18207   0.00000   0.07912   0.29993   1.16142   0.00000   0.92144   0.59320   1.19521   0.07740   0.09049   0.17036   1.27472   0.00000   0.51187   0.02216   0.07209   0.00000   1.05661   0.00000   0.49571   0.00000   0.44673   0.18879   0.28617   0.03859   0.07436   0.02648   0.18300   0.02469   0.22433   0.01079   0.22138   0.03614   0.01641   0.08707   0.02535   0.00000   0.00000   0.56622   0.06833   0.11362   0.01597   0.00000   0.01568   0.08224   0.03331   0.00000   0.00000   0.09012   0.17180   0.01080   0.05075   0.00000   0.01422   0.06383   0.00000   0.03310   0.00731   0.01685   0.03398   0.06161   0.04368   0.03392   0.04913   0.05661   0.00000   0.31701   0.02866   0.27014   0.00000   0.24647   0.06674   0.02873   0.00000   0.05518   0.02189   0.66946   0.06632   0.28408   0.00000   0.27888   0.02932   0.02485   0.12564   0.14983   0.20602   0.13860   0.00000   0.02537   0.00818   0.01683   0.03363   0.05896   0.02342   0.17814   0.00000   0.29614   0.15512   0.00000   0.00000   0.47178   0.14816   0.04684   4.19600   9.25200   2.65066   2.21090   3.37456   0.47039   0.95585   1.64345   0.00000   6.42375   3.17148   1.82737   0.99017   0.47388   4.59246   1.00000  
401 43.3685  11679.950995  x:  4.17474  40.96869   3.91258  27.22391   0.00000   8.61461  17.32862  11.45794  12.26709   0.52560   0.33204   0.10205   0.00000   0.04791   0.34174   0.24285   0.44671   0.42289   0.19588   0.14691   0.17385   0.84466   0.00000   0.04458   0.68730   0.00000   1.70366   0.03482   0.54735   0.11367   0.16744   0.26542   0.48156   0.63100   1.89990   1.23013   0.70932   0.18405   0.00000   0.07904   0.29783   1.14887   0.00000   0.93269   0.58024   1.18663   0.07759   0.09016   0.15808   1.26620   0.00000   0.50854   0.02201   0.07213   0.00000   1.05636   0.00000   0.49101   0.00000   0.45222   0.18959   0.28523   0.03829   0.07456   0.02651   0.18366   0.02419   0.22406   0.01075   0.22137   0.03611   0.01642   0.08705   0.02533   0.00000   0.00000   0.56627   0.06768   0.11364   0.01603   0.00000   0.01559   0.08212   0.03331   0.00000   0.00000   0.09000   0.17156   0.01072   0.05073   0.00000   0.01421   0.06366   0.00000   0.03307   0.00722   0.01678   0.03393   0.06152   0.04363   0.03383   0.04903   0.05707   0.00000   0.31851   0.02845   0.26822   0.00000   0.24666   0.06655   0.02873   0.00000   0.05517   0.02187   0.67081   0.06686   0.28399   0.00000   0.27837   0.02953   0.02462   0.12571   0.14970   0.20594   0.13829   0.00000   0.02533   0.00820   0.01685   0.03359   0.05892   0.02368   0.17772   0.00000   0.29534   0.15513   0.00000   0.00000   0.47283   0.14800   0.04682   4.18737   9.26906   2.62350   2.21212   3.36453   0.47000   0.96323   1.64571   0.00000   6.43089   3.16390   1.83502   0.99026   0.47478   4.61610   1.00000  
402 15.0902  11679.870989  x:  4.16084  41.44873   3.91024  27.48590   0.00000   8.64291  17.43018  11.52003  12.36530   0.52605   0.33245   0.10254   0.00000   0.04830   0.33424   0.24239   0.44640   0.42034   0.19610   0.13560   0.18550   0.85984   0.00000   0.04571   0.68488   0.00000   1.73545   0.03396   0.54479   0.11379   0.16737   0.26587   0.48096   0.63148   1.89472   1.21360   0.70649   0.18447   0.00000   0.07893   0.29670   1.13241   0.00000   0.95019   0.56276   1.19139   0.08057   0.08692   0.16618   1.24027   0.00000   0.50685   0.02226   0.07171   0.00000   1.05972   0.00000   0.49169   0.00000   0.45223   0.18728   0.28730   0.03874   0.07390   0.02631   0.18165   0.02524   0.22389   0.01072   0.22103   0.03616   0.01644   0.08705   0.02530   0.00000   0.00000   0.56293   0.06767   0.11359   0.01613   0.00000   0.01550   0.08199   0.03326   0.00000   0.00000   0.08991   0.17139   0.01061   0.05078   0.00000   0.01419   0.06327   0.00000   0.03307   0.00723   0.01670   0.03385   0.06139   0.04357   0.03371   0.04889   0.05703   0.00000   0.31269   0.02871   0.27118   0.00000   0.24564   0.06682   0.02873   0.00000   0.05515   0.02186   0.66752   0.06650   0.28305   0.00000   0.27709   0.02960   0.02474   0.12552   0.14971   0.20574   0.13812   0.00000   0.02528   0.00822   0.01690   0.03354   0.05889   0.02340   0.17763   0.00000   0.29488   0.15494   0.00000   0.00000   0.47287   0.14786   0.04677   4.17347   9.29247   2.58308   2.20791   3.35310   0.46350   0.96431   1.64236   0.00000   6.44245   3.15805   1.83445   0.99044   0.47479   4.62915   1.00000  
403 19.3466  11679.787577  x:  4.14550  41.96977   3.90744  27.76967   0.00000   8.67280  17.53995  11.58687  12.47144   0.52300   0.33822   0.09848   0.00000   0.04782   0.33952   0.24205   0.44459   0.41710   0.19639   0.14603   0.17382   0.87207   0.00000   0.04768   0.68028   0.00000   1.76718   0.03290   0.54032   0.11580   0.16657   0.26736   0.47297   0.63288   1.88739   1.19622   0.70333   0.18404   0.00000   0.07883   0.29817   1.11849   0.00000   0.96520   0.54967   1.20144   0.07628   0.09110   0.17961   1.21548   0.00000   0.50780   0.02188   0.07200   0.00000   1.06210   0.00000   0.49359   0.00000   0.44886   0.18849   0.28507   0.03839   0.07416   0.02641   0.18264   0.02450   0.22370   0.01069   0.22094   0.03617   0.01646   0.08707   0.02529   0.00000   0.00000   0.56141   0.06801   0.11349   0.01622   0.00000   0.01541   0.08204   0.03317   0.00000   0.00000   0.08986   0.17113   0.01049   0.05085   0.00000   0.01419   0.06289   0.00000   0.03309   0.00729   0.01662   0.03378   0.06127   0.04352   0.03358   0.04876   0.05695   0.00000   0.31734   0.02848   0.26795   0.00000   0.24536   0.06694   0.02876   0.00000   0.05518   0.02184   0.66209   0.06739   0.28245   0.00000   0.27724   0.02951   0.02471   0.12541   0.14957   0.20541   0.13793   0.00000   0.02524   0.00824   0.01694   0.03350   0.05885   0.02324   0.17758   0.00000   0.29461   0.15484   0.00000   0.00000   0.47253   0.14799   0.04655   4.15812   9.31688   2.53976   2.20109   3.34244   0.45533   0.96223   1.63639   0.00000   6.45522   3.15399   1.83068   0.99059   0.47444   4.63387   1.00000  
404 50.3111  11679.559904  x:  4.09800  43.51548   3.89722  28.60692   0.00000   8.75502  17.86183  11.78084  12.78293   0.49316   0.33356   0.10142   0.00000   0.04815   0.33508   0.24162   0.44512   0.43638   0.18973   0.14335   0.17672   0.83917   0.00000   0.05186   0.67629   0.00000   1.80551   0.03088   0.53659   0.11820   0.16694   0.26988   0.46176   0.63631   1.85930   1.16173   0.69962   0.18494   0.00000   0.07848   0.32858   1.11868   0.00000   0.95066   0.56711   1.23998   0.07550   0.09139   0.16564   1.22463   0.00000   0.50650   0.02112   0.07245   0.00000   1.04226   0.00000   0.48276   0.00000   0.45351   0.19255   0.27715   0.03702   0.07514   0.02675   0.18611   0.02193   0.22272   0.01055   0.22057   0.03619   0.01652   0.08709   0.02522   0.00000   0.00000   0.57589   0.06622   0.11379   0.01647   0.00000   0.01501   0.08180   0.03311   0.00000   0.00000   0.08953   0.17060   0.01021   0.05119   0.00000   0.01413   0.06152   0.00000   0.03322   0.00778   0.01641   0.03357   0.06093   0.04332   0.03322   0.04831   0.05838   0.00000   0.31429   0.02801   0.26329   0.00000   0.24487   0.06690   0.02878   0.00000   0.05518   0.02179   0.65556   0.07003   0.28067   0.00000   0.27527   0.02998   0.02484   0.12528   0.14956   0.20492   0.13716   0.00000   0.02511   0.00824   0.01703   0.03334   0.05874   0.02290   0.17735   0.00000   0.29376   0.15456   0.00000   0.00000   0.45751   0.14692   0.04727   4.11061   9.38205   2.41632   2.16547   3.32504   0.43865   0.94489   1.60359   0.00000   6.49420   3.15921   1.83732   0.99108   0.47065   4.57788   1.00000  
405 20.1856  11679.395229  x:  4.06249  44.65551   3.88924  29.22343   0.00000   8.81433  18.09836  11.92293  13.01201   0.48746   0.32696   0.10482   0.00000   0.04801   0.33832   0.24010   0.44486   0.41803   0.19325   0.14525   0.17227   0.82761   0.00000   0.06808   0.68181   0.00000   1.81814   0.02890   0.53796   0.11817   0.16414   0.26667   0.46752   0.63592   1.83966   1.13934   0.69463   0.18229   0.00000   0.07824   0.34416   1.12103   0.00000   0.93350   0.58244   1.26230   0.08014   0.08630   0.15087   1.24084   0.00000   0.50553   0.02159   0.07178   0.00000   1.02875   0.00000   0.48594   0.00000   0.44957   0.18182   0.29056   0.03932   0.07234   0.02554   0.17711   0.02720   0.22301   0.01051   0.21982   0.03647   0.01654   0.08716   0.02518   0.00000   0.00000   0.56659   0.06753   0.11376   0.01666   0.00000   0.01476   0.08178   0.03290   0.00000   0.00000   0.08957   0.17029   0.01004   0.05149   0.00000   0.01410   0.06051   0.00000   0.03338   0.00818   0.01627   0.03344   0.06069   0.04321   0.03300   0.04798   0.05827   0.00000   0.31710   0.02797   0.26896   0.00000   0.24357   0.06717   0.02879   0.00000   0.05524   0.02177   0.65249   0.06772   0.28113   0.00000   0.27368   0.02952   0.02475   0.12514   0.14929   0.20459   0.13677   0.00000   0.02503   0.00824   0.01712   0.03326   0.05874   0.02337   0.17702   0.00000   0.29193   0.15450   0.00000   0.00000   0.46797   0.14746   0.04660   4.07509   9.42878   2.32658   2.13756   3.31470   0.43518   0.93782   1.57821   0.00000   6.52288   3.16597   1.83479   0.99139   0.46762   4.52856   1.00000  
406 89.8944  11679.276590  x:  4.03592  45.48891   3.88284  29.67298   0.00000   8.85619  18.27023  12.02565  13.17876   0.48945   0.33102   0.10361   0.00000   0.04801   0.33601   0.23929   0.44233   0.40476   0.19620   0.14283   0.17446   0.83949   0.00000   0.05738   0.69156   0.00000   1.81053   0.03005   0.54396   0.11554   0.16850   0.26461   0.47472   0.63436   1.82731   1.12575   0.69061   0.18111   0.00000   0.07814   0.34519   1.12074   0.00000   0.91889   0.59199   1.26952   0.07659   0.08970   0.14298   1.25771   0.00000   0.50681   0.02207   0.07112   0.00000   1.02188   0.00000   0.49151   0.00000   0.43827   0.19016   0.27795   0.03723   0.07438   0.02658   0.18423   0.02265   0.22220   0.01044   0.21998   0.03642   0.01658   0.08719   0.02516   0.00000   0.00000   0.55524   0.06894   0.11301   0.01678   0.00000   0.01476   0.08229   0.03269   0.00000   0.00000   0.08956   0.16960   0.00985   0.05168   0.00000   0.01409   0.05976   0.00000   0.03347   0.00847   0.01618   0.03333   0.06054   0.04311   0.03283   0.04784   0.05884   0.00000   0.31375   0.02895   0.26933   0.00000   0.24427   0.06651   0.02883   0.00000   0.05526   0.02171   0.64989   0.06573   0.27951   0.00000   0.27487   0.02899   0.02477   0.12485   0.14949   0.20437   0.13658   0.00000   0.02497   0.00823   0.01715   0.03318   0.05871   0.02342   0.17727   0.00000   0.29262   0.15409   0.00000   0.00000   0.48175   0.14797   0.04590   4.04851   9.46152   2.26255   2.11617   3.30948   0.44179   0.93926   1.55910   0.00000   6.54366   3.17386   1.83381   0.99158   0.46496   4.48732   1.00000  
407 70.1730  11679.125632  x:  3.99962  46.58946   3.87326  30.26444   0.00000   8.90860  18.49516  12.15903  13.39767   0.51184   0.33983   0.09516   0.00000   0.04806   0.33487   0.23939   0.43929   0.42662   0.19006   0.14457   0.17247   0.87764   0.00000   0.05719   0.71035   0.00000   1.77041   0.03119   0.55189   0.11255   0.16851   0.26755   0.46895   0.63177   1.81685   1.11255   0.68647   0.18561   0.00000   0.07793   0.32884   1.11244   0.00000   0.90242   0.59528   1.26284   0.07765   0.08836   0.14555   1.28059   0.00000   0.50935   0.02168   0.07145   0.00000   1.01545   0.00000   0.48995   0.00000   0.43104   0.18593   0.28247   0.03794   0.07330   0.02614   0.18080   0.02447   0.22198   0.01039   0.21963   0.03657   0.01659   0.08724   0.02512   0.00000   0.00000   0.55628   0.06971   0.11322   0.01692   0.00000   0.01450   0.08234   0.03256   0.00000   0.00000   0.08959   0.16925   0.00974   0.05197   0.00000   0.01405   0.05889   0.00000   0.03363   0.00886   0.01608   0.03322   0.06036   0.04302   0.03264   0.04755   0.06011   0.00000   0.31670   0.02824   0.27054   0.00000   0.24330   0.06685   0.02884   0.00000   0.05529   0.02171   0.64624   0.06596   0.27935   0.00000   0.27366   0.02919   0.02481   0.12481   0.14954   0.20402   0.13643   0.00000   0.02491   0.00820   0.01721   0.03310   0.05867   0.02341   0.17707   0.00000   0.29204   0.15390   0.00000   0.00000   0.47441   0.14782   0.04614   4.01220   9.50217   2.18136   2.08701   3.30642   0.45952   0.94662   1.53337   0.00000   6.57064   3.18951   1.84268   0.99174   0.46193   4.42772   1.00000  
408 52.4233  11679.057038  x:  3.98142  47.10153   3.86759  30.53742   0.00000   8.93017  18.59773  12.21884  13.49828   0.51318   0.34103   0.09451   0.00000   0.04779   0.33434   0.23894   0.44717   0.41233   0.19232   0.14409   0.17194   0.88156   0.00000   0.05571   0.71422   0.00000   1.73200   0.03175   0.55335   0.11123   0.16858   0.27080   0.45895   0.63123   1.81788   1.11068   0.68277   0.18387   0.00000   0.07782   0.31808   1.10085   0.00000   0.90367   0.58396   1.24919   0.07740   0.08848   0.14887   1.28205   0.00000   0.50869   0.02127   0.07181   0.00000   1.01381   0.00000   0.48355   0.00000   0.44909   0.18634   0.28171   0.03772   0.07342   0.02598   0.18102   0.02429   0.22156   0.01035   0.21950   0.03658   0.01662   0.08730   0.02510   0.00000   0.00000   0.56800   0.06687   0.11393   0.01698   0.00000   0.01435   0.08189   0.03272   0.00000   0.00000   0.08934   0.16953   0.00969   0.05206   0.00000   0.01403   0.05854   0.00000   0.03368   0.00899   0.01604   0.03317   0.06028   0.04297   0.03255   0.04745   0.05967   0.00000   0.31636   0.02776   0.26770   0.00000   0.24299   0.06707   0.02884   0.00000   0.05528   0.02169   0.64423   0.06790   0.27916   0.00000   0.27264   0.02950   0.02485   0.12496   0.14953   0.20397   0.13606   0.00000   0.02489   0.00820   0.01723   0.03306   0.05862   0.02333   0.17693   0.00000   0.29145   0.15405   0.00000   0.00000   0.47075   0.14739   0.04641   3.99400   9.51873   2.14719   2.07382   3.30808   0.46266   0.94370   1.52175   0.00000   6.58284   3.20165   1.84164   0.99190   0.46029   4.39889   1.00000  
409 27.8090  11678.970660  x:  3.95586  47.76232   3.85833  30.88622   0.00000   8.95363  18.72680  12.29243  13.62619   0.50064   0.33836   0.09579   0.00000   0.04790   0.33466   0.23816   0.43959   0.41671   0.19164   0.14390   0.17215   0.86054   0.00000   0.05798   0.71204   0.00000   1.66578   0.03181   0.55437   0.11060   0.16903   0.26988   0.46202   0.62786   1.82602   1.11445   0.68197   0.18361   0.00000   0.07769   0.30969   1.07998   0.00000   0.91691   0.55912   1.22347   0.07699   0.08869   0.15719   1.26652   0.00000   0.50588   0.02157   0.07136   0.00000   1.01646   0.00000   0.48724   0.00000   0.43858   0.18579   0.28125   0.03774   0.07321   0.02600   0.18052   0.02433   0.22136   0.01033   0.21922   0.03658   0.01668   0.08722   0.02507   0.00000   0.00000   0.56126   0.06839   0.11340   0.01703   0.00000   0.01432   0.08209   0.03254   0.00000   0.00000   0.08935   0.16907   0.00962   0.05215   0.00000   0.01401   0.05813   0.00000   0.03372   0.00903   0.01600   0.03311   0.06018   0.04289   0.03246   0.04735   0.06019   0.00000   0.31574   0.02791   0.26855   0.00000   0.24243   0.06701   0.02883   0.00000   0.05524   0.02166   0.64024   0.06693   0.27866   0.00000   0.27232   0.02938   0.02477   0.12482   0.14933   0.20367   0.13586   0.00000   0.02484   0.00822   0.01723   0.03301   0.05856   0.02345   0.17667   0.00000   0.29090   0.15383   0.00000   0.00000   0.47230   0.14740   0.04623   3.96843   9.53645   2.10879   2.05761   3.31408   0.45757   0.93015   1.50723   0.00000   6.59787   3.22409   1.83942   0.99226   0.45807   4.36269   1.00000  
410 23.4991  11678.946878  x:  3.94355  47.98692   3.85185  30.99892   0.00000   8.95418  18.76500  12.31125  13.66637   0.50829   0.33984   0.09445   0.00000   0.04775   0.33410   0.23843   0.44880   0.41728   0.19031   0.14387   0.17179   0.85896   0.00000   0.05574   0.71304   0.00000   1.65884   0.03227   0.55600   0.10992   0.16920   0.26980   0.46276   0.62745   1.83131   1.12052   0.68351   0.18237   0.00000   0.07768   0.32706   1.07856   0.00000   0.92108   0.56129   1.21760   0.07708   0.08860   0.15856   1.25571   0.00000   0.51548   0.02128   0.07168   0.00000   1.00918   0.00000   0.48251   0.00000   0.43694   0.18579   0.28129   0.03780   0.07314   0.02604   0.18038   0.02439   0.22134   0.01034   0.21924   0.03656   0.01671   0.08718   0.02506   0.00000   0.00000   0.55598   0.06874   0.11325   0.01701   0.00000   0.01439   0.08217   0.03251   0.00000   0.00000   0.08938   0.16901   0.00964   0.05213   0.00000   0.01400   0.05819   0.00000   0.03373   0.00891   0.01602   0.03312   0.06020   0.04289   0.03249   0.04738   0.06052   0.00000   0.31548   0.02792   0.26890   0.00000   0.24242   0.06704   0.02881   0.00000   0.05520   0.02166   0.64087   0.06702   0.27870   0.00000   0.27237   0.02931   0.02496   0.12470   0.14936   0.20367   0.13597   0.00000   0.02485   0.00822   0.01721   0.03300   0.05854   0.02322   0.17681   0.00000   0.29083   0.15381   0.00000   0.00000   0.47178   0.14751   0.04615   3.95612   9.53626   2.10506   2.05286   3.32000   0.45872   0.92971   1.50238   0.00000   6.60115   3.24043   1.84035   0.99231   0.45757   4.35753   1.00000  
411  4.8275  11678.899497  x:  3.91551  48.45568   3.83614  31.23038   0.00000   8.95062  18.84113  12.34659  13.74817   0.52134   0.34314   0.09186   0.00000   0.04778   0.33501   0.23838   0.43843   0.41609   0.19221   0.14376   0.17259   0.85951   0.00000   0.05212   0.71423   0.00000   1.65665   0.03288   0.55811   0.10883   0.16909   0.27060   0.46128   0.62814   1.84079   1.12964   0.68682   0.18078   0.00000   0.07767   0.35212   1.07985   0.00000   0.92538   0.56570   1.21126   0.07690   0.08870   0.15613   1.24245   0.00000   0.50133   0.02169   0.07132   0.00000   0.99943   0.00000   0.48996   0.00000   0.43892   0.18558   0.28152   0.03771   0.07326   0.02599   0.18040   0.02434   0.22122   0.01036   0.21915   0.03652   0.01677   0.08713   0.02504   0.00000   0.00000   0.56367   0.06823   0.11347   0.01694   0.00000   0.01441   0.08208   0.03256   0.00000   0.00000   0.08935   0.16912   0.00973   0.05208   0.00000   0.01398   0.05843   0.00000   0.03373   0.00858   0.01609   0.03315   0.06026   0.04289   0.03256   0.04747   0.06010   0.00000   0.31627   0.02770   0.26835   0.00000   0.24261   0.06692   0.02878   0.00000   0.05511   0.02163   0.64316   0.06700   0.27887   0.00000   0.27257   0.02946   0.02452   0.12490   0.14927   0.20379   0.13593   0.00000   0.02487   0.00823   0.01716   0.03301   0.05848   0.02362   0.17642   0.00000   0.29109   0.15394   0.00000   0.00000   0.47249   0.14725   0.04637   3.92808   9.53192   2.10316   2.04344   3.33439   0.46206   0.93072   1.49265   0.00000   6.60696   3.27938   1.84103   0.99241   0.45673   4.35214   1.00000  
412 13.8328  11678.654644  x:  3.81729  50.00000   3.77903  31.98392   0.00000   8.92767  19.08339  12.45359  14.01282   0.52024   0.33986   0.09404   0.00000   0.04749   0.33608   0.23921   0.43641   0.41501   0.19391   0.14374   0.17320   0.85548   0.00000   0.05230   0.70544   0.00000   1.67654   0.03250   0.55508   0.11056   0.16797   0.27065   0.46263   0.62937   1.85773   1.13453   0.69071   0.18192   0.00000   0.07765   0.33818   1.09503   0.00000   0.92171   0.56839   1.21601   0.07688   0.08859   0.15760   1.24587   0.00000   0.50633   0.02142   0.07178   0.00000   1.01534   0.00000   0.48786   0.00000   0.43950   0.18581   0.28141   0.03773   0.07333   0.02608   0.18018   0.02435   0.22121   0.01045   0.21912   0.03630   0.01698   0.08686   0.02499   0.00000   0.00000   0.56337   0.06836   0.11315   0.01668   0.00000   0.01475   0.08219   0.03259   0.00000   0.00000   0.08938   0.16922   0.01004   0.05185   0.00000   0.01394   0.05940   0.00000   0.03371   0.00736   0.01636   0.03330   0.06052   0.04291   0.03286   0.04785   0.05908   0.00000   0.31547   0.02747   0.26811   0.00000   0.24317   0.06666   0.02864   0.00000   0.05479   0.02159   0.64856   0.06697   0.27961   0.00000   0.27318   0.02951   0.02447   0.12519   0.14911   0.20411   0.13605   0.00000   0.02494   0.00824   0.01695   0.03303   0.05826   0.02360   0.17607   0.00000   0.29131   0.15413   0.00000   0.00000   0.47142   0.14717   0.04643   3.82985   9.50827   2.11061   2.01310   3.38436   0.46776   0.93179   1.46263   0.00000   6.62409   3.41541   1.84307   0.99274   0.45493   4.34839   1.00000  
413 20.2625  11678.611347  x:  3.79810  50.00000   3.75433  31.82098   0.00000   8.87973  19.00954  12.39577  13.94305   0.51811   0.34567   0.09047   0.00000   0.04721   0.33453   0.24006   0.45566   0.41953   0.19035   0.14429   0.17222   0.85396   0.00000   0.05448   0.70250   0.00000   1.68031   0.03244   0.55326   0.11095   0.16817   0.26988   0.46490   0.62970   1.85509   1.13625   0.69305   0.18153   0.00000   0.07769   0.33320   1.09870   0.00000   0.92072   0.56728   1.21602   0.07670   0.08879   0.15566   1.24695   0.00000   0.49190   0.02182   0.07145   0.00000   1.01889   0.00000   0.49520   0.00000   0.44162   0.18638   0.28094   0.03755   0.07360   0.02621   0.18072   0.02397   0.22126   0.01048   0.21914   0.03626   0.01702   0.08683   0.02499   0.00000   0.00000   0.55705   0.06883   0.11284   0.01660   0.00000   0.01491   0.08232   0.03259   0.00000   0.00000   0.08942   0.16917   0.01011   0.05180   0.00000   0.01394   0.05965   0.00000   0.03370   0.00724   0.01643   0.03335   0.06059   0.04293   0.03294   0.04798   0.05849   0.00000   0.31615   0.02734   0.26735   0.00000   0.24340   0.06653   0.02863   0.00000   0.05475   0.02157   0.64986   0.06701   0.27976   0.00000   0.27340   0.02967   0.02413   0.12549   0.14899   0.20428   0.13600   0.00000   0.02497   0.00823   0.01690   0.03305   0.05824   0.02398   0.17575   0.00000   0.29156   0.15436   0.00000   0.00000   0.47107   0.14690   0.04668   3.81066   9.45125   2.14646   2.00212   3.38699   0.46642   0.93441   1.46068   0.00000   6.61059   3.43527   1.83959   0.99273   0.45560   4.35580   1.00000  
414  3.1622  11678.002432  x:  3.77332  50.00000   3.52655  27.12135   0.00000   8.18866  17.16046  11.18164  12.09508   0.51883   0.33895   0.09550   0.00000   0.04741   0.33667   0.24081   0.44655   0.41851   0.19359   0.14425   0.17399   0.85022   0.00000   0.05089   0.68956   0.00000   1.67900   0.03487   0.54789   0.11205   0.16701   0.26851   0.46618   0.62559   1.76715   1.15395   0.71355   0.17434   0.00000   0.07799   0.31564   1.11263   0.00000   0.91949   0.56277   1.20124   0.07706   0.08907   0.15980   1.23976   0.00000   0.50220   0.02176   0.07191   0.00000   1.02921   0.00000   0.49004   0.00000   0.44367   0.18713   0.28231   0.03778   0.07372   0.02612   0.18142   0.02404   0.22202   0.01064   0.21991   0.03619   0.01694   0.08675   0.02508   0.00000   0.00000   0.56048   0.06861   0.11287   0.01608   0.00000   0.01535   0.08229   0.03285   0.00000   0.00000   0.08958   0.17011   0.01056   0.05163   0.00000   0.01402   0.06065   0.00000   0.03371   0.00883   0.01669   0.03359   0.06095   0.04316   0.03340   0.04839   0.05825   0.00000   0.31480   0.02784   0.26687   0.00000   0.24444   0.06651   0.02859   0.00000   0.05476   0.02163   0.65618   0.06744   0.28116   0.00000   0.27514   0.02964   0.02448   0.12559   0.14914   0.20487   0.13675   0.00000   0.02515   0.00807   0.01667   0.03324   0.05839   0.02374   0.17641   0.00000   0.29265   0.15475   0.00000   0.00000   0.46953   0.14697   0.04696   3.78590   8.61952   2.69004   1.91473   3.28380   0.42847   0.97323   1.51576   0.00000   6.34989   3.35781   1.82811   0.99176   0.47172   4.48207   1.00000  
415 34.0093  11677.970541  x:  3.76126  50.00000   3.50652  26.87663   0.00000   8.13899  17.06040  11.11108  11.99856   0.52218   0.33995   0.09496   0.00000   0.04739   0.33690   0.24076   0.44662   0.41843   0.19350   0.14422   0.17419   0.84737   0.00000   0.04878   0.69040   0.00000   1.68251   0.03494   0.54745   0.11203   0.16703   0.26887   0.46650   0.62588   1.78795   1.15055   0.68238   0.19213   0.00000   0.07800   0.32116   1.10796   0.00000   0.91612   0.56771   1.20040   0.07716   0.08899   0.15975   1.24101   0.00000   0.50212   0.02180   0.07187   0.00000   1.04521   0.00000   0.49064   0.00000   0.44480   0.18701   0.28256   0.03782   0.07369   0.02611   0.18129   0.02411   0.22215   0.01064   0.21997   0.03620   0.01693   0.08676   0.02508   0.00000   0.00000   0.56035   0.06862   0.11286   0.01605   0.00000   0.01536   0.08230   0.03286   0.00000   0.00000   0.08960   0.17010   0.01057   0.05161   0.00000   0.01403   0.06069   0.00000   0.03370   0.00888   0.01670   0.03359   0.06095   0.04317   0.03341   0.04841   0.05786   0.00000   0.31529   0.02776   0.26697   0.00000   0.24424   0.06660   0.02860   0.00000   0.05476   0.02164   0.65689   0.06734   0.28148   0.00000   0.27512   0.02967   0.02447   0.12568   0.14909   0.20496   0.13672   0.00000   0.02516   0.00806   0.01666   0.03325   0.05840   0.02381   0.17634   0.00000   0.29267   0.15479   0.00000   0.00000   0.46950   0.14707   0.04690   3.77384   8.56226   2.72608   1.90955   3.27692   0.42298   0.97447   1.51960   0.00000   6.33709   3.35309   1.82862   0.99172   0.47188   4.48102   1.00000  
416  5.1024  11677.856342  x:  3.66318  50.00000   3.39909  26.17267   0.00000   7.91551  16.74844  10.86311  11.71636   0.51850   0.33736   0.09707   0.00000   0.04739   0.33766   0.24078   0.44581   0.41852   0.19387   0.14394   0.17428   0.84677   0.00000   0.04695   0.68415   0.00000   1.70314   0.03373   0.54271   0.11376   0.16652   0.26913   0.46766   0.62843   1.92231   1.10162   0.70190   0.18120   0.00000   0.07803   0.30522   1.09398   0.00000   0.90009   0.58189   1.20235   0.07712   0.08907   0.16085   1.24349   0.00000   0.50465   0.02179   0.07191   0.00000   1.03645   0.00000   0.48989   0.00000   0.44355   0.18679   0.28321   0.03799   0.07360   0.02609   0.18092   0.02436   0.22223   0.01065   0.22001   0.03623   0.01691   0.08673   0.02510   0.00000   0.00000   0.55986   0.06888   0.11285   0.01599   0.00000   0.01537   0.08240   0.03286   0.00000   0.00000   0.08968   0.17019   0.01056   0.05157   0.00000   0.01403   0.06087   0.00000   0.03365   0.00869   0.01670   0.03360   0.06099   0.04320   0.03345   0.04844   0.05809   0.00000   0.31568   0.02796   0.26745   0.00000   0.24465   0.06645   0.02859   0.00000   0.05479   0.02165   0.65832   0.06715   0.28159   0.00000   0.27553   0.02954   0.02466   0.12552   0.14918   0.20492   0.13670   0.00000   0.02517   0.00802   0.01664   0.03327   0.05844   0.02364   0.17650   0.00000   0.29282   0.15477   0.00000   0.00000   0.47006   0.14719   0.04695   3.67577   8.31267   2.87713   1.88728   3.25571   0.40886   0.98927   1.53400   0.00000   6.30065   3.35201   1.82663   0.99173   0.46999   4.45328   1.00000  
417  4.0442  11677.695539  x:  3.38543  50.00000   3.17093  25.97265   0.00000   7.53727  16.56343  10.61434  11.61906   0.51655   0.33590   0.09780   0.00000   0.04728   0.33786   0.24074   0.44237   0.41712   0.19475   0.14393   0.17421   0.84541   0.00000   0.05086   0.68340   0.00000   1.69587   0.03396   0.54404   0.11332   0.16626   0.26864   0.46739   0.62724   1.81708   1.14108   0.70044   0.18326   0.00000   0.07799   0.30239   1.12063   0.00000   0.91252   0.56814   1.20586   0.07700   0.08896   0.16091   1.24570   0.00000   0.50794   0.02143   0.07225   0.00000   1.04742   0.00000   0.48731   0.00000   0.44478   0.18707   0.28261   0.03796   0.07364   0.02618   0.18093   0.02425   0.22198   0.01065   0.21989   0.03609   0.01702   0.08652   0.02505   0.00000   0.00000   0.56019   0.06864   0.11275   0.01585   0.00000   0.01543   0.08235   0.03286   0.00000   0.00000   0.08961   0.17007   0.01057   0.05131   0.00000   0.01400   0.06144   0.00000   0.03351   0.00723   0.01676   0.03361   0.06107   0.04319   0.03352   0.04857   0.05755   0.00000   0.31475   0.02773   0.26662   0.00000   0.24471   0.06642   0.02850   0.00000   0.05460   0.02161   0.65879   0.06743   0.28158   0.00000   0.27545   0.02969   0.02464   0.12563   0.14901   0.20486   0.13653   0.00000   0.02517   0.00802   0.01656   0.03324   0.05831   0.02362   0.17618   0.00000   0.29265   0.15474   0.00000   0.00000   0.46885   0.14707   0.04698   3.39801   7.90388   3.09665   1.84993   3.26162   0.40466   0.99442   1.53656   0.00000   6.27623   3.42550   1.82916   0.99238   0.46551   4.42565   1.00000  
418  1.6748  11677.595244  x:  2.99976  50.00000   2.93918  27.01533   0.00000   7.19935  16.83699  10.61269  12.06186   0.51665   0.33523   0.09731   0.00000   0.04721   0.33689   0.24040   0.43928   0.41464   0.19487   0.14405   0.17383   0.84457   0.00000   0.05041   0.68635   0.00000   1.67846   0.03352   0.54725   0.11243   0.16629   0.26829   0.46519   0.62643   1.82497   1.12106   0.69669   0.18284   0.00000   0.07779   0.31024   1.10584   0.00000   0.90486   0.56848   1.20123   0.07689   0.08879   0.16052   1.24201   0.00000   0.50740   0.02150   0.07208   0.00000   1.04060   0.00000   0.48647   0.00000   0.44157   0.18660   0.28124   0.03782   0.07349   0.02616   0.18062   0.02420   0.22159   0.01059   0.21939   0.03601   0.01697   0.08655   0.02500   0.00000   0.00000   0.55969   0.06855   0.11255   0.01601   0.00000   0.01536   0.08224   0.03276   0.00000   0.00000   0.08942   0.16975   0.01051   0.05156   0.00000   0.01397   0.06069   0.00000   0.03376   0.00671   0.01677   0.03360   0.06099   0.04304   0.03339   0.04848   0.05785   0.00000   0.31369   0.02748   0.26680   0.00000   0.24389   0.06635   0.02851   0.00000   0.05450   0.02157   0.65528   0.06719   0.28082   0.00000   0.27452   0.02955   0.02444   0.12554   0.14886   0.20458   0.13652   0.00000   0.02510   0.00796   0.01658   0.03318   0.05815   0.02365   0.17586   0.00000   0.29192   0.15454   0.00000   0.00000   0.46837   0.14681   0.04675   3.01230   7.59219   3.16401   1.87358   3.28708   0.43841   0.95910   1.47020   0.00000   6.27781   3.44318   1.83107   0.99370   0.46432   4.33488   1.00000  
419  0.9169  11677.488912  x:  2.63739  50.00000   2.79893  27.48149   0.00000   6.62884  16.83720  10.38982  12.44304   0.51907   0.33794   0.09518   0.00000   0.04725   0.33591   0.23977   0.44104   0.41511   0.19330   0.14402   0.17304   0.84836   0.00000   0.05086   0.69022   0.00000   1.66820   0.03469   0.55070   0.11068   0.16782   0.26843   0.46415   0.62666   1.81992   1.12518   0.69341   0.18150   0.00000   0.07756   0.31605   1.09258   0.00000   0.90554   0.56748   1.19724   0.07658   0.08882   0.15915   1.24006   0.00000   0.50390   0.02149   0.07192   0.00000   1.02740   0.00000   0.48756   0.00000   0.43989   0.18624   0.28082   0.03761   0.07331   0.02595   0.18043   0.02399   0.22116   0.01054   0.21913   0.03621   0.01633   0.08664   0.02496   0.00000   0.00000   0.55938   0.06885   0.11259   0.01609   0.00000   0.01516   0.08232   0.03262   0.00000   0.00000   0.08942   0.16930   0.01041   0.05185   0.00000   0.01393   0.05983   0.00000   0.03388   0.00852   0.01663   0.03343   0.06073   0.04298   0.03316   0.04812   0.05878   0.00000   0.31443   0.02737   0.26691   0.00000   0.24344   0.06648   0.02851   0.00000   0.05457   0.02154   0.65115   0.06731   0.28021   0.00000   0.27386   0.02962   0.02447   0.12554   0.14903   0.20427   0.13603   0.00000   0.02504   0.00756   0.01664   0.03307   0.05814   0.02365   0.17570   0.00000   0.29153   0.15441   0.00000   0.00000   0.46916   0.14675   0.04676   2.64990   7.25644   3.42845   1.95521   3.21773   0.44731   0.94864   1.52097   0.00000   6.31798   3.33255   1.82758   0.99359   0.46724   4.40331   1.00000  
420  0.5264  11677.428640  x:  2.55485  50.00000   2.91237  27.95172   0.00000   6.26419  16.84402  10.25168  12.87773   0.51439   0.33706   0.09743   0.00000   0.04770   0.33687   0.24025   0.44283   0.41808   0.19364   0.14418   0.17366   0.85217   0.00000   0.05127   0.69230   0.00000   1.69101   0.03459   0.54626   0.11227   0.16812   0.26798   0.46677   0.62759   1.82759   1.14595   0.69656   0.18183   0.00000   0.07814   0.30755   1.10604   0.00000   0.91802   0.56429   1.21073   0.07703   0.08926   0.15990   1.24914   0.00000   0.50665   0.02164   0.07190   0.00000   1.03190   0.00000   0.48838   0.00000   0.44382   0.18718   0.28270   0.03805   0.07362   0.02620   0.18133   0.02435   0.22220   0.01053   0.22010   0.03628   0.01681   0.08690   0.02513   0.00000   0.00000   0.56121   0.06846   0.11326   0.01627   0.00000   0.01503   0.08231   0.03284   0.00000   0.00000   0.08966   0.17005   0.01024   0.05143   0.00000   0.01407   0.06084   0.00000   0.03346   0.00838   0.01646   0.03349   0.06081   0.04319   0.03321   0.04825   0.05871   0.00000   0.31522   0.02805   0.26734   0.00000   0.24457   0.06662   0.02868   0.00000   0.05497   0.02169   0.65373   0.06736   0.28094   0.00000   0.27509   0.02959   0.02475   0.12539   0.14936   0.20464   0.13663   0.00000   0.02510   0.00808   0.01684   0.03325   0.05855   0.02356   0.17676   0.00000   0.29277   0.15459   0.00000   0.00000   0.47052   0.14732   0.04690   2.56741   7.23234   3.65528   1.97964   3.32355   0.44149   0.94913   1.51449   0.00000   6.33013   3.27568   1.82745   0.99263   0.46771   4.39290   1.00000  
421  0.4192  11677.404337  x:  2.49134  50.00000   2.98783  28.46180   0.00000   6.05682  16.90102  10.19776  13.24309   0.51500   0.33599   0.09802   0.00000   0.04761   0.33746   0.24065   0.44240   0.41746   0.19434   0.14428   0.17414   0.84940   0.00000   0.05106   0.68836   0.00000   1.69119   0.03416   0.54617   0.11247   0.16760   0.26848   0.46678   0.62775   1.82839   1.14096   0.69840   0.18237   0.00000   0.07812   0.30692   1.10983   0.00000   0.91310   0.56782   1.20630   0.07708   0.08921   0.16035   1.24632   0.00000   0.50756   0.02166   0.07202   0.00000   1.03891   0.00000   0.48839   0.00000   0.44394   0.18727   0.28274   0.03802   0.07370   0.02614   0.18134   0.02435   0.22236   0.01058   0.22010   0.03623   0.01701   0.08689   0.02511   0.00000   0.00000   0.56127   0.06856   0.11312   0.01618   0.00000   0.01522   0.08238   0.03287   0.00000   0.00000   0.08969   0.17024   0.01044   0.05153   0.00000   0.01405   0.06089   0.00000   0.03360   0.00820   0.01663   0.03360   0.06098   0.04319   0.03336   0.04842   0.05823   0.00000   0.31507   0.02801   0.26752   0.00000   0.24468   0.06658   0.02865   0.00000   0.05487   0.02167   0.65659   0.06737   0.28134   0.00000   0.27527   0.02957   0.02471   0.12559   0.14929   0.20494   0.13682   0.00000   0.02515   0.00817   0.01676   0.03327   0.05849   0.02361   0.17670   0.00000   0.29282   0.15478   0.00000   0.00000   0.47018   0.14734   0.04687   2.50391   7.20656   3.72397   1.97203   3.24085   0.46176   0.93484   1.50700   0.00000   6.34283   3.36844   1.82733   0.99241   0.46633   4.37104   1.00000  
422  0.4986  11677.388092  x:  2.47911  50.00000   3.08761  28.44493   0.00000   5.89776  16.76249  10.06843  13.42830   0.51661   0.33697   0.09684   0.00000   0.04754   0.33705   0.24038   0.44164   0.41642   0.19408   0.14436   0.17387   0.84896   0.00000   0.05085   0.69019   0.00000   1.67955   0.03404   0.54844   0.11156   0.16776   0.26889   0.46556   0.62729   1.82403   1.12958   0.69653   0.18226   0.00000   0.07799   0.31349   1.09966   0.00000   0.90916   0.56800   1.20318   0.07695   0.08911   0.15956   1.24441   0.00000   0.50646   0.02167   0.07199   0.00000   1.03373   0.00000   0.48826   0.00000   0.44196   0.18675   0.28223   0.03797   0.07358   0.02611   0.18102   0.02440   0.22211   0.01057   0.21985   0.03624   0.01698   0.08691   0.02508   0.00000   0.00000   0.56075   0.06869   0.11297   0.01623   0.00000   0.01522   0.08235   0.03281   0.00000   0.00000   0.08963   0.17003   0.01040   0.05174   0.00000   0.01402   0.06045   0.00000   0.03376   0.00774   0.01666   0.03358   0.06096   0.04313   0.03331   0.04838   0.05854   0.00000   0.31525   0.02779   0.26765   0.00000   0.24417   0.06660   0.02864   0.00000   0.05481   0.02164   0.65434   0.06729   0.28109   0.00000   0.27471   0.02955   0.02462   0.12560   0.14924   0.20486   0.13670   0.00000   0.02512   0.00814   0.01676   0.03322   0.05840   0.02370   0.17644   0.00000   0.29231   0.15474   0.00000   0.00000   0.47001   0.14721   0.04676   2.49168   7.16566   3.67841   1.90238   3.27269   0.44958   0.94744   1.49953   0.00000   6.31653   3.36404   1.82634   0.99255   0.46635   4.37363   1.00000  
423  0.1803  11677.379318  x:  2.50209  50.00000   3.18185  28.25423   0.00000   5.88595  16.60284   9.99883  13.51533   0.51497   0.33739   0.09677   0.00000   0.04760   0.33684   0.24016   0.44218   0.41706   0.19371   0.14420   0.17369   0.85010   0.00000   0.05140   0.69222   0.00000   1.68108   0.03400   0.54799   0.11192   0.16795   0.26841   0.46600   0.62698   1.82250   1.12805   0.69649   0.18172   0.00000   0.07802   0.31147   1.10093   0.00000   0.91179   0.56714   1.20545   0.07694   0.08919   0.16015   1.24658   0.00000   0.50627   0.02164   0.07194   0.00000   1.03280   0.00000   0.48817   0.00000   0.44260   0.18689   0.28228   0.03796   0.07356   0.02611   0.18108   0.02432   0.22208   0.01055   0.21994   0.03626   0.01680   0.08686   0.02510   0.00000   0.00000   0.56100   0.06859   0.11305   0.01625   0.00000   0.01511   0.08231   0.03281   0.00000   0.00000   0.08960   0.17000   0.01025   0.05169   0.00000   0.01404   0.06036   0.00000   0.03369   0.00773   0.01654   0.03351   0.06087   0.04314   0.03323   0.04827   0.05867   0.00000   0.31523   0.02779   0.26736   0.00000   0.24411   0.06666   0.02865   0.00000   0.05488   0.02166   0.65294   0.06737   0.28092   0.00000   0.27483   0.02956   0.02465   0.12548   0.14928   0.20465   0.13659   0.00000   0.02510   0.00803   0.01679   0.03322   0.05846   0.02364   0.17653   0.00000   0.29242   0.15464   0.00000   0.00000   0.47021   0.14722   0.04681   2.51466   7.22645   3.55826   1.94284   3.23460   0.45986   0.93149   1.49770   0.00000   6.29889   3.34164   1.82638   0.99276   0.46701   4.37763   1.00000  
424  0.1554  11677.373513  x:  2.43224  50.00000   3.20043  28.28474   0.00000   5.83796  16.50896   9.95954  13.66939   0.51429   0.33641   0.09728   0.00000   0.04753   0.33694   0.24029   0.44200   0.41687   0.19390   0.14407   0.17382   0.84834   0.00000   0.05169   0.68819   0.00000   1.68465   0.03381   0.54645   0.11239   0.16763   0.26834   0.46601   0.62682   1.82336   1.13208   0.69661   0.18211   0.00000   0.07796   0.30706   1.10358   0.00000   0.90916   0.56847   1.20469   0.07693   0.08910   0.15968   1.24408   0.00000   0.50649   0.02160   0.07199   0.00000   1.03475   0.00000   0.48776   0.00000   0.44280   0.18694   0.28219   0.03792   0.07354   0.02608   0.18104   0.02424   0.22198   0.01057   0.21983   0.03621   0.01674   0.08676   0.02508   0.00000   0.00000   0.56058   0.06861   0.11294   0.01612   0.00000   0.01518   0.08232   0.03281   0.00000   0.00000   0.08958   0.16993   0.01038   0.05159   0.00000   0.01402   0.06055   0.00000   0.03366   0.00802   0.01660   0.03352   0.06089   0.04314   0.03330   0.04832   0.05840   0.00000   0.31493   0.02780   0.26716   0.00000   0.24426   0.06655   0.02860   0.00000   0.05478   0.02164   0.65453   0.06734   0.28101   0.00000   0.27491   0.02958   0.02464   0.12550   0.14918   0.20467   0.13656   0.00000   0.02511   0.00793   0.01671   0.03322   0.05839   0.02363   0.17639   0.00000   0.29246   0.15463   0.00000   0.00000   0.46974   0.14712   0.04686   2.44479   7.25388   3.49758   1.93809   3.25528   0.45065   0.94346   1.50671   0.00000   6.30424   3.33859   1.82654   0.99298   0.46690   4.37642   1.00000  
425  0.1387  11677.370218  x:  2.39545  50.00000   3.20732  28.19661   0.00000   5.86459  16.40804   9.96898  13.73471   0.51576   0.33683   0.09701   0.00000   0.04752   0.33707   0.24035   0.44155   0.41649   0.19410   0.14427   0.17372   0.84904   0.00000   0.05153   0.69015   0.00000   1.68397   0.03408   0.54759   0.11181   0.16787   0.26849   0.46589   0.62742   1.82554   1.13701   0.69735   0.18169   0.00000   0.07799   0.31170   1.10370   0.00000   0.91251   0.56584   1.20374   0.07692   0.08909   0.15994   1.24532   0.00000   0.50649   0.02162   0.07199   0.00000   1.03482   0.00000   0.48811   0.00000   0.44255   0.18686   0.28229   0.03798   0.07358   0.02611   0.18097   0.02438   0.22201   0.01056   0.21981   0.03622   0.01691   0.08685   0.02507   0.00000   0.00000   0.56068   0.06865   0.11301   0.01618   0.00000   0.01519   0.08237   0.03280   0.00000   0.00000   0.08963   0.16996   0.01042   0.05157   0.00000   0.01402   0.06075   0.00000   0.03364   0.00801   0.01664   0.03357   0.06092   0.04313   0.03330   0.04837   0.05846   0.00000   0.31498   0.02783   0.26739   0.00000   0.24435   0.06653   0.02862   0.00000   0.05479   0.02163   0.65498   0.06733   0.28099   0.00000   0.27476   0.02959   0.02464   0.12558   0.14921   0.20478   0.13659   0.00000   0.02511   0.00806   0.01674   0.03322   0.05839   0.02363   0.17639   0.00000   0.29235   0.15469   0.00000   0.00000   0.46981   0.14718   0.04683   2.40801   7.32907   3.47322   1.93895   3.26366   0.45699   0.93818   1.49941   0.00000   6.31202   3.36511   1.82690   0.99289   0.46664   4.36746   1.00000  
426  0.0815  11677.368219  x:  2.36241  50.00000   3.20090  28.17528   0.00000   5.89424  16.34518  10.01656  13.80446   0.51532   0.33683   0.09707   0.00000   0.04755   0.33706   0.24037   0.44205   0.41687   0.19403   0.14423   0.17385   0.84907   0.00000   0.05143   0.69009   0.00000   1.68266   0.03412   0.54738   0.11193   0.16786   0.26862   0.46586   0.62719   1.82318   1.13312   0.69679   0.18208   0.00000   0.07801   0.30937   1.10274   0.00000   0.91060   0.56738   1.20463   0.07694   0.08915   0.15982   1.24527   0.00000   0.50656   0.02163   0.07200   0.00000   1.03427   0.00000   0.48814   0.00000   0.44254   0.18692   0.28225   0.03796   0.07358   0.02612   0.18106   0.02432   0.22209   0.01056   0.21989   0.03624   0.01688   0.08685   0.02508   0.00000   0.00000   0.56067   0.06866   0.11300   0.01618   0.00000   0.01519   0.08236   0.03281   0.00000   0.00000   0.08963   0.17001   0.01038   0.05165   0.00000   0.01403   0.06059   0.00000   0.03369   0.00792   0.01662   0.03355   0.06093   0.04315   0.03331   0.04836   0.05850   0.00000   0.31509   0.02783   0.26738   0.00000   0.24430   0.06659   0.02863   0.00000   0.05481   0.02164   0.65449   0.06735   0.28111   0.00000   0.27489   0.02958   0.02465   0.12557   0.14924   0.20476   0.13664   0.00000   0.02512   0.00805   0.01674   0.03323   0.05842   0.02366   0.17645   0.00000   0.29246   0.15471   0.00000   0.00000   0.46993   0.14719   0.04684   2.37498   7.38406   3.47017   1.91986   3.25330   0.45410   0.94024   1.50679   0.00000   6.31936   3.36060   1.82642   0.99279   0.46677   4.36885   1.00000  
427  0.0611  11677.367608  x:  2.34173  50.00000   3.18373  28.12560   0.00000   5.86316  16.28608  10.03169  13.82430   0.51509   0.33688   0.09712   0.00000   0.04758   0.33709   0.24034   0.44198   0.41695   0.19395   0.14423   0.17383   0.84918   0.00000   0.05167   0.68965   0.00000   1.68389   0.03411   0.54745   0.11204   0.16781   0.26848   0.46621   0.62717   1.82374   1.13165   0.69722   0.18188   0.00000   0.07802   0.31015   1.10284   0.00000   0.91098   0.56764   1.20485   0.07697   0.08917   0.15993   1.24530   0.00000   0.50662   0.02164   0.07199   0.00000   1.03466   0.00000   0.48814   0.00000   0.44291   0.18697   0.28243   0.03798   0.07358   0.02609   0.18112   0.02434   0.22213   0.01056   0.21996   0.03624   0.01684   0.08685   0.02510   0.00000   0.00000   0.56106   0.06861   0.11304   0.01618   0.00000   0.01516   0.08234   0.03282   0.00000   0.00000   0.08963   0.17005   0.01035   0.05164   0.00000   0.01404   0.06054   0.00000   0.03368   0.00790   0.01660   0.03355   0.06092   0.04316   0.03329   0.04834   0.05850   0.00000   0.31520   0.02782   0.26742   0.00000   0.24431   0.06661   0.02864   0.00000   0.05485   0.02166   0.65444   0.06735   0.28107   0.00000   0.27494   0.02957   0.02465   0.12554   0.14927   0.20479   0.13665   0.00000   0.02512   0.00802   0.01675   0.03324   0.05844   0.02365   0.17653   0.00000   0.29250   0.15471   0.00000   0.00000   0.47010   0.14724   0.04684   2.35429   7.34784   3.49315   1.91932   3.25322   0.45587   0.93842   1.50102   0.00000   6.31431   3.36774   1.82629   0.99281   0.46709   4.37189   1.00000  
428  0.0433  11677.366733  x:  2.36888  50.00000   3.18626  28.12997   0.00000   5.89111  16.24393  10.13546  13.87078   0.51531   0.33688   0.09709   0.00000   0.04757   0.33709   0.24034   0.44188   0.41684   0.19395   0.14424   0.17381   0.84912   0.00000   0.05154   0.68943   0.00000   1.68395   0.03406   0.54745   0.11206   0.16782   0.26849   0.46621   0.62725   1.82510   1.13252   0.69733   0.18183   0.00000   0.07800   0.31061   1.10336   0.00000   0.91089   0.56786   1.20462   0.07696   0.08915   0.15985   1.24506   0.00000   0.50665   0.02163   0.07199   0.00000   1.03502   0.00000   0.48815   0.00000   0.44292   0.18694   0.28244   0.03797   0.07358   0.02608   0.18109   0.02435   0.22211   0.01056   0.21992   0.03624   0.01681   0.08686   0.02509   0.00000   0.00000   0.56106   0.06861   0.11304   0.01619   0.00000   0.01517   0.08235   0.03282   0.00000   0.00000   0.08963   0.17003   0.01037   0.05162   0.00000   0.01403   0.06057   0.00000   0.03367   0.00793   0.01661   0.03355   0.06092   0.04315   0.03329   0.04834   0.05847   0.00000   0.31523   0.02781   0.26745   0.00000   0.24433   0.06659   0.02864   0.00000   0.05484   0.02165   0.65468   0.06734   0.28104   0.00000   0.27490   0.02958   0.02465   0.12554   0.14926   0.20480   0.13663   0.00000   0.02512   0.00801   0.01676   0.03323   0.05843   0.02364   0.17650   0.00000   0.29249   0.15470   0.00000   0.00000   0.47009   0.14725   0.04683   2.38144   7.34726   3.49424   1.92208   3.25690   0.45452   0.94052   1.50196   0.00000   6.31572   3.36649   1.82649   0.99282   0.46691   4.37216   1.00000  
429  0.0514  11677.366529  x:  2.35952  50.00000   3.17838  28.13301   0.00000   5.86458  16.22017  10.14558  13.89253   0.51543   0.33688   0.09705   0.00000   0.04755   0.33707   0.24036   0.44198   0.41684   0.19400   0.14424   0.17382   0.84913   0.00000   0.05137   0.68999   0.00000   1.68317   0.03410   0.54741   0.11197   0.16788   0.26855   0.46597   0.62723   1.82394   1.13337   0.69703   0.18194   0.00000   0.07801   0.30984   1.10318   0.00000   0.91098   0.56739   1.20468   0.07695   0.08914   0.15984   1.24532   0.00000   0.50659   0.02163   0.07200   0.00000   1.03461   0.00000   0.48814   0.00000   0.44267   0.18693   0.28230   0.03796   0.07358   0.02611   0.18106   0.02433   0.22209   0.01056   0.21990   0.03623   0.01685   0.08685   0.02508   0.00000   0.00000   0.56079   0.06864   0.11301   0.01619   0.00000   0.01518   0.08236   0.03281   0.00000   0.00000   0.08963   0.17001   0.01038   0.05163   0.00000   0.01403   0.06060   0.00000   0.03368   0.00793   0.01662   0.03355   0.06092   0.04314   0.03330   0.04835   0.05849   0.00000   0.31511   0.02782   0.26740   0.00000   0.24431   0.06658   0.02863   0.00000   0.05482   0.02164   0.65457   0.06735   0.28108   0.00000   0.27488   0.02958   0.02465   0.12557   0.14924   0.20477   0.13663   0.00000   0.02512   0.00803   0.01675   0.03323   0.05842   0.02365   0.17646   0.00000   0.29247   0.15470   0.00000   0.00000   0.46998   0.14720   0.04684   2.37208   7.33095   3.50104   1.92532   3.25454   0.45510   0.93942   1.50457   0.00000   6.31613   3.36097   1.82650   0.99284   0.46682   4.36832   1.00000  
430  0.0410  11677.366405  x:  2.36868  50.00000   3.16600  28.13022   0.00000   5.85105  16.20070  10.16364  13.88384   0.51539   0.33686   0.09707   0.00000   0.04755   0.33711   0.24039   0.44203   0.41691   0.19404   0.14424   0.17384   0.84912   0.00000   0.05151   0.68989   0.00000   1.68396   0.03409   0.54749   0.11198   0.16784   0.26858   0.46601   0.62721   1.82402   1.13300   0.69697   0.18204   0.00000   0.07801   0.30958   1.10260   0.00000   0.91106   0.56724   1.20493   0.07696   0.08915   0.15989   1.24537   0.00000   0.50656   0.02163   0.07200   0.00000   1.03431   0.00000   0.48812   0.00000   0.44267   0.18696   0.28231   0.03797   0.07358   0.02611   0.18109   0.02432   0.22210   0.01057   0.21993   0.03624   0.01689   0.08684   0.02509   0.00000   0.00000   0.56081   0.06866   0.11300   0.01617   0.00000   0.01519   0.08236   0.03282   0.00000   0.00000   0.08963   0.17003   0.01037   0.05164   0.00000   0.01403   0.06058   0.00000   0.03369   0.00795   0.01661   0.03355   0.06093   0.04316   0.03331   0.04836   0.05849   0.00000   0.31507   0.02783   0.26738   0.00000   0.24433   0.06659   0.02863   0.00000   0.05482   0.02165   0.65454   0.06736   0.28114   0.00000   0.27495   0.02958   0.02465   0.12558   0.14926   0.20478   0.13665   0.00000   0.02512   0.00804   0.01673   0.03323   0.05843   0.02366   0.17648   0.00000   0.29246   0.15472   0.00000   0.00000   0.46997   0.14721   0.04685   2.38124   7.33971   3.48477   1.92257   3.25477   0.45554   0.93899   1.50498   0.00000   6.31873   3.36415   1.82648   0.99280   0.46687   4.36877   1.00000  
431  0.0089  11677.366321  x:  2.37102  50.00000   3.15148  28.15002   0.00000   5.83642  16.19185  10.17829  13.88073   0.51540   0.33688   0.09708   0.00000   0.04756   0.33710   0.24037   0.44196   0.41686   0.19401   0.14424   0.17383   0.84917   0.00000   0.05141   0.68990   0.00000   1.68333   0.03410   0.54741   0.11201   0.16784   0.26855   0.46606   0.62723   1.82431   1.13333   0.69715   0.18192   0.00000   0.07801   0.30999   1.10319   0.00000   0.91096   0.56747   1.20470   0.07695   0.08916   0.15988   1.24527   0.00000   0.50662   0.02163   0.07199   0.00000   1.03466   0.00000   0.48817   0.00000   0.44276   0.18694   0.28235   0.03797   0.07358   0.02610   0.18108   0.02434   0.22211   0.01056   0.21992   0.03624   0.01687   0.08686   0.02509   0.00000   0.00000   0.56090   0.06863   0.11303   0.01618   0.00000   0.01518   0.08236   0.03282   0.00000   0.00000   0.08963   0.17003   0.01038   0.05163   0.00000   0.01403   0.06060   0.00000   0.03368   0.00792   0.01662   0.03355   0.06093   0.04315   0.03330   0.04835   0.05849   0.00000   0.31515   0.02783   0.26742   0.00000   0.24434   0.06659   0.02863   0.00000   0.05483   0.02165   0.65466   0.06735   0.28108   0.00000   0.27491   0.02958   0.02465   0.12556   0.14926   0.20479   0.13664   0.00000   0.02512   0.00804   0.01675   0.03323   0.05843   0.02365   0.17649   0.00000   0.29250   0.15471   0.00000   0.00000   0.47001   0.14722   0.04684   2.38358   7.34835   3.47864   1.92379   3.25400   0.45516   0.93942   1.50495   0.00000   6.31834   3.36155   1.82647   0.99281   0.46687   4.36917   1.00000  
432  0.0174  11677.366301  x:  2.37282  50.00000   3.14890  28.15228   0.00000   5.83368  16.18459  10.17946  13.87778   0.51538   0.33686   0.09708   0.00000   0.04756   0.33707   0.24037   0.44200   0.41687   0.19400   0.14424   0.17383   0.84911   0.00000   0.05141   0.68988   0.00000   1.68336   0.03410   0.54742   0.11197   0.16788   0.26855   0.46600   0.62723   1.82382   1.13308   0.69704   0.18196   0.00000   0.07801   0.30983   1.10308   0.00000   0.91094   0.56743   1.20464   0.07695   0.08914   0.15985   1.24529   0.00000   0.50661   0.02163   0.07200   0.00000   1.03468   0.00000   0.48815   0.00000   0.44270   0.18694   0.28232   0.03796   0.07359   0.02611   0.18108   0.02433   0.22210   0.01056   0.21991   0.03624   0.01685   0.08685   0.02508   0.00000   0.00000   0.56082   0.06864   0.11302   0.01619   0.00000   0.01518   0.08236   0.03281   0.00000   0.00000   0.08963   0.17002   0.01038   0.05163   0.00000   0.01403   0.06059   0.00000   0.03368   0.00793   0.01662   0.03355   0.06093   0.04315   0.03330   0.04835   0.05849   0.00000   0.31513   0.02782   0.26741   0.00000   0.24431   0.06659   0.02863   0.00000   0.05482   0.02165   0.65457   0.06735   0.28109   0.00000   0.27490   0.02958   0.02465   0.12557   0.14925   0.20478   0.13664   0.00000   0.02512   0.00803   0.01675   0.03323   0.05842   0.02365   0.17647   0.00000   0.29247   0.15471   0.00000   0.00000   0.47000   0.14721   0.04684   2.38538   7.35340   3.48040   1.92326   3.25449   0.45505   0.93955   1.50429   0.00000   6.31588   3.36280   1.82647   0.99282   0.46687   4.36870   1.00000  
433  0.0054  11677.366292  x:  2.37275  50.00000   3.14774  28.16175   0.00000   5.83364  16.18151  10.17954  13.87789   0.51542   0.33689   0.09705   0.00000   0.04755   0.33709   0.24037   0.44196   0.41685   0.19401   0.14424   0.17382   0.84913   0.00000   0.05145   0.68992   0.00000   1.68344   0.03410   0.54745   0.11198   0.16785   0.26855   0.46601   0.62722   1.82424   1.13315   0.69707   0.18193   0.00000   0.07801   0.30989   1.10300   0.00000   0.91098   0.56738   1.20474   0.07695   0.08915   0.15985   1.24528   0.00000   0.50658   0.02163   0.07199   0.00000   1.03450   0.00000   0.48813   0.00000   0.44271   0.18694   0.28233   0.03797   0.07358   0.02610   0.18107   0.02433   0.22209   0.01056   0.21991   0.03624   0.01686   0.08685   0.02509   0.00000   0.00000   0.56084   0.06864   0.11301   0.01618   0.00000   0.01518   0.08236   0.03282   0.00000   0.00000   0.08963   0.17002   0.01037   0.05163   0.00000   0.01403   0.06059   0.00000   0.03368   0.00793   0.01661   0.03355   0.06092   0.04315   0.03330   0.04835   0.05849   0.00000   0.31511   0.02782   0.26739   0.00000   0.24432   0.06659   0.02863   0.00000   0.05482   0.02165   0.65457   0.06735   0.28109   0.00000   0.27491   0.02958   0.02465   0.12556   0.14925   0.20477   0.13663   0.00000   0.02512   0.00803   0.01674   0.03323   0.05842   0.02365   0.17647   0.00000   0.29247   0.15471   0.00000   0.00000   0.46998   0.14721   0.04684   2.38530   7.35404   3.48228   1.92261   3.25411   0.45485   0.93966   1.50532   0.00000   6.31590   3.36329   1.82650   0.99283   0.46686   4.36903   1.00000  
434  0.0042  11677.366278  x:  2.37301  50.00000   3.14595  28.17563   0.00000   5.83876  16.17013  10.17781  13.87329   0.51538   0.33687   0.09707   0.00000   0.04756   0.33708   0.24037   0.44197   0.41685   0.19400   0.14424   0.17382   0.84912   0.00000   0.05142   0.68989   0.00000   1.68327   0.03410   0.54742   0.11199   0.16785   0.26854   0.46603   0.62725   1.82390   1.13330   0.69706   0.18195   0.00000   0.07801   0.30988   1.10311   0.00000   0.91094   0.56741   1.20471   0.07695   0.08915   0.15988   1.24530   0.00000   0.50661   0.02163   0.07199   0.00000   1.03460   0.00000   0.48816   0.00000   0.44272   0.18694   0.28232   0.03797   0.07358   0.02611   0.18108   0.02433   0.22210   0.01056   0.21991   0.03624   0.01686   0.08685   0.02509   0.00000   0.00000   0.56085   0.06864   0.11302   0.01618   0.00000   0.01518   0.08236   0.03282   0.00000   0.00000   0.08963   0.17002   0.01038   0.05163   0.00000   0.01403   0.06060   0.00000   0.03368   0.00793   0.01662   0.03355   0.06092   0.04315   0.03330   0.04835   0.05849   0.00000   0.31512   0.02782   0.26742   0.00000   0.24433   0.06659   0.02863   0.00000   0.05482   0.02165   0.65462   0.06735   0.28107   0.00000   0.27490   0.02958   0.02465   0.12556   0.14925   0.20478   0.13663   0.00000   0.02512   0.00803   0.01675   0.03323   0.05842   0.02365   0.17648   0.00000   0.29249   0.15470   0.00000   0.00000   0.47000   0.14722   0.04684   2.38557   7.35131   3.48280   1.92194   3.25385   0.45518   0.93937   1.50512   0.00000   6.31671   3.36326   1.82651   0.99283   0.46687   4.36848   1.00000  
435  0.0040  11677.366274  x:  2.37227  50.00000   3.14582  28.18488   0.00000   5.83984  16.16840  10.17774  13.87482   0.51537   0.33687   0.09707   0.00000   0.04756   0.33708   0.24036   0.44198   0.41687   0.19400   0.14424   0.17382   0.84914   0.00000   0.05144   0.68990   0.00000   1.68342   0.03410   0.54742   0.11198   0.16787   0.26855   0.46602   0.62723   1.82406   1.13317   0.69705   0.18194   0.00000   0.07801   0.30987   1.10306   0.00000   0.91100   0.56739   1.20469   0.07695   0.08915   0.15986   1.24530   0.00000   0.50660   0.02163   0.07200   0.00000   1.03459   0.00000   0.48814   0.00000   0.44271   0.18694   0.28233   0.03797   0.07358   0.02611   0.18108   0.02433   0.22210   0.01056   0.21991   0.03624   0.01686   0.08685   0.02509   0.00000   0.00000   0.56084   0.06864   0.11302   0.01618   0.00000   0.01518   0.08236   0.03282   0.00000   0.00000   0.08963   0.17002   0.01038   0.05163   0.00000   0.01403   0.06059   0.00000   0.03368   0.00793   0.01662   0.03355   0.06092   0.04315   0.03330   0.04835   0.05849   0.00000   0.31513   0.02782   0.26740   0.00000   0.24432   0.06659   0.02863   0.00000   0.05482   0.02165   0.65458   0.06735   0.28109   0.00000   0.27490   0.02958   0.02465   0.12556   0.14925   0.20478   0.13664   0.00000   0.02512   0.00803   0.01675   0.03323   0.05842   0.02365   0.17647   0.00000   0.29248   0.15471   0.00000   0.00000   0.47000   0.14721   0.04684   2.38483   7.35072   3.48250   1.92293   3.25418   0.45518   0.93937   1.50474   0.00000   6.31676   3.36278   1.82648   0.99282   0.46686   4.36863   1.00000  
436  0.0067  11677.366274  x:  2.37235  50.00000   3.14594  28.18409   0.00000   5.83993  16.16778  10.17759  13.87429   0.51539   0.33687   0.09707   0.00000   0.04756   0.33708   0.24037   0.44198   0.41686   0.19401   0.14424   0.17383   0.84913   0.00000   0.05144   0.68990   0.00000   1.68338   0.03410   0.54743   0.11198   0.16786   0.26855   0.46601   0.62723   1.82405   1.13316   0.69707   0.18194   0.00000   0.07801   0.30987   1.10306   0.00000   0.91096   0.56741   1.20470   0.07695   0.08915   0.15985   1.24529   0.00000   0.50660   0.02163   0.07200   0.00000   1.03459   0.00000   0.48815   0.00000   0.44271   0.18694   0.28233   0.03797   0.07358   0.02611   0.18108   0.02433   0.22210   0.01056   0.21991   0.03624   0.01686   0.08685   0.02509   0.00000   0.00000   0.56084   0.06864   0.11302   0.01618   0.00000   0.01518   0.08236   0.03282   0.00000   0.00000   0.08963   0.17002   0.01038   0.05163   0.00000   0.01403   0.06059   0.00000   0.03368   0.00793   0.01662   0.03355   0.06093   0.04315   0.03330   0.04835   0.05849   0.00000   0.31512   0.02782   0.26741   0.00000   0.24432   0.06659   0.02863   0.00000   0.05482   0.02165   0.65459   0.06735   0.28109   0.00000   0.27490   0.02958   0.02465   0.12556   0.14925   0.20478   0.13664   0.00000   0.02512   0.00803   0.01675   0.03323   0.05842   0.02365   0.17647   0.00000   0.29248   0.15471   0.00000   0.00000   0.46999   0.14721   0.04684   2.38491   7.35060   3.48245   1.92314   3.25417   0.45511   0.93944   1.50479   0.00000   6.31640   3.36269   1.82648   0.99282   0.46686   4.36863   1.00000  
437  0.0010  11677.366274  x:  2.37227  50.00000   3.14603  28.18442   0.00000   5.83996  16.16791  10.17773  13.87425   0.51539   0.33687   0.09707   0.00000   0.04756   0.33708   0.24037   0.44198   0.41686   0.19401   0.14424   0.17383   0.84913   0.00000   0.05144   0.68991   0.00000   1.68338   0.03410   0.54743   0.11198   0.16786   0.26855   0.46602   0.62723   1.82403   1.13316   0.69706   0.18194   0.00000   0.07801   0.30987   1.10304   0.00000   0.91096   0.56741   1.20470   0.07695   0.08915   0.15986   1.24529   0.00000   0.50660   0.02163   0.07200   0.00000   1.03459   0.00000   0.48815   0.00000   0.44271   0.18694   0.28233   0.03797   0.07358   0.02611   0.18108   0.02433   0.22210   0.01056   0.21991   0.03624   0.01686   0.08685   0.02509   0.00000   0.00000   0.56084   0.06864   0.11302   0.01618   0.00000   0.01518   0.08236   0.03282   0.00000   0.00000   0.08963   0.17002   0.01038   0.05163   0.00000   0.01403   0.06059   0.00000   0.03368   0.00793   0.01662   0.03355   0.06093   0.04315   0.03330   0.04835   0.05849   0.00000   0.31513   0.02782   0.26741   0.00000   0.24432   0.06659   0.02863   0.00000   0.05482   0.02165   0.65458   0.06735   0.28109   0.00000   0.27490   0.02958   0.02465   0.12556   0.14925   0.20478   0.13664   0.00000   0.02512   0.00803   0.01675   0.03323   0.05842   0.02365   0.17647   0.00000   0.29248   0.15471   0.00000   0.00000   0.47000   0.14721   0.04684   2.38483   7.35058   3.48240   1.92313   3.25417   0.45508   0.93947   1.50482   0.00000   6.31624   3.36273   1.82648   0.99282   0.46686   4.36862   1.00000  
438  0.0002  11677.366274  x:  2.37215  50.00000   3.14636  28.18432   0.00000   5.83986  16.16778  10.17784  13.87409   0.51538   0.33687   0.09707   0.00000   0.04756   0.33708   0.24037   0.44198   0.41686   0.19401   0.14424   0.17383   0.84913   0.00000   0.05144   0.68990   0.00000   1.68339   0.03410   0.54743   0.11198   0.16786   0.26855   0.46602   0.62723   1.82404   1.13316   0.69706   0.18194   0.00000   0.07801   0.30987   1.10305   0.00000   0.91097   0.56741   1.20469   0.07695   0.08915   0.15986   1.24529   0.00000   0.50660   0.02163   0.07200   0.00000   1.03459   0.00000   0.48815   0.00000   0.44271   0.18694   0.28233   0.03797   0.07358   0.02611   0.18108   0.02433   0.22210   0.01056   0.21991   0.03624   0.01686   0.08685   0.02509   0.00000   0.00000   0.56084   0.06864   0.11302   0.01618   0.00000   0.01518   0.08236   0.03282   0.00000   0.00000   0.08963   0.17002   0.01038   0.05163   0.00000   0.01403   0.06059   0.00000   0.03368   0.00793   0.01662   0.03355   0.06093   0.04315   0.03330   0.04835   0.05849   0.00000   0.31513   0.02782   0.26741   0.00000   0.24432   0.06659   0.02863   0.00000   0.05482   0.02165   0.65458   0.06735   0.28109   0.00000   0.27490   0.02958   0.02465   0.12556   0.14925   0.20478   0.13664   0.00000   0.02512   0.00803   0.01675   0.03323   0.05842   0.02365   0.17647   0.00000   0.29248   0.15471   0.00000   0.00000   0.47000   0.14721   0.04684   2.38471   7.35060   3.48236   1.92307   3.25413   0.45508   0.93947   1.50486   0.00000   6.31614   3.36273   1.82648   0.99282   0.46686   4.36862   1.00000  
439  0.0001  11677.366274  x:  2.37205  50.00000   3.14667  28.18428   0.00000   5.83980  16.16776  10.17800  13.87381   0.51539   0.33687   0.09707   0.00000   0.04756   0.33708   0.24037   0.44198   0.41686   0.19401   0.14424   0.17383   0.84913   0.00000   0.05144   0.68991   0.00000   1.68338   0.03410   0.54743   0.11198   0.16786   0.26855   0.46602   0.62723   1.82404   1.13316   0.69706   0.18194   0.00000   0.07801   0.30987   1.10305   0.00000   0.91096   0.56741   1.20470   0.07695   0.08915   0.15986   1.24529   0.00000   0.50660   0.02163   0.07200   0.00000   1.03459   0.00000   0.48815   0.00000   0.44271   0.18694   0.28233   0.03797   0.07358   0.02611   0.18108   0.02433   0.22210   0.01056   0.21991   0.03624   0.01686   0.08685   0.02509   0.00000   0.00000   0.56084   0.06864   0.11302   0.01618   0.00000   0.01518   0.08236   0.03282   0.00000   0.00000   0.08963   0.17002   0.01038   0.05163   0.00000   0.01403   0.06059   0.00000   0.03368   0.00793   0.01662   0.03355   0.06093   0.04315   0.03330   0.04835   0.05849   0.00000   0.31512   0.02782   0.26741   0.00000   0.24432   0.06659   0.02863   0.00000   0.05482   0.02165   0.65458   0.06735   0.28109   0.00000   0.27490   0.02958   0.02465   0.12556   0.14925   0.20478   0.13664   0.00000   0.02512   0.00803   0.01675   0.03323   0.05842   0.02365   0.17647   0.00000   0.29248   0.15471   0.00000   0.00000   0.46999   0.14721   0.04684   2.38461   7.35062   3.48236   1.92310   3.25415   0.45509   0.93946   1.50482   0.00000   6.31621   3.36272   1.82648   0.99282   0.46686   4.36864   1.00000  
440  0.0002  11677.366274  x:  2.37204  50.00000   3.14670  28.18427   0.00000   5.83979  16.16775  10.17800  13.87381   0.51539   0.33687   0.09707   0.00000   0.04756   0.33708   0.24037   0.44198   0.41686   0.19401   0.14424   0.17383   0.84913   0.00000   0.05144   0.68990   0.00000   1.68338   0.03410   0.54743   0.11198   0.16786   0.26855   0.46602   0.62723   1.82404   1.13316   0.69706   0.18194   0.00000   0.07801   0.30987   1.10305   0.00000   0.91096   0.56741   1.20470   0.07695   0.08915   0.15986   1.24529   0.00000   0.50660   0.02163   0.07200   0.00000   1.03459   0.00000   0.48815   0.00000   0.44271   0.18694   0.28233   0.03797   0.07358   0.02611   0.18108   0.02433   0.22210   0.01056   0.21991   0.03624   0.01686   0.08685   0.02509   0.00000   0.00000   0.56084   0.06864   0.11302   0.01618   0.00000   0.01518   0.08236   0.03282   0.00000   0.00000   0.08963   0.17002   0.01038   0.05163   0.00000   0.01403   0.06059   0.00000   0.03368   0.00793   0.01662   0.03355   0.06093   0.04315   0.03330   0.04835   0.05849   0.00000   0.31512   0.02782   0.26741   0.00000   0.24432   0.06659   0.02863   0.00000   0.05482   0.02165   0.65458   0.06735   0.28109   0.00000   0.27490   0.02958   0.02465   0.12556   0.14925   0.20478   0.13664   0.00000   0.02512   0.00803   0.01675   0.03323   0.05842   0.02365   0.17647   0.00000   0.29248   0.15471   0.00000   0.00000   0.47000   0.14721   0.04684   2.38460   7.35063   3.48236   1.92311   3.25416   0.45509   0.93946   1.50482   0.00000   6.31625   3.36272   1.82648   0.99282   0.46686   4.36863   1.00000  