,Residue_Position,Mean_Lis,Max_Lis,Mean_cLis,Max_cLis
0,N319,0.012539682539682491,0.0466666666666666,0.0,0.0
1,P320,0.030776439089692055,0.175,0.0,0.0
2,S321,0.03252075919335701,0.1716666666666667,0.0133333333333333,0.0133333333333333
3,A322,0.09609195402298845,0.2699999999999999,0.049285714285714245,0.1483333333333333
4,L323,0.4195568400770713,0.5783333333333334,0.0,0.0
5,P324,0.4390086206896551,0.5666666666666667,0.3314285714285714,0.5566666666666668
6,H325,0.47384578544061295,0.6116666666666667,0.3134722222222222,0.5700000000000001
7,K326,0.5527586206896551,0.7,0.43472222222222223,0.67
8,L327,0.5296001926782273,0.6666666666666667,0.1183333333333333,0.1183333333333333
9,R328,0.4748802681992337,0.6,0.0975,0.1
10,I329,0.39696926032660895,0.5216666666666667,0.2808333333333333,0.5033333333333333
11,K330,0.36753140096618353,0.4883333333333334,0.22375,0.355
12,A331,0.43659922928709055,0.5766666666666665,0.0,0.0
13,K332,0.2436842105263158,0.445,0.057777777777777706,0.0599999999999999
14,A333,0.13471385542168668,0.2616666666666666,0.05166666666666662,0.1216666666666666
15,M334,0.10100917431192656,0.25,0.0,0.0
16,Q335,0.08701366982124076,0.245,0.0,0.0
17,V336,0.008148148148148102,0.0483333333333333,0.0116666666666666,0.0116666666666666
18,K337,0.0066666666666666,0.0099999999999999,0.0,0.0
19,V338,0.0044444444444444,0.0083333333333333,0.0,0.0
