,Residue_Position,Mean_Lis,Max_Lis,Mean_cLis,Max_cLis
0,E298,0.008176470588235259,0.021,0.0,0.0
1,T299,0.007216049382715999,0.0248333333333333,0.0,0.0
2,V300,0.03252218782249738,0.1278333333333333,0.04406666666666662,0.0961666666666666
3,L301,0.24929010566762722,0.3329999999999999,0.0,0.0
4,P302,0.15772302504816954,0.2568333333333333,0.08784999999999996,0.177
5,I303,0.27151392891450526,0.3773333333333333,0.10907142857142856,0.245
6,K304,0.31995389048991346,0.4465,0.14560606060606057,0.3446666666666666
7,K305,0.3843395773294909,0.4973333333333333,0.10729166666666665,0.1906666666666666
8,R306,0.3441440922190201,0.4278333333333333,0.10141666666666661,0.1721666666666666
9,K307,0.17406454720616565,0.258,0.06765624999999995,0.1691666666666666
10,T308,0.07505294117647054,0.1991666666666666,0.03668749999999995,0.0858333333333333
11,R309,0.10748639455782309,0.2263333333333333,0.047,0.047
12,E310,0.020156318082788623,0.088,0.032374999999999945,0.0431666666666666
13,T311,0.006455555555555506,0.0235,0.0,0.0
