,Residue_Position,Mean_Lis,Max_Lis,Mean_cLis,Max_cLis
0,E171,0.01263333333333328,0.0334999999999999,0.0,0.0
1,F173,0.07176190476190471,0.1338333333333333,0.05633333333333326,0.1058333333333333
2,I174,0.0143333333333333,0.0143333333333333,0.0143333333333333,0.0143333333333333
3,G189,0.0003333333333333,0.0003333333333333,0.0,0.0
4,D227,0.022404761904761854,0.0701666666666666,0.014416666666666649,0.026
5,T229,0.07738095238095233,0.1428333333333333,0.049733333333333275,0.0979999999999999
6,Y245,0.03629999999999998,0.076,0.0111666666666666,0.0111666666666666
7,P268,0.0518333333333333,0.0538333333333333,0.0,0.0
8,F270,0.05964583333333329,0.1328333333333332,0.04595833333333325,0.1328333333333332
9,A271,0.01,0.01,0.0,0.0
10,L312,0.028666666666666632,0.0655,0.026499999999999968,0.0655
11,D313,0.0211666666666666,0.0211666666666666,0.0023333333333333,0.0023333333333333
12,T327,0.01074999999999995,0.0123333333333333,0.0,0.0
13,E351,0.04543333333333332,0.1031666666666667,0.0309999999999999,0.0309999999999999
14,N353,0.055833333333333277,0.1004999999999999,0.039111111111111034,0.0994999999999999
15,A354,0.0008333333333333,0.0008333333333333,0.0,0.0
16,D369,0.0713333333333333,0.1093333333333333,0.0,0.0
17,E393,0.0013333333333333,0.0013333333333333,0.0,0.0
18,Y395,0.06156249999999996,0.1485,0.04294444444444437,0.0766666666666666
19,T396,0.0004999999999999,0.0004999999999999,0.0,0.0
20,F420,0.004611111111111034,0.0071666666666666,0.0071666666666666,0.0071666666666666
21,P444,0.00699999999999995,0.0081666666666666,0.0,0.0
22,Y446,0.05997619047619041,0.1356666666666666,0.02811111111111107,0.068
23,F462,0.01058333333333325,0.0116666666666666,0.005249999999999949,0.0094999999999999
24,F487,0.04819444444444438,0.0841666666666666,0.032999999999999974,0.0703333333333333
25,S503,0.0021666666666665998,0.0029999999999999,0.0,0.0
